Bereich	Zugänge_kg	Bewegungen_kg	Differenz_kg	NETTO_kg	Kategorie
DEBOXWIP	39.00	2842806.74	-2842767.74	-2842767.74	Prep/Plating
UNBEKANNT	213006.00	0.00	213006.00	213006.00	Andere
STGDR-85	133112.00	0.00	133112.00	133112.00	Lager
FAHABAYEBM	120000.00	0.00	120000.00	120000.00	Andere
PLH-02-15	236009.00	118000.00	118009.00	118009.00	Fulfillment
PLH-02-16	120185.00	60097.00	60088.00	60088.00	Fulfillment
FAWAHIDM	49435.50	0.00	49435.50	49435.50	Andere
A-02-64-2	40000.00	0.00	40000.00	40000.00	Andere
FAELMIE	32208.00	0.00	32208.00	32208.00	Andere
FAFURMANNB	18269.00	0.00	18269.00	18269.00	Andere
FASCHRADERS	17114.00	0.00	17114.00	17114.00	Andere
FAWIEGHOLDD	14592.00	0.00	14592.00	14592.00	Andere
STGDR-30	14320.00	0.00	14320.00	14320.00	Lager
STGDR-27	14006.00	0.00	14006.00	14006.00	Lager
FASADEKM	13934.00	0.00	13934.00	13934.00	Andere
PLATING-LINE-01	11040.00	0.00	11040.00	11040.00	Prep/Plating
STGDR-29	10523.00	0.00	10523.00	10523.00	Lager
ADJ LOC	7140.00	0.00	7140.00	7140.00	Andere
PREB-01	6353.00	130.00	6223.00	6223.00	Prep/Plating
VF-LINE-02	6146.00	0.00	6146.00	6146.00	Fulfillment
PostB-01	6070.00	0.00	6070.00	6070.00	Prep/Plating
FAFERMAND	5819.00	0.00	5819.00	5819.00	Andere
PLATING-LINE-03	4643.00	0.00	4643.00	4643.00	Prep/Plating
PROD RTN	3875.00	0.00	3875.00	3875.00	Andere
LOST	3251.00	0.00	3251.00	3251.00	Andere
FAFRANKENT	3216.00	0.00	3216.00	3216.00	Andere
FARIVERAZVF	2898.00	0.00	2898.00	2898.00	Andere
FAGEVERSF	2688.00	0.00	2688.00	2688.00	Andere
STGDR-28	2516.00	0.00	2516.00	2516.00	Lager
FAIZAREAN	2380.00	0.00	2380.00	2380.00	Andere
PH-03-19	1536.00	0.00	1536.00	1536.00	Andere
SLEEVING	1444.00	0.00	1444.00	1444.00	Prep/Plating
GERMANY	1338.00	0.00	1338.00	1338.00	Andere
FATRAOREDA	1194.00	0.00	1194.00	1194.00	Andere
BULKLIQUID	1111.19	0.00	1111.19	1111.19	Andere
FAMOHAMMADA	1029.00	0.00	1029.00	1029.00	Andere
FAHANSENMA	809.00	0.00	809.00	809.00	Andere
PH-02-01	0.00	809.00	-809.00	-809.00	Andere
PH-03-24	768.00	0.00	768.00	768.00	Andere
PH-03-22	768.00	0.00	768.00	768.00	Andere
PH-03-18	768.00	0.00	768.00	768.00	Andere
PH-03-10	768.00	0.00	768.00	768.00	Andere
PH-03-12	768.00	0.00	768.00	768.00	Andere
PLH-02-07	31700.00	31132.00	568.00	568.00	Fulfillment
A-01-04-1	540.00	0.00	540.00	540.00	Andere
PLATING-LINE-02	512.00	0.00	512.00	512.00	Prep/Plating
FASAUERJ	468.00	0.00	468.00	468.00	Andere
PH-03-15	432.00	0.00	432.00	432.00	Andere
FALUHRSP	410.00	0.00	410.00	410.00	Andere
A-01-10-1	400.00	0.00	400.00	400.00	Andere
A-01-13-1	400.00	0.00	400.00	400.00	Andere
A-01-14-1	400.00	0.00	400.00	400.00	Andere
A-01-15-1	400.00	0.00	400.00	400.00	Andere
A-01-16-1	400.00	0.00	400.00	400.00	Andere
A-01-17-1	400.00	0.00	400.00	400.00	Andere
A-01-19-1	400.00	0.00	400.00	400.00	Andere
PH-03-20	384.00	0.00	384.00	384.00	Andere
PH-03-06	384.00	0.00	384.00	384.00	Andere
PRODUCTION	384.00	0.00	384.00	384.00	Andere
PH-03-23	384.00	0.00	384.00	384.00	Andere
PH-03-05	384.00	0.00	384.00	384.00	Andere
A-02-87-1	558.00	186.00	372.00	372.00	Andere
A-02-71-1	372.00	0.00	372.00	372.00	Andere
A-02-72-1	372.00	0.00	372.00	372.00	Andere
A-02-73-1	372.00	0.00	372.00	372.00	Andere
A-02-85-1	372.00	0.00	372.00	372.00	Andere
A-02-86-1	372.00	0.00	372.00	372.00	Andere
FAMOHAMMEDA	330.00	0.00	330.00	330.00	Andere
P-04-04-1	330.00	0.00	330.00	330.00	Andere
VF-LINE-01	290.00	0.00	290.00	290.00	Fulfillment
PLH-04-03	269.00	0.00	269.00	269.00	Fulfillment
A-02-74-1	264.00	0.00	264.00	264.00	Andere
A-02-75-1	264.00	0.00	264.00	264.00	Andere
PLH-02-02	455.00	240.00	215.00	215.00	Fulfillment
PLH-04-02	210.00	0.00	210.00	210.00	Fulfillment
GC-03-11-1	200.00	0.00	200.00	200.00	Andere
GC-03-13-1	200.00	0.00	200.00	200.00	Andere
GC-03-18-1	194.81	0.00	194.81	194.81	Andere
A-02-98-2	192.00	0.00	192.00	192.00	Andere
A-02-103-1	192.00	0.00	192.00	192.00	Andere
A-02-104-1	192.00	0.00	192.00	192.00	Andere
A-02-114-1	186.00	0.00	186.00	186.00	Andere
A-01-06-1	180.00	0.00	180.00	180.00	Andere
A-01-07-1	180.00	0.00	180.00	180.00	Andere
A-01-05-1	180.00	0.00	180.00	180.00	Andere
A-01-03-1	180.00	0.00	180.00	180.00	Andere
A-01-08-1	0.00	180.00	-180.00	-180.00	Andere
PLH-02-01	398.00	226.00	172.00	172.00	Fulfillment
PLH-04-09	291.00	141.00	150.00	150.00	Fulfillment
GC-03-19-1	135.00	0.00	135.00	135.00	Andere
SPI-WINDOW	131.50	0.00	131.50	131.50	Andere
PLH-01-09	126.00	0.00	126.00	126.00	Fulfillment
PLH-03-01	253.00	133.00	120.00	120.00	Fulfillment
PLH-02-13	141.00	23.00	118.00	118.00	Fulfillment
GC-02-23-1	100.00	0.00	100.00	100.00	Andere
A-02-100-2	96.00	0.00	96.00	96.00	Andere
A-02-108-1	96.00	0.00	96.00	96.00	Andere
PLH-01-11	95.00	0.00	95.00	95.00	Fulfillment
PLH-01-13	209.00	115.00	94.00	94.00	Fulfillment
PLH-01-14	126.00	33.00	93.00	93.00	Fulfillment
PLH-02-10	184.00	92.00	92.00	92.00	Fulfillment
PLH-02-14	145.00	53.00	92.00	92.00	Fulfillment
PLH-01-12	84.00	0.00	84.00	84.00	Fulfillment
PLH-02-09	276.00	193.00	83.00	83.00	Fulfillment
PLH-03-05	82.00	0.00	82.00	82.00	Fulfillment
FACHIRANI	80.00	0.00	80.00	80.00	Fulfillment
GC-02-18-1	80.00	0.00	80.00	80.00	Andere
PLH-04-10	254.00	175.00	79.00	79.00	Fulfillment
PLH-02-05	230.00	160.00	70.00	70.00	Fulfillment
PLH-01-03	295.00	227.00	68.00	68.00	Fulfillment
PLH-01-06	178.00	113.00	65.00	65.00	Fulfillment
FARIVERAZ	64.00	0.00	64.00	64.00	Andere
PLH-04-04	64.00	0.00	64.00	64.00	Fulfillment
PLH-01-08	112.00	54.00	58.00	58.00	Fulfillment
PLH-01-16	114.00	169.00	-55.00	-55.00	Fulfillment
GC-03-20-1	52.98	0.00	52.98	52.98	Andere
FACAPK	51.50	0.00	51.50	51.50	Fulfillment
PLH-01-07	147.00	100.00	47.00	47.00	Fulfillment
PLH-01-04	156.00	110.00	46.00	46.00	Fulfillment
FADKLOMP	31.00	0.00	31.00	31.00	Andere
PLH-01-05	123.00	93.00	30.00	30.00	Fulfillment
GC-02-01-1	30.00	0.00	30.00	30.00	Andere
D-06-47-2	30.00	0.00	30.00	30.00	Andere
PLH-01-10	58.00	34.00	24.00	24.00	Fulfillment
PLH-04-01	120.00	99.00	21.00	21.00	Fulfillment
D-06-16-1	20.00	0.00	20.00	20.00	Andere
GC-02-19-1	20.00	0.00	20.00	20.00	Andere
D-06-48-3	20.00	0.00	20.00	20.00	Andere
PLH-02-03	256.00	273.00	-17.00	-17.00	Fulfillment
D-06-04-2	10.00	0.00	10.00	10.00	Andere
D-06-37-3	10.00	0.00	10.00	10.00	Andere
FAMATIKT	10.00	0.00	10.00	10.00	Andere
D-06-48-2	10.00	0.00	10.00	10.00	Andere
D-06-40-2	10.00	0.00	10.00	10.00	Andere
D-06-42-3	10.00	0.00	10.00	10.00	Andere
FADIKELISA	9.00	0.00	9.00	9.00	Andere
FH-01-01	0.00	9.00	-9.00	-9.00	Andere
D-06-15-2	9.00	0.00	9.00	9.00	Andere
PLATINGWIP	3.01	0.00	3.01	3.01	Prep/Plating
D-06-14-1	2.50	0.00	2.50	2.50	Andere
VEGGIE	2.00	0.00	2.00	2.00	Fulfillment
PLSTG-01	0.03	0.00	0.03	0.03	Andere
SP-02-03-3	0.00	0.00	0.00	0.00	Andere
SP-01-01-1	0.00	0.00	0.00	0.00	Andere
PLSTG-03	0.00	0.00	0.00	0.00	Andere
SP-01-01-2	0.00	0.00	0.00	0.00	Andere
PLSTG-02	0.00	0.00	0.00	0.00	Andere
SP-01-02-3	0.00	0.00	0.00	0.00	Andere
SP-02-01-3	0.00	0.00	0.00	0.00	Andere
SP-02-04-2	0.00	0.00	0.00	0.00	Andere
SP-02-06-3	0.00	0.00	0.00	0.00	Andere
SP-02-02-2	0.00	0.00	0.00	0.00	Andere
SP-02-06-2	0.00	0.00	0.00	0.00	Andere
SP-01-06-1	0.00	0.00	0.00	0.00	Andere
PLH-02-06	269.00	269.00	0.00	0.00	Fulfillment
PLH-04-14	71.00	71.00	0.00	0.00	Fulfillment
PLH-01-15	196.00	196.00	0.00	0.00	Fulfillment
PLH-04-13	35.00	35.00	0.00	0.00	Fulfillment
A-01-14-2	0.00	0.00	0.00	0.00	Andere
A-01-20-1	0.00	0.00	0.00	0.00	Andere
A-01-23-1	0.00	0.00	0.00	0.00	Andere
A-01-24-1	0.00	0.00	0.00	0.00	Andere
A-01-25-1	0.00	0.00	0.00	0.00	Andere
A-01-26-1	0.00	0.00	0.00	0.00	Andere
A-01-27-1	0.00	0.00	0.00	0.00	Andere
A-01-28-1	0.00	0.00	0.00	0.00	Andere
A-01-29-1	0.00	0.00	0.00	0.00	Andere
A-01-34-1	0.00	0.00	0.00	0.00	Andere
A-01-35-1	400.00	400.00	0.00	0.00	Andere
A-01-36-1	0.00	0.00	0.00	0.00	Andere
A-01-37-1	0.00	0.00	0.00	0.00	Andere
A-01-39-1	0.00	0.00	0.00	0.00	Andere
A-01-38-1	0.00	0.00	0.00	0.00	Andere
FH-01-04	0.00	0.00	0.00	0.00	Andere
PLH-02-08	198.00	198.00	0.00	0.00	Fulfillment
PLH-04-05	64.00	64.00	0.00	0.00	Fulfillment
PLH-04-15	85.00	85.00	0.00	0.00	Fulfillment
GC-02-04-2	9.00	9.00	0.00	0.00	Andere
PLH-02-11	350.00	350.00	0.00	0.00	Fulfillment
PLH-02-12	389.00	389.00	0.00	0.00	Fulfillment
PLH-04-16	58.00	58.00	0.00	0.00	Fulfillment
A-01-09-1	0.00	0.00	0.00	0.00	Andere
A-01-11-1	0.00	0.00	0.00	0.00	Andere
A-01-21-1	0.00	0.00	0.00	0.00	Andere
A-01-22-1	0.00	0.00	0.00	0.00	Andere
PLH-04-11	56.00	56.00	0.00	0.00	Fulfillment
PLH-04-12	39.00	39.00	0.00	0.00	Fulfillment
PLH-01-02	0.00	0.00	0.00	0.00	Fulfillment
A-01-03-2	0.00	0.00	0.00	0.00	Andere
A-01-02-2	0.00	0.00	0.00	0.00	Andere
