"","","","F&F (Emp) Starts","F&F Starts","","Paid Marketing Starts(NL)","","Paid Marketing Starts(BE)","<< Dutch Regions only","","","","","","","","","","","","","","","","","","","","","","","","","","","","","","","","","","","","","","","","","","","","","","","","","","","","","","","","","","","","","","","","","","","","","","","","","","","","","","","","","","","","","","","","","","","","","","","","","","","","","","","","","","","","","","","","","","","","","","","","","","","","","","","","","","","","","","","","","","","","","","","","","","","","","","","","",""
"","HF Week","","W27","W28","W29","W30","W31","W32","W33","W34","W35","W36","W37","W38","W39","W40","W41","W42","W43","W44","W45","W46","W47","W48","W49","W50","W51","W52","W01","W02","W03","W04","W05","W06","W07","W08","W09","W10","W11","W12","W13","W14","W15","W16","W17","W18","W19","W20","W21","W22","W23","W24","W25","W26","W27","W28","W29","W30","W31","W32","W33","W34","W35","W36","W37","W38","W39","W40","W41","W42","W43","W44","W45","W46","W47","W48","W49","W50","W51","W52","W01","W02","W03","W04","W05","W06","W07","W08","W09","W10","W11","W12","W13","W14","W15","W16","W17","W18","W19","W20","W21","W22","W23","W24","W25","W26","W27","W28","","","","","","","","","","","","","","","","","","","","","","","","","","","","","","","","","","","","","","","","","","","","","","","","","","","","","",""
"","Order Cutoff Date (Weds 11:59 pm)","","28-Jun-2023","5-Jul-2023","12-Jul-2023","19-Jul-2023","26-Jul-2023","2-Aug-2023","9-Aug-2023","16-Aug-2023","23-Aug-2023","30-Aug-2023","6-Sep-2023","13-Sep-2023","20-Sep-2023","27-Sep-2023","4-Oct-2023","11-Oct-2023","18-Oct-2023","25-Oct-2023","1-Nov-2023","8-Nov-2023","15-Nov-2023","22-Nov-2023","29-Nov-2023","6-Dec-2023","13-Dec-2023","20-Dec-2023","27-Dec-2023","3-Jan-2024","10-Jan-2024","17-Jan-2024","24-Jan-2024","31-Jan-2024","7-Feb-2024","14-Feb-2024","21-Feb-2024","28-Feb-2024","6-Mar-2024","13-Mar-2024","20-Mar-2024","27-Mar-2024","3-Apr-2024","10-Apr-2024","17-Apr-2024","24-Apr-2024","1-May-2024","8-May-2024","15-May-2024","22-May-2024","29-May-2024","5-Jun-2024","12-Jun-2024","19-Jun-2024","26-Jun-2024","3-Jul-2024","10-Jul-2024","17-Jul-2024","24-Jul-2024","31-Jul-2024","7-Aug-2024","14-Aug-2024","21-Aug-2024","28-Aug-2024","4-Sep-2024","11-Sep-2024","18-Sep-2024","25-Sep-2024","2-Oct-2024","9-Oct-2024","16-Oct-2024","23-Oct-2024","30-Oct-2024","6-Nov-2024","13-Nov-2024","20-Nov-2024","27-Nov-2024","4-Dec-2024","11-Dec-2024","18-Dec-2024","22-Dec-2024","29-Dec-2024","8-Jan-2025","15-Jan-2025","22-Jan-2025","29-Jan-2025","5-Feb-2025","12-Feb-2025","19-Feb-2025","26-Feb-2025","5-Mar-2025","12-Mar-2025","19-Mar-2025","26-Mar-2025","2-Apr-2025","9-Apr-2025","16-Apr-2025","23-Apr-2025","30-Apr-2025","7-May-2025","14-May-2025","21-May-2025","28-May-2025","4-Jun-2025","11-Jun-2025","18-Jun-2025","25-Jun-2025","2-Jul-2025","","","","","","","","","","","","","","","","","","","","","","","","","","","","","","","","","","","","","","","","","","","","","","","","","","","","","",""
"","First Delivery Day (Sunday)","","2-Jul-2023","9-Jul-2023","16-Jul-2023","23-Jul-2023","30-Jul-2023","6-Aug-2023","13-Aug-2023","20-Aug-2023","27-Aug-2023","3-Sep-2023","10-Sep-2023","17-Sep-2023","24-Sep-2023","1-Oct-2023","8-Oct-2023","15-Oct-2023","22-Oct-2023","29-Oct-2023","5-Nov-2023","12-Nov-2023","19-Nov-2023","26-Nov-2023","3-Dec-2023","10-Dec-2023","17-Dec-2023","24-Dec-2023","31-Dec-2023","7-Jan-2024","14-Jan-2024","21-Jan-2024","28-Jan-2024","4-Feb-2024","11-Feb-2024","18-Feb-2024","25-Feb-2024","3-Mar-2024","10-Mar-2024","17-Mar-2024","24-Mar-2024","31-Mar-2024","7-Apr-2024","14-Apr-2024","21-Apr-2024","28-Apr-2024","5-May-2024","12-May-2024","19-May-2024","26-May-2024","2-Jun-2024","9-Jun-2024","16-Jun-2024","23-Jun-2024","30-Jun-2024","7-Jul-2024","14-Jul-2024","21-Jul-2024","28-Jul-2024","4-Aug-2024","11-Aug-2024","18-Aug-2024","25-Aug-2024","1-Sep-2024","8-Sep-2024","15-Sep-2024","22-Sep-2024","29-Sep-2024","6-Oct-2024","13-Oct-2024","20-Oct-2024","27-Oct-2024","3-Nov-2024","10-Nov-2024","17-Nov-2024","24-Nov-2024","1-Dec-2024","8-Dec-2024","15-Dec-2024","22-Dec-2024","29-Dec-2024","5-Jan-2025","12-Jan-2025","19-Jan-2025","26-Jan-2025","2-Feb-2025","9-Feb-2025","16-Feb-2025","23-Feb-2025","2-Mar-2025","9-Mar-2025","16-Mar-2025","23-Mar-2025","30-Mar-2025","6-Apr-2025","13-Apr-2025","20-Apr-2025","27-Apr-2025","4-May-2025","11-May-2025","18-May-2025","25-May-2025","1-Jun-2025","8-Jun-2025","15-Jun-2025","22-Jun-2025","29-Jun-2025","6-Jul-2025","","","","","","","","","","","","","","","","","","","","","","","","","","","","","","","","","","","","","","","","","","","","","","","","","","","","","",""
"","Total Meals","","626","901","657","1384","1641","2918","3452","4670","6059","6917","7753","8531","9559","10147","11140","12276","12763","12925","13831","13635","13589","12972","11918","12188","10633","5435","5796","9904","14101","17468","20787","22750","23854","24953","26682","28988","29503","28788","29572","28377","30313","32540","33401","33323","33863","37643","38911","41881","44870","48344","46830","43510","43118","45455","43401","42323","41467","44729","46687","47146","48496","52519","58077","58968","60021","66741","66841","65671","64931","67311","78715","76309","71621","73421","68953","64977","58975","33036","40758","60518","83674","87885","88498","91352","90817","92414","93898","89147","90180","85384","83434","78288","82904","73629","67245","70286","74117","77231","75345","72174","73981","75291","75468","71804","71105","72521","","","","","","","","","","","","","","","","","","","","","","","","","","","","","","","","","","","","","","","","","","","","","","","","","","","","","",""
"","Boxes - DE","","","","","","","","","","","","","","","","","","","","","","","","","","","","","","","","","","","","","","","","","","","","","","","","","","","","","","","","","","","","","","","","","","","","","","","782","1,812","1,476","1,314","1,334","1,147","1,097","1,059","550","590","1,189","2,035","2,213","2,327","2,553","2,551","2,774","2,961","2,844","2,969","2,851","2,681","2,604","2,779","2,487","2,041","2,295","2,441","2,569","2,618","2,481","2,524","2,517","2,594","2,520","2,727","2,878","2,923","2,844","2,884","3,026","2,928","2,840","2,811","2,913","3,176","3,287","3,448","3,521","3,400","3,261","3,259","3,215","3,374","3,514","3,288","3,171","3,146","2,970","2,551","1,523","1,638","2,271","2,920","3,210","3,235","3,455","3,507","3,423","3,351","3,396","3,323","3,159","3,025","2,731","2,437","2,974","2,964","","","","","","","","","","","","",""
"","Meals - DE","","","","","","","","","","","","","","","","","","","","","","","","","","","","","","","","","","","","","","","","","","","","","","","","","","","","","","","","","","","","","","","","","","","","","","","4770","12,032","9,446","8,410","9,056","8,029","7,789","7,731","4,070","4,248","8,632","16,077","17,970","18,593","20,424","20,714","22,192","23,984","22,951","23,880","22779","21582","21144","22510","19821","16471","18291","19387","20809","21120","20121","20394","20514","21167","20437","20366","21754","21852","21330","21452","22823","21971","21211","20995","21671","23725","24554","25731","26277","27914","26512","26496","26106","27296","28393","26955","25368","24885","23493","20357","12473","13120","18009","23886","26001","26398","28331","28372","27692","26774","27372","26621","25335","24019","21930","19545","23405","23682","","","","","","","","","","","","",""
"","WoW Growth","","0%","30.56%","-37.22%","52.58%","15.62%","43.78%","15.48%","26.08%","22.91%","12.40%","10.78%","9.13%","10.75%","5.80%","8.92%","9.25%","3.81%","1.26%","6.55%","-1.44%","-0.34%","-4.75%","-8.85%","2.22%","-14.62%","-95.65%","6.23%","41.48%","29.76%","19.27%","15.97%","8.63%","4.63%","4.40%","6.48%","7.96%","1.75%","-2.49%","2.65%","-4.21%","6.39%","6.84%","2.58%","-0.23%","1.59%","10.04%","3.26%","7.09%","6.66%","7.19%","-3.23%","-7.63%","-0.91%","5.14%","-4.73%","-2.55%","-2.06%","7.29%","4.19%","0.97%","2.78%","7.66%","9.57%","1.51%","1.75%","10.07%","0.15%","-1.78%","-1.14%","3.54%","14.49%","-3.15%","-6.55%","2.45%","-6.48%","-6.12%","-10.18%","-78.52%","18.95%","32.65%","27.67%","4.79%","0.69%","3.12%","-0.59%","","","","","","","","","","","","","","","","","","","","","","","","","","","","","","","","","","","","","","","","","","","","","","","","","","","","","","","","","","","","","","","","","","","","","","","","","","",""
"","","","","","","","","","","","","","","","","","","","","","","","","","","","","","","","","","","","","","","","","","","","","","","","","","","","","","","","","","","","","","","","","","","","","","","","","","","","","","","","","","","","","","","","","","","","","","","","","","","","","","","","","","","","","","","","","","","","","","","","","","","","","","","","","","","","","","","","","","","","","","","","","","","","","","","","","","","","","","","","","","",""
"","","","W27","W28","W29","W30","W31","W32","W33","W34","W35","W36","W37","W38","W39","W40","W41","W42","W43","W44","W45","W46","W47","W48","W49","W50","W51","W52","W01","W02","W03","W04","W05","W06","W07","W08","W09","W10","W11","W12","W13","W14","W15","W16","W17","W18","W19","W20","W21","W22","W23","W24","W25","W26","W27","W28","W29","W30","W31","W32","W33","W34","W35","W36","W37","W38","W39","W40","W41","W42","W43","W44","W45","W46","W47","W48","W49","W50","W51","W52","W01","W02","W03","W04","W05","W06","W07","W08","W09","W10","W11","W12","W13","W14","W15","W16","W17","W18","W19","W20","W21","W22","W23","W24","W25","W26","W27","W28","","","","","","","","","","","","","","","","","","","","","","","","","","","","","","","","","","","","","","","","","","","","","","","","","","","","","",""
"","","","28-Jun-2023","5-Jul-2023","12-Jul-2023","19-Jul-2023","26-Jul-2023","2-Aug-2023","9-Aug-2023","16-Aug-2023","23-Aug-2023","30-Aug-2023","6-Sep-2023","13-Sep-2023","20-Sep-2023","27-Sep-2023","4-Oct-2023","11-Oct-2023","18-Oct-2023","25-Oct-2023","1-Nov-2023","8-Nov-2023","15-Nov-2023","22-Nov-2023","29-Nov-2023","6-Dec-2023","13-Dec-2023","20-Dec-2023","27-Dec-2023","3-Jan-2024","10-Jan-2024","17-Jan-2024","24-Jan-2024","31-Jan-2024","7-Feb-2024","14-Feb-2024","21-Feb-2024","28-Feb-2024","6-Mar-2024","13-Mar-2024","20-Mar-2024","27-Mar-2024","3-Apr-2024","10-Apr-2024","17-Apr-2024","24-Apr-2024","1-May-2024","8-May-2024","15-May-2024","22-May-2024","29-May-2024","5-Jun-2024","12-Jun-2024","19-Jun-2024","26-Jun-2024","3-Jul-2024","10-Jul-2024","17-Jul-2024","24-Jul-2024","31-Jul-2024","7-Aug-2024","14-Aug-2024","21-Aug-2024","28-Aug-2024","4-Sep-2024","11-Sep-2024","18-Sep-2024","25-Sep-2024","2-Oct-2024","9-Oct-2024","16-Oct-2024","23-Oct-2024","30-Oct-2024","6-Nov-2024","13-Nov-2024","20-Nov-2024","27-Nov-2024","4-Dec-2024","11-Dec-2024","18-Dec-2024","22-Dec-2024","29-Dec-2024","8-Jan-2025","15-Jan-2025","22-Jan-2025","29-Jan-2025","5-Feb-2025","12-Feb-2025","19-Feb-2025","26-Feb-2025","5-Mar-2025","12-Mar-2025","19-Mar-2025","26-Mar-2025","2-Apr-2025","9-Apr-2025","16-Apr-2025","23-Apr-2025","30-Apr-2025","7-May-2025","14-May-2025","21-May-2025","28-May-2025","4-Jun-2025","11-Jun-2025","18-Jun-2025","25-Jun-2025","2-Jul-2025","","","","","","","","","","","","","","","","","","","","","","","","","","","","","","","","","","","","","","","","","","","","","","","","","","","","","",""
"","","","2-Jul-2023","9-Jul-2023","16-Jul-2023","23-Jul-2023","30-Jul-2023","6-Aug-2023","13-Aug-2023","20-Aug-2023","27-Aug-2023","3-Sep-2023","10-Sep-2023","17-Sep-2023","24-Sep-2023","1-Oct-2023","8-Oct-2023","15-Oct-2023","22-Oct-2023","29-Oct-2023","5-Nov-2023","12-Nov-2023","19-Nov-2023","26-Nov-2023","3-Dec-2023","10-Dec-2023","17-Dec-2023","24-Dec-2023","31-Dec-2023","7-Jan-2024","14-Jan-2024","21-Jan-2024","28-Jan-2024","4-Feb-2024","11-Feb-2024","18-Feb-2024","25-Feb-2024","3-Mar-2024","10-Mar-2024","17-Mar-2024","24-Mar-2024","31-Mar-2024","7-Apr-2024","14-Apr-2024","21-Apr-2024","28-Apr-2024","5-May-2024","12-May-2024","19-May-2024","26-May-2024","2-Jun-2024","9-Jun-2024","16-Jun-2024","23-Jun-2024","30-Jun-2024","7-Jul-2024","14-Jul-2024","21-Jul-2024","28-Jul-2024","4-Aug-2024","11-Aug-2024","18-Aug-2024","25-Aug-2024","1-Sep-2024","8-Sep-2024","15-Sep-2024","22-Sep-2024","29-Sep-2024","6-Oct-2024","13-Oct-2024","20-Oct-2024","27-Oct-2024","3-Nov-2024","10-Nov-2024","17-Nov-2024","24-Nov-2024","1-Dec-2024","8-Dec-2024","15-Dec-2024","22-Dec-2024","29-Dec-2024","5-Jan-2025","12-Jan-2025","19-Jan-2025","26-Jan-2025","2-Feb-2025","9-Feb-2025","16-Feb-2025","23-Feb-2025","2-Mar-2025","9-Mar-2025","16-Mar-2025","23-Mar-2025","30-Mar-2025","6-Apr-2025","13-Apr-2025","20-Apr-2025","27-Apr-2025","4-May-2025","11-May-2025","18-May-2025","25-May-2025","1-Jun-2025","8-Jun-2025","15-Jun-2025","22-Jun-2025","29-Jun-2025","6-Jul-2025","","","","","","","","","","","","","","","","","","","","","","","","","","","","","","","","","","","","","","","","","","","","","","","","","","","","","",""
"","","","#REF!","","","","","","","","","","","","","","","","","","","","","","","","","","","","","","","","","","","","","","","","","","","","","","","","","","","","","","","","","","","","","","","","","","","","","94.25%","83.00%","85.98%","86.15%","76.01%","70.71%","67.18%","61.00%","56.28%","56.28%","52.36%","45.45%","41.98%","44.69%","44.93%","41.43%","44.52%","43.06%","43.64%","43.64%","44.93%","44.01%","43.20%","43.43%","44.87%","42.23%","44.92%","45.51%","43.36%","44.16%","47.20%","48.22%","47.24%","48.00%","48.93%","52.99%","51.32%","53.20%","53.16%","53.26%","52.45%","52.73%","55.07%","55.07%","56.16%","54.63%","55.40%","55.40%","55.40%","51.74%","52.44%","52.50%","50.89%","51.27%","46.13%","46.13%","45.54%","44.56%","47.47%","48.45%","47.54%","51.16%","53.76%","49.49%","51.09%","51.53%","51.17%","52.30%","53.52%","53.83%","53.50%","53.50%","54.12%","55.07%","54.05%","54.58%","57.23%","54.95%","54.83%","56.42%","56.42%","56.42%","56.42%","56.42%","56.42%","56.42%","56.42%","56.42%","56.42%","56.42%","56.42%"
"","","","","","","","","","","","","","","","","","","","","","","","","","","","","","","","","","","","","","","","","","","","","","","","","","","","","","","","","","","","","","","","","","","","","","","","","4.60%","5.00%","10.84%","10.35%","15.82%","19.01%","20.05%","24.55%","28.05%","28.05%","28.96%","33.91%","33.03%","33.22%","32.90%","34.22%","32.41%","33.03%","33.16%","33.16%","32.94%","32.30%","32.45%","32.75%","33.45%","35.08%","33.25%","32.32%","32.89%","32.47%","27.81%","26.90%","26.74%","25.67%","25.08%","26.37%","25.75%","25.73%","25.00%","26.73%","24.92%","25.58%","22.87%","22.87%","22.00%","23.08%","22.70%","22.70%","22.70%","19.50%","19.87%","19.85%","21.56%","21.16%","24.19%","24.19%","25.10%","26.48%","24.48%","23.60%","22.59%","21.86%","20.21%","20.38%","20.12%","18.70%","19.48%","19.56%","18.43%","19.84%","18.40%","18.40%","18.65%","18.77%","18.32%","18.09%","17.61%","18.54%","18.32%","17.71%","17.71%","17.71%","17.71%","17.71%","17.71%","17.71%","17.71%","17.71%","17.71%","17.71%","17.71%"
"","","","","","","","","","","","","","","","","","","","","","","","","","","","","","","","","","","","","","","","","","","","","","","","","","","","","","","","","","","","","","","","","","","","","","","","","0.77%","10.00%","2.03%","1.90%","4.35%","4.97%","6.65%","7.65%","7.47%","7.47%","9.60%","10.12%","11.48%","10.31%","10.34%","11.05%","10.49%","10.74%","10.34%","10.34%","10.42%","11.56%","10.98%","10.47%","10.09%","10.53%","10.20%","10.57%","11.09%","10.58%","11.04%","11.17%","11.64%","11.72%","11.79%","14.92%","16.71%","15.22%","16.00%","14.84%","15.83%","15.40%","15.65%","15.65%","15.52%","16.81%","15.73%","15.73%","15.73%","12.03%","12.33%","11.94%","12.85%","12.42%","13.86%","13.86%","14.16%","13.80%","13.47%","13.68%","14.12%","13.49%","12.29%","14.28%","14.80%","14.03%","13.72%","13.46%","13.12%","12.65%","13.63%","13.63%","13.25%","13.01%","13.39%","13.42%","12.41%","12.42%","12.58%","12.45%","12.45%","12.45%","12.45%","12.45%","12.45%","12.45%","12.45%","12.45%","12.45%","12.45%","12.45%"
"","","","","","","","","","","","","","","","","","","","","","","","","","","","","","","","","","","","","","","","","","","","","","","","","","","","","","","","","","","","","","","","","","","","","","","","","0.13%","1.00%","0.75%","0.99%","1.72%","1.92%","2.28%","3.02%","3.46%","3.46%","4.04%","4.08%","6.42%","5.20%","4.50%","5.57%","5.19%","4.83%","5.10%","5.10%","4.14%","4.81%","5.30%","5.00%","4.99%","4.95%","4.92%","4.26%","5.45%","5.58%","5.88%","5.47%","5.44%","5.67%","5.91%","5.68%","6.12%","5.78%","5.80%","5.17%","6.74%","6.28%","6.37%","6.37%","6.28%","5.42%","5.66%","5.66%","5.66%","6.44%","6.04%","6.20%","6.19%","6.34%","6.63%","6.63%","6.34%","7.06%","6.26%","5.88%","6.37%","5.31%","5.28%","6.78%","4.95%","6.71%","5.64%","5.90%","5.67%","6.06%","5.80%","5.80%","5.68%","5.34%","6.09%","6.01%","5.00%","5.82%","5.47%","5.57%","5.57%","5.57%","5.57%","5.57%","5.57%","5.57%","5.57%","5.57%","5.57%","5.57%","5.57%"
"","","","","","","","","","","","","","","","","","","","","","","","","","","","","","","","","","","","","","","","","","","","","","","","","","","","","","","","","","","","","","","","","","","","","","","","","0.13%","1.00%","0.14%","0.30%","0.75%","1.39%","1.64%","1.70%","3.46%","3.46%","2.19%","2.51%","3.03%","2.58%","2.98%","2.98%","3.03%","3.61%","3.62%","3.62%","3.40%","3.47%","3.69%","3.63%","3.10%","3.28%","3.05%","3.11%","3.43%","3.13%","3.35%","3.76%","4.13%","3.62%","3.29%","0.04%","0.10%","0.07%","0.04%","0.00%","0.07%","0.00%","0.04%","0.04%","0.03%","0.06%","0.40%","0.40%","0.40%","4.12%","3.65%","3.77%","3.20%","3.29%","4.01%","4.01%","3.91%","4.04%","3.60%","3.61%","3.87%","3.72%","3.70%","3.77%","3.46%","3.43%","3.65%","3.17%","3.62%","3.16%","3.45%","3.45%","3.28%","2.96%","2.99%","2.50%","3.25%","3.30%","3.13%","2.97%","2.97%","2.97%","2.97%","2.97%","2.97%","2.97%","2.97%","2.97%","2.97%","2.97%","2.97%"
"","","","","","","","","","","","","","","","","","","","","","","","","","","","","","","","","","","","","","","","","","","","","","","","","","","","","","","","","","","","","","","","","","","","","","","","","0.13%","0.00%","0.20%","0.30%","1.35%","2.01%","2.19%","2.08%","1.28%","1.28%","2.86%","3.88%","3.66%","3.61%","3.92%","3.88%","3.64%","4.12%","3.87%","3.87%","3.79%","3.66%","4.15%","4.32%","3.18%","3.58%","3.36%","3.89%","3.70%","4.09%","4.64%","4.44%","4.77%","5.32%","4.92%","0.00%","0.00%","0.00%","0.00%","0.00%","0.00%","0.00%","0.00%","0.00%","0.00%","0.00%","0.09%","0.09%","0.09%","5.91%","5.34%","5.49%","4.95%","5.19%","4.70%","4.70%","4.60%","3.81%","4.48%","4.55%","5.25%","4.33%","4.58%","4.79%","5.23%","5.13%","6.05%","5.45%","5.38%","4.77%","4.92%","4.92%","4.76%","4.58%","4.96%","4.99%","4.19%","4.78%","5.47%","4.74%","4.74%","4.74%","4.74%","4.74%","4.74%","4.74%","4.74%","4.74%","4.74%","4.74%","4.74%"
"","","Box B (Small)","#REF!","0.00%","0.00%","0.00%","0.00%","0.00%","0.00%","0.00%","0.00%","0.00%","0.00%","0.00%","0.00%","0.00%","0.00%","0.00%","0.00%","0.00%","0.00%","0.00%","0.00%","0.00%","0.00%","0.00%","0.00%","0.00%","0.00%","0.00%","0.00%","0.00%","0.00%","0.00%","0.00%","0.00%","0.00%","0.00%","0.00%","0.00%","0.00%","0.00%","0.00%","0.00%","0.00%","0.00%","0.00%","0.00%","0.00%","0.00%","0.00%","0.00%","0.00%","0.00%","0.00%","0.00%","0.00%","0.00%","0.00%","0.00%","0.00%","0.00%","0.00%","0.00%","0.00%","0.00%","0.00%","0.00%","0.00%","0.00%","0.00%","98.85%","88.00%","96.82%","96.50%","91.83%","89.72%","87.23%","85.55%","84.33%","84.33%","81.32%","79.36%","75.01%","77.91%","77.83%","75.65%","76.93%","76.09%","76.80%","76.80%","77.87%","76.31%","75.65%","76.18%","78.32%","77.31%","78.17%","77.83%","76.25%","76.63%","75.01%","75.12%","73.98%","73.67%","74.01%","79.36%","77.07%","78.93%","78.16%","79.99%","77.37%","78.31%","77.94%","77.94%","78.16%","77.71%","78.10%","78.10%","78.10%","71.24%","72.31%","72.35%","72.45%","72.43%","70.32%","70.32%","70.64%","71.04%","71.95%","","","","","","","","","","","","","","","","","","","","","","","","","","","","","","","",""
"","","Box F (Medium) ","0.00%","0.00%","0.00%","0.00%","0.00%","0.00%","0.00%","0.00%","0.00%","0.00%","0.00%","0.00%","0.00%","0.00%","0.00%","0.00%","0.00%","0.00%","0.00%","0.00%","0.00%","0.00%","0.00%","0.00%","0.00%","0.00%","0.00%","0.00%","0.00%","0.00%","0.00%","0.00%","0.00%","0.00%","0.00%","0.00%","0.00%","0.00%","0.00%","0.00%","0.00%","0.00%","0.00%","0.00%","0.00%","0.00%","0.00%","0.00%","0.00%","0.00%","0.00%","0.00%","0.00%","0.00%","0.00%","0.00%","0.00%","0.00%","0.00%","0.00%","0.00%","0.00%","0.00%","0.00%","0.00%","0.00%","0.00%","0.00%","0.00%","1.03%","12.00%","2.92%","3.19%","6.82%","8.28%","10.57%","12.37%","14.39%","14.39%","15.83%","16.71%","20.93%","18.09%","17.82%","19.60%","18.71%","19.18%","19.06%","19.06%","17.96%","19.84%","19.97%","19.10%","18.18%","18.76%","18.17%","17.94%","19.97%","19.29%","20.27%","20.40%","21.21%","21.01%","20.99%","20.64%","22.93%","21.07%","21.84%","20.01%","22.64%","21.68%","22.06%","22.06%","21.83%","22.29%","21.79%","21.79%","21.79%","22.59%","22.02%","21.91%","22.24%","22.05%","24.50%","24.50%","24.41%","24.90%","23.33%","","","","","","","","","","","","","","","","","","","","","","","","","","","","","","","",""
"","","Box G (Large)","0.00%","0.00%","0.00%","0.00%","0.00%","0.00%","0.00%","0.00%","0.00%","0.00%","0.00%","0.00%","0.00%","0.00%","0.00%","0.00%","0.00%","0.00%","0.00%","0.00%","0.00%","0.00%","0.00%","0.00%","0.00%","0.00%","0.00%","0.00%","0.00%","0.00%","0.00%","0.00%","0.00%","0.00%","0.00%","0.00%","0.00%","0.00%","0.00%","0.00%","0.00%","0.00%","0.00%","0.00%","0.00%","0.00%","0.00%","0.00%","0.00%","0.00%","0.00%","0.00%","0.00%","0.00%","0.00%","0.00%","0.00%","0.00%","0.00%","0.00%","0.00%","0.00%","0.00%","0.00%","0.00%","0.00%","0.00%","0.00%","0.00%","0.13%","0.00%","0.20%","0.30%","1.35%","2.01%","2.19%","2.08%","1.28%","1.28%","2.86%","3.88%","3.66%","3.61%","3.92%","3.88%","3.64%","4.12%","3.87%","3.87%","3.79%","3.66%","4.15%","4.32%","3.18%","3.58%","3.36%","3.89%","3.70%","4.09%","4.64%","4.44%","4.77%","5.32%","4.92%","0.00%","0.00%","0.00%","0.00%","0.00%","0.00%","0.00%","0.00%","0.00%","0.00%","0.00%","0.09%","0.09%","0.09%","5.91%","5.34%","5.49%","4.95%","5.19%","4.70%","4.70%","4.60%","3.81%","4.48%","","","","","","","","","","","","","","","","","","","","","","","","","","","","","","","",""
"DE","Total Boxes","","#REF!","","","","","","","","","","","","","","","","","","","","","","","","","","","","","","","","","","","","","","","","","","","","","","","","","","","","","","","","","","","","","","","","","","","","","782","1812","1476","1314","1334","1147","1097","1059","550","590","1189","2035","2213","2327","2553","2551","2774","2961","2844","2969","2851","2681","2604","2779","2487","2041","2295","2441","2,569","2,618","2,481","2,524","2,517","2,594","2,520","2,727","2,878","2,923","2,844","2,884","3,026","2,928","2,840","2,811","2,913","3,176","3,287","3,448","3,521","3,400","3,261","3,259","3,215","3,374","3,514","3,288","3,171","3,146","2,970","2,551","1,523","1,638","2,271","2,920","3,210","3,235","3,455","3,507","3,423","3,351","3,396","3,323","3,159","3,025","2,731","2,437","2,974","2,964","","","","","","","","","","","","",""
"","Box B (Small)","","#REF!","0","0","0","0","0","0","0","0","0","0","0","0","0","0","0","0","0","0","0","0","0","0","0","0","0","0","0","0","0","0","0","0","0","0","0","0","0","0","0","0","0","0","0","0","0","0","0","0","0","0","0","0","0","0","0","0","0","0","0","0","0","0","0","0","0","0","0","0","774","1595","1430","1269","1226","1030","957","906","464","498","967","1615","1660","1813","1987","1930","2135","2254","2185","2281","2221","2046","1970","2118","1948","1578","1795","1900","1959","2007","1861","1897","1863","1911","1866","2165","2219","2308","2223","2307","2342","2293","2214","2191","2277","2469","2568","2693","2751","2423","2359","2358","2330","2444","2472","2313","2240","2235","2137","","","","","","","","","","","","","","","","","","","","","","","","","","","","","","","",""
"","Box F (Medium)","","#REF!","0","0","0","0","0","0","0","0","0","0","0","0","0","0","0","0","0","0","0","0","0","0","0","0","0","0","0","0","0","0","0","0","0","0","0","0","0","0","0","0","0","0","0","0","0","0","0","0","0","0","0","0","0","0","0","0","0","0","0","0","0","0","0","0","0","0","0","0","9","218","44","42","91","95","116","131","80","85","189","341","464","421","455","500","520","568","543","566","513","532","521","531","453","383","418","438","514","506","503","515","534","545","529","563","660","616","622","578","686","635","627","621","636","708","717","752","768","769","719","715","716","744","861","806","775","784","693","","","","","","","","","","","","","","","","","","","","","","","","","","","","","","","",""
"","Box G (Large)","","#REF!","0","0","0","0","0","0","0","0","0","0","0","0","0","0","0","0","0","0","0","0","0","0","0","0","0","0","0","0","0","0","0","0","0","0","0","0","0","0","0","0","0","0","0","0","0","0","0","0","0","0","0","0","0","0","0","0","0","0","0","0","0","0","0","0","0","0","0","0","2","0","3","4","19","24","25","23","8","8","35","79","81","85","101","99","101","122","111","115","109","99","109","121","80","74","78","95","96","108","116","113","121","139","124","0","0","0","0","0","0","0","0","0","0","0","3","4","4","201","175","179","160","176","166","155","146","120","134","","","","","","","","","","","","","","","","","","","","","","","","","","","","","","","",""
"DE","Packaging Cost Breakdown","","","","","","","","","","","","","","","","","","","","","","","","","","","","","","","","","","","","","","","","","","","","","","","","","","","","","","","","","","","","","","","","","","","","","","","","","","","","","","","","","","","","","","","","","","","","","","","","","","","","","","","","","","","","","","","","","","","","","","","","","","","","","","","","","","","","","","","","","","","","","","","","","","","","","","","","","","","","","","","","",""
"","Box B (Small)","€0.31","€30.78","€44.46","€30.78","€45.22","€53.58","€85.33","€100.48","€137.60","€172.48","€198.40","€230.72","€239.36","€268.16","€284.80","€312.64","€344.32","€358.08","€362.56","€387.84","€382.40","€381.12","€363.84","€334.40","€341.76","€298.24","€152.64","€168.64","€0.00","€0.00","€0.00","€0.00","€0.00","€0.00","€0.00","€0.00","€0.00","€0.00","€0.00","#REF!","#REF!","#REF!","#REF!","#REF!","#REF!","#REF!","#REF!","#REF!","#REF!","#REF!","#REF!","#REF!","#REF!","#REF!","#REF!","#REF!","#REF!","#REF!","#REF!","#REF!","#REF!","#REF!","#REF!","#REF!","#REF!","#REF!","#REF!","#REF!","#REF!","#REF!","€236.07","€486.48","€436.15","€387.05","€373.93","€314.15","€291.89","€276.33","€141.52","€151.89","€294.94","€492.58","€506.30","€552.97","€606.04","€588.65","€651.18","€687.47","€666.43","€695.71","€677.41","€624.03","€600.85","€645.99","€594.14","€481.29","€547.48","€579.50","€597.50","€612.14","€567.61","€578.59","€568.22","€582.86","€569.13","€660.33","€676.80","€703.94","€678.02","€703.64","€714.31","€699.37","€675.27","€668.26","€694.49","€753.05","€783.24","€821.37","€839.06","€739.02","€719.50","€719.19","€710.65","€745.42","€753.96","€705.47","€683.20","€681.68","€651.79","","","","","","","","","","","","","","","","","","","","","","","","","","","","","","","",""
"","Box F (Medium)","€0.51","€33.39","€48.51","€33.39","€49.14","€57.96","","€101.76","€139.39","€174.90","€201.40","€234.26","€242.74","€271.89","€288.85","€316.94","€349.27","€363.05","€367.82","€393.79","€387.96","€386.90","€369.41","€339.20","€346.62","€302.63","€154.76","€171.19","€0.00","€0.00","€0.00","€0.00","€0.00","€0.00","€0.00","€0.00","€0.00","€0.00","€0.00","#REF!","#REF!","#REF!","#REF!","#REF!","#REF!","#REF!","#REF!","#REF!","#REF!","#REF!","#REF!","#REF!","#REF!","#REF!","#REF!","#REF!","#REF!","#REF!","#REF!","#REF!","#REF!","#REF!","#REF!","#REF!","#REF!","#REF!","#REF!","#REF!","#REF!","#REF!","€2.75","€66.49","€13.42","€12.81","€27.76","€28.98","€35.38","€39.96","€24.40","€43.27","€96.20","€173.57","€236.18","€214.29","€231.60","€254.50","€264.68","€289.11","€276.39","€288.09","€261.12","€270.79","€265.19","€270.28","€230.58","€194.95","€212.76","€222.94","€261.63","€257.55","€256.03","€262.14","€271.81","€277.41","€269.26","€286.57","€335.94","€313.54","€316.60","€294.20","€349.17","€323.22","€319.14","€316.09","€323.72","€360.37","€364.95","€382.77","€390.91","€391.42","€365.97","€363.94","€364.44","€378.70","€438.25","€410.25","€394.48","€399.06","€352.74","","","","","","","","","","","","","","","","","","","","","","","","","","","","","","","",""
"","Box G (Large)","€0.55","€2.72","€3.40","€2.72","€4.08","€4.08","€11.40","€13.68","€18.81","€23.37","€27.36","€31.35","€32.49","€36.48","€38.76","€42.75","€46.74","€48.45","€49.59","€53.01","€51.87","€51.87","€49.59","€45.60","€46.74","€40.47","€21.09","€23.37","€0.00","€0.00","€0.00","€0.00","€0.00","€0.00","€0.00","€0.00","€0.00","€0.00","€0.00","#REF!","#REF!","#REF!","#REF!","#REF!","#REF!","#REF!","#REF!","#REF!","#REF!","#REF!","#REF!","#REF!","#REF!","#REF!","#REF!","#REF!","#REF!","#REF!","#REF!","#REF!","#REF!","#REF!","#REF!","#REF!","#REF!","#REF!","#REF!","#REF!","#REF!","#REF!","€0.61","€0.00","€0.92","€1.22","€5.80","€7.32","€7.63","€7.02","€2.44","€4.38","€19.15","€43.21","€44.31","€46.50","€55.25","€54.15","€55.25","€66.73","€60.72","€62.91","€59.62","€54.15","€59.62","€66.19","€43.76","€40.48","€42.67","€51.97","€52.51","€59.08","€63.45","€61.81","€66.19","€76.03","€67.83","€0.00","€0.00","€0.00","€0.00","€0.00","€0.00","€0.00","€0.00","€0.00","€0.00","€0.00","€1.64","€2.19","€2.19","€109.95","€95.73","€97.91","€87.52","€96.27","€90.80","€84.79","€79.86","€65.64","€73.30","","","","","","","","","","","","","","","","","","","","","","","","","","","","","","","",""
"","Total Cost ","","€66.89","€96.37","€66.89","€98.44","€115.62","€96.73","€215.92","€295.80","€370.75","€427.16","€496.33","€514.59","€576.53","€612.41","€672.33","€740.33","€769.58","€779.97","€834.64","€822.23","€819.89","€782.84","€719.20","€735.12","€641.34","€328.49","€363.20","€0.00","€0.00","€0.00","€0.00","€0.00","€0.00","€0.00","€0.00","€0.00","€0.00","€0.00","#REF!","#REF!","#REF!","#REF!","#REF!","#REF!","#REF!","#REF!","#REF!","#REF!","#REF!","#REF!","#REF!","#REF!","#REF!","#REF!","#REF!","#REF!","#REF!","#REF!","#REF!","#REF!","#REF!","#REF!","#REF!","#REF!","#REF!","#REF!","#REF!","#REF!","#REF!","€239.43","€552.97","€450.49","€401.08","€407.48","€350.45","€334.89","€323.30","€168.36","€199.53","€410.28","€709.36","€786.78","€813.75","€892.88","€897.30","€971.10","€1,043.32","€1,003.53","€1,046.70","€998.15","€948.97","€925.66","€982.46","€868.48","€716.72","€802.90","€854.41","€911.63","€928.77","€887.08","€902.53","€906.21","€936.29","€906.22","€946.89","€1,012.74","€1,017.48","€994.61","€997.84","€1,063.48","€1,022.58","€994.41","€984.34","€1,018.21","€1,113.42","€1,149.83","€1,206.32","€1,232.16","€1,240.38","€1,181.19","€1,181.04","€1,162.61","€1,220.39","€1,283.01","€1,200.50","€1,157.54","€1,146.37","€1,077.82","","","","","","","","","","","","","","","","","","","","","","","","","","","","","","","",""
"Liners","Liner Delivery","","","","","","","","","","","","","","","","","","","","","","","","","","","","","","","","","","","","","","","","","","","","","","","","","","","","","","","","","","","","","","","","","","","","","","Pallets","","","","","","","","","","","","","","","","","","","","","","","","","","","","","","","","","","","","","","","","","","","","","","","","","","","","","","","","","","","","","","","","","","","","","","","","","","","","","","","","","","","","","","","","","","",""
"","408","S","","","","","","","","","","","","","","","","","","","","","","","","","","","","","","","","","","","","","","","","","","","","","","","","","","","","","","","","","","","","","","","","","","","","","Pallets","3.83","8.88","7.24","6.44","6.54","5.62","5.38","5.19","2.70","2.44","4.74","7.92","8.14","8.89","9.74","9.46","10.47","11.05","10.71","11.18","10.89","10.03","9.66","10.38","9.55","7.74","8.80","9.31","9.60","9.84","9.12","9.30","9.13","9.37","9.15","10.61","10.88","11.31","10.90","11.31","11.48","11.24","10.85","10.74","11.16","12.10","12.59","13.20","13.49","11.88","11.56","11.56","11.42","11.98","12.12","11.34","10.98","10.96","10.48","","","","","","","","","","","","","","","","","","","","","","","","","","","","","","","",""
"","336","M1","","","","","","","","","","","","","","","","","","","","","","","","","","","","","","","","","","","","","","","","","","","","","","","","","","","","","","","","","","","","","","","","","","","","","Pallets","0.03","0.65","0.13","0.13","0.27","0.28","0.35","0.39","0.24","0.25","0.56","1.01","1.38","1.25","1.35","1.49","1.55","1.69","1.62","1.68","1.53","1.58","1.55","1.58","1.35","1.14","1.24","1.30","1.53","1.51","1.50","1.53","1.59","1.62","1.57","1.68","1.96","1.83","1.85","1.72","2.04","1.89","1.87","1.85","1.89","2.11","2.13","2.24","2.29","2.29","2.14","2.13","2.13","2.21","2.56","2.40","2.31","2.33","2.06","","","","","","","","","","","","","","","","","","","","","","","","","","","","","","","",""
"","288","M2","","","","","","","","","","","","","","","","","","","","","","","","","","","","","","","","","","","","","","","","","","","","","","","","","","","","","","","","","","","","","","","","","","","","","Pallets","0.03","0.76","0.15","0.15","0.32","0.33","0.40","0.45","0.28","0.30","0.66","1.18","1.61","1.46","1.58","1.74","1.81","1.97","1.89","1.97","1.78","1.85","1.81","1.84","1.57","1.33","1.45","1.52","1.78","1.76","1.75","1.79","1.85","1.89","1.84","1.95","2.29","2.14","2.16","2.01","2.38","2.20","2.18","2.16","2.21","2.46","2.49","2.61","2.67","2.67","2.50","2.48","2.49","2.58","2.99","2.80","2.69","2.72","2.41","","","","","","","","","","","","","","","","","","","","","","","","","","","","","","","",""
"","208","L1","","","","","","","","","","","","","","","","","","","","","","","","","","","","","","","","","","","","","","","","","","","","","","","","","","","","","","","","","","","","","","","","","","","","","","0.01","0.00","0.01","0.02","0.09","0.12","0.12","0.11","0.04","0.04","0.17","0.38","0.39","0.41","0.49","0.48","0.49","0.59","0.53","0.55","0.52","0.48","0.52","0.58","0.38","0.36","0.38","0.46","0.46","0.52","0.56","0.54","0.58","0.67","0.60","0.00","0.00","0.00","0.00","0.00","0.00","0.00","0.00","0.00","0.00","0.00","0.01","0.02","0.02","0.97","0.84","0.86","0.77","0.85","0.80","0.75","0.70","0.58","0.64","","","","","","","","","","","","","","","","","","","","","","","","","","","","","","","",""
"","252","L2","","","","","","","","","","","","","","","","","","","","","","","","","","","","","","","","","","","","","","","","","","","","","","","","","","","","","","","","","","","","","","","","","","","","","","0.01","0.00","0.01","0.02","0.08","0.10","0.10","0.09","0.03","0.03","0.14","0.31","0.32","0.34","0.40","0.39","0.40","0.48","0.44","0.46","0.43","0.39","0.43","0.48","0.32","0.29","0.31","0.38","0.38","0.43","0.46","0.45","0.48","0.55","0.49","0.00","0.00","0.00","0.00","0.00","0.00","0.00","0.00","0.00","0.00","0.00","0.01","0.02","0.02","0.80","0.69","0.71","0.63","0.70","0.66","0.62","0.58","0.48","0.53","","","","","","","","","","","","","","","","","","","","","","","","","","","","","","","",""
"","","","","","","","","","","","","","","","","","","","","","","","","","","","","","","","","","","","","","","","","","","","","","","","","","","","","","","","","","","","","","","","","","","","","","","","","","","","","","","","","","","","","11.84","12.35","13.56","13.55","14.71","15.78","15.19","15.84","15.15","14.33","13.97","14.87","13.17","10.85","12.18","12.97","13.76","14.05","13.38","13.61","13.64","14.10","13.65","14.24","15.13","15.29","14.91","15.04","15.90","15.33","14.90","14.74","15.26","16.67","17.24","18.09","18.47","18.60","17.74","17.74","17.44","18.32","19.13","17.90","17.26","17.06","16.12","","","","","","","","","","","","","","","","","","","","","","","","","","","","","","","",""
"","","","","","","","","","","","","","","","","","","","","","","","","","","","","","","","","","","","","","","","","","","","","","","","","","","","","","","","","","","","","","","","","","","","","","","","","","","","","","","","","","","","","12","13","14","14","15","16","16","16","16","15","14","15","14","11","13","13","14","15","14","14","14","15","14","15","16","16","15","16","16","16","15","15","16","17","18","19","19","19","18","18","18","19","20","18","18","18","17","","","","","","","","","","","","","","","","","","","","","","","","","","","","","","","",""
"","","","","","","","","","","","","","","","","","","","","","","","","","","","","","","","","","","","","","","","","","","","","","","","","","","","","","","","","","","","","","","","","","","","","","","","","","","","","","","","","","","","","","","","","","","","","","","","","","","","","","","","","","","","","","","","","","","","","","","","","","","","","","","","","","","","","","","","","","","","","","","","","","","","","","","","","","","","","","","","","","",""
"","","","","","","","","","","","","","","","","","","","","","","","","","","","","","","","","","","","","","","","","","","","","","","","","","","","","","","","","","","","","","","","","","","","","","","","","","","","","","","","","","","","","","","","","","","","","","","","","","","","","","","","","","","","","","","","","","","","","","","","","","","","","","","","","","","","","","","","","","","","","","","","","","","","","","","","","","","","","","","","","","",""
"","Box B (Small)","400","","","","","","","","","","","","","","","","","","","","","","","","","","","","","","","","","","","","","","","","","","","","","","","","","","","","","","","","","","","","","","","","","","","","","","","","","","","","","","","","","","4.15","4.5325","4.9675","4.825","5.3375","5.635","5.4625","5.7025","5.5525","5.115","4.925","5.295","4.87","3.945","4.4875","4.75","4.8975","5.0175","4.6525","4.7425","4.6575","4.7775","4.665","5.4125","5.5475","5.77","5.5575","5.7675","5.855","5.7325","5.535","5.4775","5.6925","6.1725","6.42","6.7325","6.8775","6.0575","5.8975","5.895","5.825","6.11","6.18","5.7825","5.6","5.5875","5.3425","","","","","","","","","","","","","","","","","","","","","","","","","","","","","","","",""
"","Box F (Medium)","200","","","","","","","","","","","","","","","","","","","","","","","","","","","","","","","","","","","","","","","","","","","","","","","","","","","","","","","","","","","","","","","","","","","","","","","","","","","","","","","","","","2.32","2.105","2.275","2.5","2.6","2.84","2.715","2.83","2.565","2.66","2.605","2.655","2.265","1.915","2.09","2.19","2.57","2.53","2.515","2.575","2.67","2.725","2.645","2.815","3.3","3.08","3.11","2.89","3.43","3.175","3.135","3.105","3.18","3.54","3.585","3.76","3.84","3.845","3.595","3.575","3.58","3.72","4.305","4.03","3.875","3.92","3.465","","","","","","","","","","","","","","","","","","","","","","","","","","","","","","","",""
"","Box G (Large)","195","","","","","","","","","","","","","","","","","","","","","","","","","","","","","","","","","","","","","","","","","","","","","","","","","","","","","","","","","","","","","","","","","","","","","","","","","","","","","","","","","","0.4153846154","0.4358974359","0.5179487179","0.5076923077","0.5179487179","0.6256410256","0.5692307692","0.5897435897","0.558974359","0.5076923077","0.558974359","0.6205128205","0.4102564103","0.3794871795","0.4","0.4871794872","0.4923076923","0.5538461538","0.5948717949","0.5794871795","0.6205128205","0.7128205128","0.6358974359","0","0","0","0","0","0","0","0","0","0","0","0.01538461538","0.02051282051","0.02051282051","1.030769231","0.8974358974","0.9179487179","0.8205128205","0.9025641026","0.8512820513","0.7948717949","0.7487179487","0.6153846154","0.6871794872","","","","","","","","","","","","","","","","","","","","","","","","","","","","","","","",""
"","","","","","","","","","","","","","","","","","","","","","","","","","","","","","","","","","","","","","","","","","","","","","","","","","","","","","","","","","","","","","","","","","","","","","","","","","","","","","","","","","","","","6.885384615","7.073397436","7.760448718","7.832692308","8.455448718","9.100641026","8.746730769","9.12224359","8.676474359","8.282692308","8.088974359","8.570512821","7.54525641","6.239487179","6.9775","7.427179487","7.959807692","8.101346154","7.762371795","7.896987179","7.948012821","8.215320513","7.945897436","8.2275","8.8475","8.85","8.6675","8.6575","9.285","8.9075","8.67","8.5825","8.8725","9.7125","10.02038462","10.51301282","10.73801282","10.93326923","10.3899359","10.38794872","10.22551282","10.7325641","11.33628205","10.60737179","10.22371795","10.12288462","9.494679487","","","","","","","","","","","","","","","","","","","","","","","","","","","","","","","",""
"","Stock on hand, boxes:","","different formula","same formula ","","","","","","","","","","","","","","","","","","","","","","","","","","","","","","","","","","","","","","","","","","","","","","","","","","","","","","","","","","","","","","","","","","","","","","","","","","","","","","","","7","8","8","8","9","10","9","10","9","9","9","9","8","7","7","8","8","9","8","8","8","9","8","9","9","9","9","9","10","9","9","9","9","10","11","11","11","11","11","11","11","11","12","11","11","11","10","","","","","","","","","","","","","","","","","","","","","","","","","","","","","","","",""
"DE","SMALL","BOH","#REF!","#REF!","#REF!","#REF!","#REF!","#REF!","#REF!","#REF!","#REF!","#REF!","#REF!","#REF!","#REF!","#REF!","#REF!","#REF!","#REF!","#REF!","#REF!","#REF!","#REF!","#REF!","#REF!","#REF!","#REF!","#REF!","#REF!","#REF!","#REF!","#REF!","#REF!","#REF!","#REF!","#REF!","#REF!","1800","1800","1800","#REF!","#REF!","#REF!","#REF!","#REF!","#REF!","#REF!","#REF!","#REF!","#REF!","#REF!","#REF!","#REF!","#REF!","#REF!","#REF!","#REF!","#REF!","#REF!","0","0","#REF!","#REF!","#REF!","#REF!","#REF!","#REF!","#REF!","#REF!","#REF!","0","1,600","826","-769","500","-769","4,005","2,946","2,146","1,240","776","2,078","7,111","5,220","3,560","1,747","2,671","0","3,865","1,611","7,426","5,145","2,924","878","-1,092","-3,210","-5,158","-6,736","-8,531","-10,431","-12,390","-14,397","-16,258","-18,155","-20,018","-21,929","-23,795","-25,960","-28,179","-30,487","-32,710","-35,017","-37,359","-39,652","-41,866","-44,057","-46,334","-48,803","-51,371","-54,064","-56,815","-59,238","-61,597","-63,955","-66,285","-68,729","-71,201","","","","","","","","","","","","","","","","","","","","","","","","","","","","","","","","","","",""
"","","Units ordered","600","","","","600","","600","","","1200","600","600","1200","1200","1200","1200","1200","1200","1200","1200","1200","1200","1200","3000","","","","","1200","1200","1800","1800","2400","2700","2700","3000","3000","3000","3600","3600","","3520","3600","1200","7160","1200","2400","1800","2400","3000","3000","3600","2930","2950","2400","","","","","","","","","","","","","","1600","","","","","6000","","","","","1800","6000","","","","2975","","6000","","8000","","","","","","","","","","","","","","","","","","","","","","","","","","","","","","","","","","","","","","","","","","","","","","","","","","","","","","","","","","","","","","","","","","","","","","","",""
"","","EOH ","","","","","","","","","","","","","","","","","","","","","","","","","","","","","","","","","","","","1800","1800","#REF!","#REF!","#REF!","#REF!","#REF!","#REF!","#REF!","#REF!","#REF!","#REF!","#REF!","#REF!","#REF!","#REF!","#REF!","#REF!","#REF!","#REF!","#REF!","#REF!","0","#REF!","#REF!","#REF!","#REF!","#REF!","#REF!","#REF!","#REF!","#REF!","#REF!","1,600","826","-769","-2,199","-769","4,005","2,800","2,146","1,240","776","2,078","7,111","5,496","3,560","1,747","2,735","741","3,865","1,611","7,426","5,145","2,924","878","-1,092","-3,210","-5,158","-6,736","-8,531","-10,431","-12,390","-14,397","-16,258","-18,155","-20,018","-21,929","-23,795","-25,960","-28,179","-30,487","-32,710","-35,017","-37,359","-39,652","-41,866","-44,057","-46,334","-48,803","-51,371","-54,064","-56,815","-59,238","-61,597","-63,955","-66,285","-68,729","-71,201","-73,514","","","","","","","","","","","","","","","","","","","","","","","","","","","","","","","","","","",""
"","MEDIUM","BOH","#REF!","#REF!","#REF!","#REF!","#REF!","#REF!","#REF!","#REF!","#REF!","#REF!","#REF!","#REF!","#REF!","#REF!","#REF!","#REF!","#REF!","#REF!","#REF!","#REF!","#REF!","#REF!","#REF!","#REF!","#REF!","#REF!","#REF!","#REF!","#REF!","#REF!","#REF!","#REF!","#REF!","#REF!","#REF!","#REF!","4800","4800","#REF!","#REF!","#REF!","#REF!","#REF!","#REF!","#REF!","#REF!","#REF!","#REF!","#REF!","#REF!","#REF!","#REF!","#REF!","#REF!","#REF!","#REF!","#REF!","0","0","#REF!","#REF!","#REF!","#REF!","#REF!","#REF!","#REF!","#REF!","#REF!","0","600","591","973","929","887","2,796","2,684","2,568","2,437","2,357","2,272","4,083","3,754","3,290","2,869","2,710","2,210","1,690","1,122","2,579","2,013","1,500","968","447","-84","-537","-920","-1,338","-1,776","-2,290","-2,796","-3,299","-3,814","-4,348","-4,893","-5,422","-5,985","-6,645","-7,261","-7,883","-8,461","-9,147","-9,782","-10,409","-11,030","-11,666","-12,374","-13,091","-13,843","-14,611","-15,380","-16,099","-16,814","-17,530","-18,274","-19,135","","","","","","","","","","","","","","","","","","","","","","","","","","","","","","","","","","",""
"","","Units ordered","600","","","","","","600","","600","600","600","600","600","600","600","600","600","600","600","600","600","600","600","2400","","","","","600","600","1200","1200","1800","1800","1800","1800","1800","","1200","2400","2400","2400","2800","1200","2160","1200","","600","","","1575","1200","1800","1200","1800","","","","","","","","","","","","","","600","","600","","","2000","","","","","","2000","","","","","","","","2000","","","","","","","","","","","","","","","","","","","","","","","","","","","","","","","","","","","","","","","","","","","","","","","","","","","","","","","","","","","","","","","","","","","","","","","",""
"","","EOH ","","","","","","","","","","","","","","","","","","","","","","","","","","","","","","","","","","","","","4800","#REF!","#REF!","#REF!","#REF!","#REF!","#REF!","#REF!","#REF!","#REF!","#REF!","#REF!","#REF!","#REF!","#REF!","#REF!","#REF!","#REF!","#REF!","#REF!","#REF!","0","#REF!","#REF!","#REF!","#REF!","#REF!","#REF!","#REF!","#REF!","#REF!","#REF!","600","591","973","929","887","2,796","2,600","2,568","2,437","2,357","2,272","4,083","3,742","3,290","2,869","2,414","2,210","1,690","1,122","2,579","2,013","1,500","968","447","-84","-537","-920","-1,338","-1,776","-2,290","-2,796","-3,299","-3,814","-4,348","-4,893","-5,422","-5,985","-6,645","-7,261","-7,883","-8,461","-9,147","-9,782","-10,409","-11,030","-11,666","-12,374","-13,091","-13,843","-14,611","-15,380","-16,099","-16,814","-17,530","-18,274","-19,135","-19,941","","","","","","","","","","","","","","","","","","","","","","","","","","","","","","","","","","",""
"","LARGE","BOH","#REF!","#REF!","#REF!","#REF!","#REF!","#REF!","#REF!","#REF!","#REF!","#REF!","#REF!","#REF!","#REF!","#REF!","#REF!","#REF!","#REF!","#REF!","#REF!","#REF!","#REF!","#REF!","#REF!","#REF!","#REF!","#REF!","#REF!","#REF!","#REF!","#REF!","#REF!","#REF!","#REF!","#REF!","#REF!","#REF!","5400","5400","#REF!","#REF!","#REF!","#REF!","#REF!","#REF!","#REF!","#REF!","#REF!","#REF!","#REF!","#REF!","#REF!","#REF!","#REF!","#REF!","#REF!","#REF!","#REF!","0","#REF!","#REF!","#REF!","#REF!","#REF!","#REF!","#REF!","#REF!","#REF!","#REF!","0","600","598","598","595","591","1,157","1,285","1,260","1,237","1,229","1,221","1,381","1,094","1,013","928","642","543","270","148","1,037","922","813","714","605","484","404","330","252","157","61","-47","-163","-276","-397","-536","-660","-660","-660","-660","-660","-660","-660","-660","-660","-660","-660","-660","-663","-667","-671","-872","-1,047","-1,226","-1,386","-1,562","-1,728","","","","","","","","","","","","","","","","","","","","","","","","","","","","","","","","","","",""
"","","Units ordered","600","","","","","","","","","","","","","","","600","","","","","","","830","1800","","","","","","","","","","","","","","","","","","","","","","","","","","","","","1200","","860","","","","","","","","","","","","","","600","","","","","585","","","","","","195","","","","","","","","1000","","","","","","","","","","","","","","","","","","","","","","","","","","","","","","","","","","","","","","","","","","","","","","","","","","","","","","","","","","","","","","","","","","","","","","","",""
"","","EOH ","","","","","","","","","","","","","","","","","","","","","","","","","","","","","","","","","","","","","5400","#REF!","#REF!","#REF!","#REF!","#REF!","#REF!","#REF!","#REF!","#REF!","#REF!","#REF!","#REF!","#REF!","#REF!","#REF!","#REF!","#REF!","#REF!","#REF!","#REF!","#REF!","#REF!","#REF!","#REF!","#REF!","#REF!","#REF!","#REF!","#REF!","#REF!","#REF!","600","598","598","595","591","1,157","1,133","1,260","1,237","1,229","1,221","1,381","1,302","1,013","928","827","543","442","148","1,037","922","813","714","605","484","404","330","252","157","61","-47","-163","-276","-397","-536","-660","-660","-660","-660","-660","-660","-660","-660","-660","-660","-660","-660","-663","-667","-671","-872","-1,047","-1,226","-1,386","-1,562","-1,728","-1,883","","","","","","","","","","","","","","","","","","","","","","","","","","","","","","","","","","",""
"","Stock on hand, boxes:","","different formula","same formula ","","","","","","","","","","","","","","","","","","","","","","","","","","","","","","","","","","","","","","","","","","","","","","","","","","","","","","","","","","","","","","","","","","","","","","","","","","","","","","","","","","","","","","","","","","","","","","","","","","","","","","","","","","","","","","","","","","","","","","","","","","","","","","","","","","","","","","","","","","","","","","","","","","","","","","","","","","","","","",""
"","","","","","","","","","","","","","","","","","","","","","","","","","","","","","","","","","","","","","","","","","","","","","","","","","","","","","","","","","","","","","","","","","","","","","","","","","","","","","","","","","","","","","","","","","NEW BOX LAUNCH","","","","","","","","","","","","","","","","","","","","","","","","","","","","","","","","","","","","","","","","","","","","","","","","","","","","","","","","","","","","","","","","","","","","","","","","",""
"","","","","","","","","","","","","","","","","","","","","","","","","","","","","","","","","","","","","","","","","","","","","","","","","","","","","","","","","","","","","","","","","","","","","","","","","","","","","","","","","","","","","","","","","","","","","Till W14","Boxes left","","","","","","","","","","","","","","","","","","","","","","","","","","","","","","","","","","","","","","","","","","","","","","","","","","","","","","","","","","","","","","","","","","","","",""
"","","","","","","","","","","","","","","","","","","","","","","","","","","","","","","","","","","","","","","","","","","","","","","","","","","","","","","","","","","","","","","","","","","","","","","","","","","","","","","","","","","","","","","","","","M Boxes","4170","","4,928","9,098","","","","","","","","","","","","","","","","","","","","","","","","","","","","","","","","","","","","","","","","","","","","","","","","","","","","","","","","","","","","","","","","","","","","",""
"","","","","","","","","","","","","","","","","","","","","","","","","","","","","","","","","","","","","","","","","","","","","","","","","","","","","","","","","","","","","","","","","","","","","","","","","","","","","","","","","","","","","","","","","","L Boxes","4560","","3,054","7,614","","","","","","","","","","","","","","","","","","","","","","","","","","","","","","","","","","","","","","","","","","","","","","","","","","","","","","","","","","","","","","","","","","","","",""
