"305","","","UPDATED ASSUMPTIONS: 02.10.24","actuals","actuals","actuals","actuals","actuals","actuals","actuals","actuals","actuals","actuals","actuals","actuals","actuals","actuals","actuals","actuals","actuals","actuals","actuals","actuals","actuals","actuals","actuals","actuals","actuals","actuals","actuals","actuals","actuals","actuals","actuals","actuals","actuals","actuals","actuals","actuals","actuals","actuals","actuals","actuals","actuals","actuals","actuals","actuals","actuals","actuals","actuals","actuals","actuals","actuals","actuals","actuals","actuals","actuals","actuals","actuals","actuals","actuals","actuals","actuals","actuals","actuals","actuals","actuals","actuals","actuals","actuals","actuals","actuals","actuals","actuals","actuals","actuals","actuals","actuals","actuals","actuals","actuals","actuals","actuals","forecast","forecast","forecast","forecast","forecast","forecast","forecast","forecast","forecast","forecast","forecast"
"","","","","","","","","","","","","","","","","","","","","","","","","","","","","","","","","","","","","","","","","","","","","","","","","","","","","1216","1225","1207","1146","1084","935","843","656","643","862","846","654","654","382","382","585","875","1000","800","700","700","700","811","777","738","707","677","548","392","494","485","602","700","614","786","700","700","700","700","700","700","700","700"
"","","","","Boxes for employees only","First boxes F&F","","","First boxes public launch","","","","","","","","","","","","","","","","","","","","","","","","","","","","","","","","","","","","","","","","","","","","-100","-250","-300","-300","-280","-130","-60","200","100","-270","-330","-150","-280","-200","-50","","","-92","-68","180","104","47","40","20","-20","-100","-50","","50","0","0","-100","-98","-98","-126","-149","-149","-149","-149","-149","-171","-171","-171"
"","HF Week (Based on delivery day)","","","W44","W45","W46","W47","W48","W49","W50","W51","W52","W01","W02","W03","W04","W05","W06","W07","W08","W09","W10","W11","W12","W13","W14","W15","W16","W17","W18","W19","W20","W21","W22","W23","W24","W25","W26","W27","W28","W29","W30","W31","W32","W33","W34","W35","W36","W37","W38","W39","W40","W41","W42","W43","W44","W45","W46","W47","W48","W49","W50","W51","W52","W01","W02","W03","W04","W05","W06","W07","W08","W09","W10","W11","W12","W13","W14","W15","W16","W17","W18","W19","W20","W21","W22","W23","W24","W25","W26","W27","W28","W29","W30"
"","Order Cutoff Date (Weds 11:59 pm)","","","23-Oct-2024","30-Oct-2024","6-Nov-2024","13-Nov-2024","20-Nov-2024","27-Nov-2024","4-Dec-2024","11-Dec-2024","18-Dec-2024","22-Dec-2024","29-Dec-2024","8-Jan-2025","15-Jan-2025","22-Jan-2025","29-Jan-2025","5-Feb-2025","12-Feb-2025","19-Feb-2025","26-Feb-2025","5-Mar-2025","12-Mar-2025","19-Mar-2025","26-Mar-2025","2-Apr-2025","9-Apr-2025","16-Apr-2025","23-Apr-2025","30-Apr-2025","7-May-2025","14-May-2025","21-May-2025","28-May-2025","4-Jun-2025","11-Jun-2025","18-Jun-2025","25-Jun-2025","2-Jul-2025","9-Jul-2025","16-Jul-2025","23-Jul-2025","30-Jul-2025","6-Aug-2025","13-Aug-2025","20-Aug-2025","27-Aug-2025","3-Sep-2025","10-Sep-2025","17-Sep-2025","24-Sep-2025","1-Oct-2025","8-Oct-2025","15-Oct-2025","22-Oct-2025","29-Oct-2025","5-Nov-2025","12-Nov-2025","19-Nov-2025","26-Nov-2025","3-Dec-2025","10-Dec-2025","17-Dec-2025","22-Dec-2025","29-Dec-2025","7-Jan-2026","14-Jan-2026","21-Jan-2026","28-Jan-2026","4-Feb-2026","11-Feb-2026","18-Feb-2026","25-Feb-2026","4-Mar-2026","11-Mar-2026","18-Mar-2026","25-Mar-2026","1-Apr-2026","8-Apr-2026","15-Apr-2026","22-Apr-2026","29-Apr-2026","6-May-2026","13-May-2026","20-May-2026","27-May-2026","3-Jun-2026","10-Jun-2026","17-Jun-2026","24-Jun-2026","1-Jul-2026","8-Jul-2026","15-Jul-2026"
"","First Delivery Day (Saturday)","","","26-Oct-2024","2-Nov-2024","9-Nov-2024","16-Nov-2024","23-Nov-2024","30-Nov-2024","7-Dec-2024","15-Dec-2024","22-Dec-2024","29-Dec-2024","5-Jan-2025","12-Jan-2025","19-Jan-2025","26-Jan-2025","2-Feb-2025","9-Feb-2025","16-Feb-2025","23-Feb-2025","2-Mar-2025","9-Mar-2025","16-Mar-2025","23-Mar-2025","30-Mar-2025","6-Apr-2025","13-Apr-2025","20-Apr-2025","27-Apr-2025","4-May-2025","11-May-2025","18-May-2025","25-May-2025","1-Jun-2025","8-Jun-2025","15-Jun-2025","22-Jun-2025","29-Jun-2025","6-Jul-2025","13-Jul-2025","20-Jul-2025","27-Jul-2025","3-Aug-2025","10-Aug-2025","17-Aug-2025","24-Aug-2025","31-Aug-2025","7-Sep-2025","14-Sep-2025","21-Sep-2025","28-Sep-2025","5-Oct-2025","12-Oct-2025","19-Oct-2025","26-Oct-2025","2-Nov-2025","9-Nov-2025","16-Nov-2025","23-Nov-2025","30-Nov-2025","7-Dec-2025","14-Dec-2025","21-Dec-2025","28-Dec-2025","4-Jan-2026","11-Jan-2026","18-Jan-2026","25-Jan-2026","1-Feb-2026","8-Feb-2026","15-Feb-2026","22-Feb-2026","1-Mar-2026","8-Mar-2026","15-Mar-2026","22-Mar-2026","29-Mar-2026","5-Apr-2026","12-Apr-2026","19-Apr-2026","26-Apr-2026","3-May-2026","10-May-2026","17-May-2026","24-May-2026","31-May-2026","7-Jun-2026","14-Jun-2026","21-Jun-2026","28-Jun-2026","5-Jul-2026","12-Jul-2026","19-Jul-2026"
"","Orders","","","","","","","","","","","","","","","","","","","","","","","","","","","","","","","","","","","","","","","","","","","","","","","","","","","","","","","","","","","","","","","","","","","","","","","","","","","","","","","","","","","","","","","","","","","","",""
"","","Starting Customers","","0","799","2115","2149","2036","1962","1801","1810","1720","1347","1409","1802","2541","3131","3453","3834","3872","4214","4515","4518","4638","4616","4557","4476","4599","4434","4427","4202","4365","4403","4469","4586","4546","4689","4650","4595","4906","4967","5106","5146","5139","5395","5323","5172","5261","5439","5757","5952","6226","6387","5893","5850","5920","5920","5909","5990","6022","5672","5502","5288","4944","4518","4531","4564","5133","5445","5637","5889","6039","6134","6093","6070","6084","5680","5543","5353","5245","5249","5196","5090","4917","4929","5001","5136","5164","5179","5189","5209","5226","5225","5198"
"","","Cancellations","","0","287","1178","932","963","823","593","564","418","175","158","377","615","636","689","744","686","713","843","720","705","675","664","571","663","570","503","551","561","522","630","597","620","594","594","556","584","577","623","640","670","618","673","585","675","577","690","789","798","790","769","763","807","774","820","825","735","709","638","604","513","321","284","440","595","651","671","744","732","806","814","806","781","684","630","595","540","588","653","631","490","444","525","522","535","540","531","534","530","556","535"
"","","Pauses","","0","268","566","603","521","527","543","557","797","715","487","506","694","856","990","1040","1124","1218","1358","1339","1490","1609","1590","1593","1726","1940","1662","1711","1608","1674","1798","1758","1901","1780","1819","1818","1879","1861","1904","1897","1931","2031","1943","2032","2040","2137","2188","2177","2236","2178","2237","2307","2307","2296","2255","2287","2214","2067","2082","2159","2770","2679","2063","2057","2048","2156","2140","2231","2377","2389","2326","2340","2280","2288","2378","2626","2080","2021","2000","1819","1913","1917","2095","2132","2259","2258","2266","2330","2289","2259","2270"
"","","Conversions (Paid, Referral, Reactivation)","","782","1640","1174","1000","1047","806","631","456","310","140","581","1321","1232","921","1016","788","1001","998","849","840","673","622","600","676","511","387","431","687","659","619","661","592","664","588","548","602","747","694","697","732","831","710","612","636","787","922","956","895","963","848","741","771","779","834","873","696","597","545","449","348","228","304","330","974","865","779","898","837","778","826","735","663","532","530","452","468","568","520","525","449","502","516","660","551","551","551","551","551","529","529","529"
"","","Active","","782","1,812","1,476","1,314","1,334","1,147","1,097","1,059","550","590","1,189","2,035","2,213","2,327","2,553","2,551","2,774","2,961","2,844","2,969","2,851","2,681","2,604","2,779","2,487","2,041","2,295","2,441","2,569","2,618","2,481","2,524","2,517","2,594","2,520","2,727","2,878","2,923","2,844","2,884","3,026","2,928","2,840","2,811","2,913","3,176","3,287","3,448","3,521","3,400","3,261","3,259","3,215","3,374","3,514","3,288","3,171","3,146","2,970","2,551","1,523","1,638","2,271","2,920","3,210","3,235","3,455","3,507","3,423","3,351","3,396","3,323","3,159","3,025","2,731","2,437","2,974","2,964","2,930","2,881","2,814","2,881","2,829","2,827","2,723","2,732","2,744","2,700","2,737","2,740","2,724"
"","","Payment Failures / Other Adjustments","","17","36","107","119","107","127","170","104","104","104","126","204","224","270","291","281","316","336","316","330","275","267","282","227","221","446","245","213","226","177","307","264","271","276","256","361","210","322","398","358","438","364","389","418","486","444","477","601","629","315","352","354","398","239","221","447","287","289","236","234","225","214","230","156","187","246","294","301","334","353","348","421","241","230","244","182","195","211","160","217","202","202","211","204","197","199","199","196","199","199","198"
"","","Total Orders (Boxes)","","782","1,812","1,476","1,314","1,334","1,147","1,097","1,059","550","590","1,189","2,035","2,213","2,327","2,553","2,551","2,774","2,961","2,844","2,969","2,851","2,681","2,604","2,779","2,487","2,041","2,295","2,441","2,569","2,618","2,481","2,524","2,517","2,594","2,520","2,727","2,878","2,923","2,844.00","2,884.00","3,026.00","2,928.00","2,840.00","2,811.00","2,913.00","3,176","3,287","3,448","3,521","3,400","3,261","3,259","3,215","3,374","3,514","3,288","3,171","3,146","2,970","2,551","1,523","1,638","2,271","2,920","3,210","3,235","3,455","3,507","3,423","3,351","3,396","3,323","3,159","3,025","2,731","2,437","2,974","2,964","2,930","2,881","2,814","2,881","2,829","2,827","2,723","2,732","2,744","2,700","2,737","2,740","2,724"
"","","","Order growth WOW","782","1,030","-336","-162","20","-187","-50","-38","-509","40","599","846","178","114","226","-2","223","187","-117","125","-118","-170","-77","175","-292","-446","254","146","128","49","-137","43","-7","77","-74","207","151","45","-79","40","142","-98","-88","-29","102","263","111","161","73","-121","-139","-2","-44","159","140","-226","-117","-25","-176","-419","-1,028","115","633","649","290","25","220","52","-84","-72","45","-73","-164","-134","-294","-294","537","-10","-34","-49","-67","67","-52","-2","-105","10","12","-44","37","3","-16"
"","","","Order growth % WOW","-","131.7%","-18.5%","-11.0%","1.5%","-14.0%","-4.4%","-3.5%","-48.1%","7.3%","101.5%","71.2%","8.7%","5.2%","9.7%","-0.1%","8.7%","6.7%","-4.0%","4.4%","-4.0%","-6.0%","-2.9%","6.7%","-10.5%","-17.9%","12.4%","6.4%","5.2%","1.9%","-5.2%","1.7%","-0.3%","3.1%","-2.9%","8.2%","5.5%","1.6%","-2.7%","1.4%","4.9%","-3.2%","-3.0%","-1.0%","3.6%","9.0%","3.5%","4.9%","2.1%","-3.4%","-4.1%","-0.1%","-1.4%","4.9%","4.1%","-6.4%","-3.6%","-0.8%","-5.6%","-14.1%","-40.3%","7.6%","38.6%","28.6%","9.9%","0.8%","6.8%","1.5%","-2.4%","-2.1%","1.3%","-2.1%","-4.9%","-4.2%","-9.7%","-10.8%","22.0%","-0.3%","-1.1%","-1.7%","-2.3%","2.4%","-1.8%","-0.1%","-3.7%","0.4%","0.4%","-1.6%","1.4%","0.1%","-0.6%"
"","","","Conversion growth % WoW","-","109.72%","-28.41%","-14.82%","4.70%","","","","","","315.00%","127.37%","-6.74%","-25.24%","10.31%","-22.44%","27.03%","-0.30%","-14.93%","-1.06%","-19.88%","-7.58%","-3.54%","12.67%","-24.41%","-24.27%","11.37%","59.40%","-4.08%","-6.07%","6.79%","-10.44%","12.16%","-11.45%","-6.80%","9.85%","24.09%","-7.10%","0.43%","5.02%","13.52%","-14.56%","-13.80%","3.92%","23.74%","17.15%","3.69%","-6.38%","7.60%","-11.94%","-12.62%","4.05%","1.04%","7.06%","4.68%","-20.27%","-14.22%","-8.71%","-17.61%","-22.49%","-34.48%","33.33%","8.55%","195.15%","-11.19%","-9.94%","15.28%","-6.79%","-7.05%","6.17%","-11.02%","-9.80%","-19.76%","-0.38%","-14.72%","3.54%","21.37%","-8.45%","0.96%","-14.48%","11.73%","2.76%","27.98%","-16.54%","0.00%","0.00%","0.00%","0.00%","-3.85%","0.00%","0.00%"
"","","Total Meals ","","4,770","12,032","9,446","8,410","9,056","8,029","7,789","7,731","4,070","4,248","8,632","16,077","17,970","18,593","20,424","20,714","22,192","23,984","22,951","23,880","22779","21582","21144","22510","19821","16471","18291","19387","20809","21120","20121","20394","20514","21167","20437","20366","21754","21852","21330","21452","22823","21971","21211","20995","21671","23725","24554","25731","26277","27914","26512","26496","26106","27296","28393","26955","25368","24885","23493","20357","12473","13120","18009","23886","26001","26398","28331","28372","27692","26774","27372","26621","25335","24019","21930","19545","23405","23682","23528","22846","22199","22731","22323","22307","21482","21558","21649","21300","21593","21618","21493"
"","","","Orders","4770","12032","9446","8410","9056","8029","7789","7731","4070","4248","8632","16077","17970","18593","20424","20714","22192","23984","22951","23880","22779","21582","21144","22510","19821","16471","18291","19387","20809","21120","20121","20394","20514","21167","20437","20366","21754","21852","21330","21452","22823","21971","21211","20995","21671","23725","24554","25731","26277","27914","26512","26496","26106","27296","28393","26955","25368","24885","23493","20357","12473","13120","18009","23886","26001","26398","28331","28372","27692","26774","27372","26621","25335","24019","21930","19545","23405","23682","23528","22846","22199","22731","22323","22307","21482","21558","21649","21300","21593","21618","21493"
"","","","Additional Samples / Adjustments","","","","","","1254.53%","1216.98%","1207.92%","635.94%","6.6375","13.48771875","2511.95%","2807.74%","2905.11%","3191.25%","3236.58%","3467.50%","3747.52%","","","","","","","","","","","","","","","32","33","32","32","68","68","67","67","71","69","66","66","68","74","77","80","82","87","83","83","82","85","89","84","","","","","","","","","","","","","","","","","","","","","","","","","","","","","","","","","","",""
"","","Total Addons","","7.4534375","18.7995","14.76","13.14","14.14998813","12.5453125","12.16984375","12.07921875","6.359375","","","","","","","","","","","","997.85","","","","","","","","","","","","","","","","","","","","","","","","","","","","","","","","","","","","","","","","","","","","","","","","","","","","","","","","","","","","","","","","","","","","","",""
"","","","Conversions % of total orders","100.0%","90.5%","79.5%","76.1%","78.5%","70.3%","57.5%","43.1%","56.4%","23.7%","48.9%","64.9%","55.7%","39.6%","39.8%","30.9%","36.1%","33.7%","29.9%","28.3%","23.6%","23.2%","23.0%","24.3%","20.5%","19.0%","18.8%","28.1%","25.7%","23.6%","26.6%","23.5%","26.4%","22.7%","21.7%","22.1%","26.0%","23.7%","24.5%","25.4%","27.5%","24.2%","21.5%","22.6%","27.0%","29.0%","","","","","","","","","","","","","","","","","","","","","","","","","","","","","","","","","","","","","","","","","","","","",""
"","","","Pause (% of prior week)","#DIV/0!","33.5%","26.8%","28.1%","25.6%","26.9%","30.2%","30.7%","46.4%","53.1%","34.6%","28.1%","27.3%","27.3%","28.7%","27.1%","29.0%","28.9%","30.1%","29.6%","32.1%","34.9%","34.9%","35.6%","37.5%","43.7%","37.6%","40.7%","36.8%","38.0%","40.2%","38.3%","41.8%","38.0%","39.1%","39.6%","38.3%","37.5%","37.3%","36.9%","37.6%","37.6%","36.5%","39.3%","38.8%","39.3%","","","","","","","","","","","","","","","","","","","","","","","","","","","","","","","","","","","","","","","","","","","","",""
"","","","Pause (% of total)","0.0%","12.9%","27.7%","31.5%","28.1%","31.5%","33.1%","34.4%","59.2%","54.8%","29.1%","19.9%","23.9%","26.9%","27.9%","29.0%","28.8%","29.1%","32.3%","31.1%","34.3%","37.5%","37.9%","36.4%","41.0%","48.7%","42.0%","41.2%","38.5%","39.0%","42.0%","41.1%","43.0%","40.7%","41.9%","40.0%","39.5%","38.9%","40.1%","39.7%","39.0%","41.0%","40.6%","42.0%","41.2%","40.2%","","","","","","","","","","","","","","","","","","","","","","","","","","","","","","","","","","","","","","","","","","","","",""
"","","","Cancel (% of prior week)","#DIV/0!","35.9%","55.7%","43.4%","47.3%","42.0%","32.9%","31.2%","24.3%","13.0%","11.2%","20.9%","24.2%","20.3%","20.0%","19.4%","17.7%","16.9%","18.7%","15.9%","15.2%","14.6%","14.6%","12.8%","14.4%","12.9%","11.4%","13.1%","12.9%","11.9%","14.1%","13.0%","13.6%","12.7%","12.8%","12.1%","11.9%","11.6%","12.2%","12.4%","13.0%","11.5%","12.6%","11.3%","12.8%","10.6%","","","","","","","","","","","","","","","","","","","","","","","","","","","","","","","","","","","","","","","","","","","","",""
"","","","Reactivation (% of prior week)","#REF!","0.0%","0.0%","0.0%","0.0%","0.0%","0.0%","0.0%","0.0%","0.0%","0.0%","0.0%","0.0%","0.0%","0.0%","0.0%","0.0%","0.0%","0.0%","0.0%","0.0%","0.0%","0.0%","0.0%","0.0%","0.0%","0.0%","0.0%","0.0%","0.0%","0.0%","0.0%","0.0%","0.0%","0.0%","0.0%","0.0%","0.0%","0.0%","0.0%","0.0%","0.0%","0.0%","0.0%","0.0%","0.0%","","","","","","","","","","","","","","","","","","","","","","","","","","","","","","","","","","","","","","","","","","","","",""
"","","","Net Cancellation %","#DIV/0!","35.9%","55.7%","43.4%","47.3%","42.0%","32.9%","31.2%","24.3%","13.0%","11.2%","20.9%","24.2%","20.3%","20.0%","19.4%","17.7%","16.9%","18.7%","15.9%","15.2%","14.6%","14.6%","12.8%","14.4%","12.9%","11.4%","13.1%","12.9%","11.9%","14.1%","13.0%","13.6%","12.7%","12.8%","12.1%","11.9%","11.6%","12.2%","12.4%","13.0%","11.5%","12.6%","11.3%","12.8%","10.6%","","","","","","","","","","","","","","","","","","","","","","","","","","","","","","","","","","","","","","","","","","","","",""
"","","","","","","","","","","","","","","","","","","","","","","","","","","","","","","","","","","","","","","","","","","","","","","","","","","","","","","","","","","","","","","","","","","","","","","","","","","","","","","","","","","","","","","","","","","","","","",""
"","Revenue","","","","","","","","","","","","","","","","","","","","","","","","","","","","","","","","","","","","","","","","","","","","","","","","","","","","","","","","","","","","","","","","","","","","","","","","","","","","","","","","","","","","","","","","","","","","",""
"","","Meals GR","","€45,445.66","€112,078.72","€88,175.79","€78,761.61","€83,987.46","€74,143.83","€72,143.84","€70,992.16","€37,489.03","€40,215.51","€82,854.54","€145,652.00","€161,246.72","€166,773.70","€183,267.71","€184,696.36","€198,932.63","€214,738.41","€206,308.79","€215,376.78","€204,816.35","€194,231.23","€190,119.27","€202,208.04","€177,978.45","€147,637.59","€164,456.48","€175,190.03","€186,887.61","€190,480.51","€180,756.04","€183,481.29","€184,476.42","€190,402.09","€183,649.08","€185,672.75","€197,957.51","€199,194.68","€194,159.56","€195,714.05","€207,740.89","€200,147.14","€193,400.06","€191,425.20","€197,721.93","€216,205.12","€223,717.74","€234,675.62","€239,654.35","€250,055.63","€237,184.62","€237,646.53","€233,447.07","€245,453.01","€259,165.30","€242,497.30","€233,970.00","€231,914.49","€217,457.00","€186,343.87","€112,623.90","€118,629.23","€163,392.64","€213,989.99","€233,784.94","€236,168.68","€253,973.03","€255,522.03","€248,678.02","€242,775.10","€245,768.48","€240,485.47","€227,533.72","€216,203.26","€197,226.52","€174,872.45","€210,585.70","€213,066.03","€211,479.69","€205,846.89","€201,034.11","€205,854.92","€202,159.88","€202,020.04","€194,547.80","€195,229.20","€196,053.66","€192,892.71","€195,549.20","€195,780.05","€194,648.06"
"","","Shipping GR","","€4,684.18","€10,853.88","€8,841.24","€7,870.86","€7,990.66","€6,870.53","€6,571.03","€6,343.41","€3,294.50","€3,534.10","€7,122.11","€12,189.65","€13,255.87","€13,938.73","€15,292.47","€15,280.49","€16,616.26","€17,736.39","€17,035.56","€17,784.33","€17,077.49","€16,059.19","€15,597.96","€16,646.21","€14,897.13","€12,225.59","€13,747.05","€14,621.59","€15,388.31","€15,681.82","€14,861.19","€15,118.76","€15,076.83","€15,538.06","€15,094.80","€16,334.73","€17,239.22","€17,508.77","€17,035.56","€17,275.16","€18,125.74","€17,538.72","€17,011.60","€16,837.89","€17,448.87","€19,024.24","€19,689.13","€20,653.52","€21,091.69","€20,366.00","€19,533.39","€19,521.41","€19,257.85","€20,210.26","€21,048.86","€19,695.12","€18,994.29","€18,844.54","€17,790.30","€15,280.49","€9,122.77","€9,811.62","€13,603.29","€17,490.80","€19,227.90","€19,377.65","€20,695.45","€21,006.93","€20,503.77","€20,072.49","€20,342.04","€19,904.77","€18,922.41","€18,119.75","€16,358.69","€14,597.63","€17,814.26","€17,754.36","€17,550.70","€17,257.19","€16,853.71","€17,257.86","€16,948.09","€16,936.37","€16,309.93","€16,367.06","€16,436.17","€16,171.18","€16,393.88","€16,413.24","€16,318.34"
"","","Add-Ons GR","","","","","","","","","","","","","","","","","","","","","","","","","","","","","","","","","","","","","","","","","","","","","","","","","","","","","","","","","","","","","","","","","","","","","","","","","","","","","","","","","","","","","","","","","","","",""
"","","Total Weekly GR","","€50,129.84","€122,932.60","€97,017.03","€86,632.47","€91,978.12","€81,014.36","€78,714.87","€77,335.57","€40,783.53","€43,749.61","€89,976.65","€157,841.65","€174,502.59","€180,712.43","€198,560.18","€199,976.85","€215,548.89","€232,474.80","€223,344.35","€233,161.11","€221,893.84","€210,290.42","€205,717.23","€218,854.25","€192,875.58","€159,863.18","€178,203.53","€189,811.62","€202,275.92","€206,162.33","€195,617.23","€198,600.05","€199,553.25","€205,940.15","€198,743.88","€202,007.48","€215,196.73","€216,703.45","€211,195.12","€212,989.21","€225,866.63","€217,685.86","€210,411.66","€208,263.09","€215,170.80","€235,229.36","","","","","","","","","","","","","","","","€128,440.85","€176,995.93","€231,480.79","€253,012.84","€255,546.33","€274,668.48","€276,528.96","€269,181.79","€262,847.59","€266,110.52","€260,390.24","€246,456.13","€234,323.01","€213,585.21","€189,470.08","€228,399.96","€230,820.39","€229,030.39","€223,104.08","€217,887.82","€223,112.78","€219,107.97","€218,956.40","€210,857.73","€211,596.25","€212,489.83","€209,063.89","€211,943.08","€212,193.29","€210,966.39"
"","","","Annualized Weekly GR","€2,606,751.65","€6,392,495.37","€5,044,885.47","€4,504,888.41","€4,782,862.14","€4,212,746.98","€4,093,173.17","€4,021,449.62","€2,120,743.71","€2,274,979.62","€4,678,786.05","€8,207,765.76","€9,074,134.55","€9,397,046.25","€10,325,129.50","€10,398,796.16","€11,208,542.16","€12,088,689.39","€11,613,906.11","€12,124,377.79","€11,538,479.55","€10,935,101.98","€10,697,296.18","€11,380,420.89","€10,029,530.39","€8,312,885.27","€9,266,583.69","€9,870,204.14","€10,518,347.75","€10,720,441.27","€10,172,095.89","€10,327,202.42","€10,376,769.11","€10,708,887.81","€10,334,681.62","€10,504,389.10","€11,190,230.18","€11,268,579.43","€10,982,146.32","€11,075,439.14","€11,745,064.52","€11,319,664.47","€10,941,406.22","€10,829,680.59","€11,188,881.68","€12,231,926.73","","","","","","","","","","","","","","","","","","","","","","","","","","","","","","","","","","","","","","","","","","","","",""
"","","","","","","","","","","","","","","","","","","","","","","","","","","","","","","","","","","","","","","","","","","","","","","","","","","","","","","","","","","","","","","","","","","","","","","","","","","","","","","","","","","","","","","","","","","","","","",""
"","","Meals AOV","","€58.11","€61.85","€59.74","€59.94","€62.96","€64.64","€65.76","€67.04","€68.16","€68.16","€69.68","€71.57","€72.86","€71.67","€71.79","€72.40","€71.71","€72.52","€72.54","€72.54","€71.84","€72.45","€73.01","€72.76","€71.56","€72.34","€71.66","€71.77","€72.75","€72.76","€72.86","€72.69","€73.29","€73.40","€72.88","€68.09","€68.78","€68.15","€68.27","€67.86","€68.65","€68.36","€68.10","€68.10","€67.88","€68.07","€68.06","€68.06","€68.06","€73.55","€72.73","€72.92","€72.61","€72.75","€73.75","€73.75","€73.78","€73.72","€73.22","€73.05","€73.95","€72.42","€71.95","€73.28","€72.83","€73.00","€73.51","€72.86","€72.65","€72.45","€72.37","€72.37","€72.03","€71.47","€72.22","€71.76","€70.81","€71.88","€72.18","€71.45","€71.45","€71.45","€71.45","€71.45","€71.45","€71.45","€71.45","€71.45","€71.45","€71.45","€71.45"
"","","Shipping AOV","","€5.99","€5.99","€5.99","€5.99","€5.99","€5.99","€5.99","€5.99","€5.99","€5.99","€5.99","€5.99","€5.99","€5.99","€5.99","€5.99","€5.99","€5.99","€5.99","€5.99","€5.99","€5.99","€5.99","€5.99","€5.99","€5.99","€5.99","€5.99","€5.99","€5.99","€5.99","€5.99","€5.99","€5.99","€5.99","€5.99","€5.99","€5.99","€5.99","€5.99","€5.99","€5.99","€5.99","€5.99","€5.99","€5.99","€5.99","€5.99","€5.99","€5.99","€5.99","€5.99","€5.99","€5.99","€5.99","€5.99","€5.99","€5.99","€5.99","€5.99","€5.99","€5.99","€5.99","€5.99","€5.99","€5.99","€5.99","€5.99","€5.99","€5.99","€5.99","€5.99","€5.99","€5.99","€5.99","€5.99","€5.99","€5.99","€5.99","€5.99","€5.99","€5.99","€5.99","€5.99","€5.99","€5.99","€5.99","€5.99","€5.99","€5.99","€5.99"
"","","Add-Ons AOV","","€0.00","€0.00","€0.00","€0.00","€0.00","€0.00","€0.00","€0.00","€0.00","€0.00","€0.00","€0.00","€0.00","€0.00","€0.00","€0.00","€0.00","€0.00","€0.00","€0.00","€0.00","€0.00","€0.00","€0.00","€0.00","€0.00","€0.00","€0.00","€0.00","€0.00","€0.00","€0.00","€0.00","€0.00","€0.00","€0.00","€0.00","€0.00","€0.00","€0.00","€0.00","€0.00","€0.00","€0.00","€0.00","€0.00","€0.00","€0.00","€0.00","€0.00","€0.00","€0.00","€0.00","€0.00","€0.00","€0.00","€0.00","€0.00","€0.00","€0.00","€0.00","€0.00","€0.00","€0.00","€0.00","€0.00","€0.00","€0.00","€0.00","€0.00","€0.00","€0.00","€0.00","€0.00","€0.00","€0.00","€0.00","€0.00","€0.00","€0.00","€0.00","€0.00","€0.00","€0.00","€0.00","€0.00","€0.00","€0.00","€0.00","€0.00","€0.00"
"","","Total Gross AOV","","€64.10","€67.84","€65.73","€65.93","€68.95","€70.63","€71.75","€73.03","€74.15","€74.15","€75.67","€77.56","€78.85","€77.66","€77.78","€78.39","€77.70","€78.51","€78.53","€78.53","€77.83","€78.44","€79.00","€78.75","€77.55","€78.33","€77.65","€77.76","€78.74","€78.75","€78.85","€78.68","€79.28","€79.39","€78.87","€74.08","€74.77","€74.14","€74.26","€73.85","€74.64","€74.35","€74.09","€74.09","€73.87","€74.06","€74.05","€74.05","€74.05","€79.54","€78.72","€78.91","€78.60","€78.74","€79.74","€79.74","€79.77","€79.71","€79.21","€79.04","€79.94","€78.41","€77.94","€79.27","€78.82","€78.99","€79.50","€78.85","€78.64","€78.44","€78.36","€78.36","€78.02","€77.46","€78.21","€77.75","€76.80","€77.87","€78.17","€77.44","€77.44","€77.44","€77.44","€77.44","€77.44","€77.44","€77.44","€77.44","€77.44","€77.44","€77.44"
"","","","","","","","","","","","","","","","","","","","","","","","","","","","","","","","","","","","","","","","","","","","","","","","","","","","","","","","","","","","","","","","","","","","","","","","","","","","","","","","","","","","","","","","","","","","","","",""
"","","","","","","","","","","","","","","","","","","","","","","","","","","","","","403,319","","","","","","","","","","","","","","","","","","","","","","","","","","","","","","","","","","","","","","","","","","","","","","","","","","","","","","","","","","","","","","","","",""
"","Model Drivers","","","Box size distribution","","","","","","","","","","","","","","","","","","","","","","","","","","","","","","","","","","","","","","","","","","","","","","","","","","","","","","","","","","","","","","","","","","","","","","","","","","","","","","","","","","","","","","","","","",""
"","","Meals per Box","","6.10","6.64","6.40","6.40","6.79","7.00","7.10","7.30","7.40","7.20","7.26","7.90","8.12","7.99","8.00","8.12","8.00","8.10","8.07","8.04","7.99","8.05","8.12","8.10","7.97","8.07","7.97","7.94","8.10","8.07","8.11","8.08","8.15","8.16","8.11","7.47","7.56","7.48","7.50","7.44","7.54","7.50","7.47","7.47","7.44","7.47","7.47","7.46","7.46","8.21","8.13","8.13","8.12","8.09","8.08","8.20","8.00","7.91","7.91","7.98","8.19","8.01","7.93","8.18","8.10","8.16","8.20","8.09","8.09","7.99","8.06","8.01","8.02","7.94","8.03","8.02","7.87","7.99","8.03","7.93","7.89","7.89","7.89","7.89","7.89","7.89","7.89","7.89","7.89","7.89","7.89"
"","","","6","94.25%","83.00%","85.98%","86.15%","76.01%","70.71%","67.18%","61.00%","56.28%","56.28%","52.36%","45.45%","41.98%","44.69%","44.93%","41.43%","44.52%","43.06%","43.64%","43.64%","44.93%","44.01%","43.20%","43.43%","44.87%","42.23%","44.92%","45.51%","43.36%","44.16%","47.20%","48.22%","47.24%","48.00%","48.93%","52.99%","51.32%","53.20%","53.16%","53.26%","52.45%","52.73%","55.07%","55.07%","56.16%","54.63%","55.40%","55.40%","55.40%","51.74%","52.44%","52.50%","50.89%","51.27%","46.13%","46.13%","45.54%","44.56%","47.47%","48.45%","47.54%","51.16%","53.76%","49.49%","51.09%","51.53%","51.17%","52.30%","53.52%","53.83%","53.50%","53.50%","54.12%","55.07%","54.05%","54.58%","57.23%","54.95%","54.83%","56.42%","56.42%","56.42%","56.42%","56.42%","56.42%","56.42%","56.42%","56.42%","56.42%","56.42%","56.42%"
"","","","8","4.60%","5.00%","10.84%","10.35%","15.82%","19.01%","20.05%","24.55%","28.05%","28.05%","28.96%","33.91%","33.03%","33.22%","32.90%","34.22%","32.41%","33.03%","33.16%","33.16%","32.94%","32.30%","32.45%","32.75%","33.45%","35.08%","33.25%","32.32%","32.89%","32.47%","27.81%","26.90%","26.74%","25.67%","25.08%","26.37%","25.75%","25.73%","25.00%","26.73%","24.92%","25.58%","22.87%","22.87%","22.00%","23.08%","22.70%","22.70%","22.70%","19.50%","19.87%","19.85%","21.56%","21.16%","24.19%","24.19%","25.10%","26.48%","24.48%","23.60%","22.59%","21.86%","20.21%","20.38%","20.12%","18.70%","19.48%","19.56%","18.43%","19.84%","18.40%","18.40%","18.65%","18.77%","18.32%","18.09%","17.61%","18.54%","18.32%","17.71%","17.71%","17.71%","17.71%","17.71%","17.71%","17.71%","17.71%","17.71%","17.71%","17.71%","17.71%"
"","","","10","0.77%","10.00%","2.03%","1.90%","4.35%","4.97%","6.65%","7.65%","7.47%","7.47%","9.60%","10.12%","11.48%","10.31%","10.34%","11.05%","10.49%","10.74%","10.34%","10.34%","10.42%","11.56%","10.98%","10.47%","10.09%","10.53%","10.20%","10.57%","11.09%","10.58%","11.04%","11.17%","11.64%","11.72%","11.79%","14.92%","16.71%","15.22%","16.00%","14.84%","15.83%","15.40%","15.65%","15.65%","15.52%","16.81%","15.73%","15.73%","15.73%","12.03%","12.33%","11.94%","12.85%","12.42%","13.86%","13.86%","14.16%","13.80%","13.47%","13.68%","14.12%","13.49%","12.29%","14.28%","14.80%","14.03%","13.72%","13.46%","13.12%","12.65%","13.63%","13.63%","13.25%","13.01%","13.39%","13.42%","12.41%","12.42%","12.58%","12.45%","12.45%","12.45%","12.45%","12.45%","12.45%","12.45%","12.45%","12.45%","12.45%","12.45%","12.45%"
"","","","12","0.13%","1.00%","0.75%","0.99%","1.72%","1.92%","2.28%","3.02%","3.46%","3.46%","4.04%","4.08%","6.42%","5.20%","4.50%","5.57%","5.19%","4.83%","5.10%","5.10%","4.14%","4.81%","5.30%","5.00%","4.99%","4.95%","4.92%","4.26%","5.45%","5.58%","5.88%","5.47%","5.44%","5.67%","5.91%","5.68%","6.12%","5.78%","5.80%","5.17%","6.74%","6.28%","6.37%","6.37%","6.28%","5.42%","5.66%","5.66%","5.66%","6.44%","6.04%","6.20%","6.19%","6.34%","6.63%","6.63%","6.34%","7.06%","6.26%","5.88%","6.37%","5.31%","5.28%","6.78%","4.95%","6.71%","5.64%","5.90%","5.67%","6.06%","5.80%","5.80%","5.68%","5.34%","6.09%","6.01%","5.00%","5.82%","5.47%","5.57%","5.57%","5.57%","5.57%","5.57%","5.57%","5.57%","5.57%","5.57%","5.57%","5.57%","5.57%"
"","","","14","0.13%","1.00%","0.14%","0.30%","0.75%","1.39%","1.64%","1.70%","3.46%","3.46%","2.19%","2.51%","3.03%","2.58%","2.98%","2.98%","3.03%","3.61%","3.62%","3.62%","3.40%","3.47%","3.69%","3.63%","3.10%","3.28%","3.05%","3.11%","3.43%","3.13%","3.35%","3.76%","4.13%","3.62%","3.29%","0.04%","0.10%","0.07%","0.04%","0.00%","0.07%","0.00%","0.04%","0.04%","0.03%","0.06%","0.40%","0.40%","0.40%","4.12%","3.65%","3.77%","3.20%","3.29%","4.01%","4.01%","3.91%","4.04%","3.60%","3.61%","3.87%","3.72%","3.70%","3.77%","3.46%","3.43%","3.65%","3.17%","3.62%","3.16%","3.45%","3.45%","3.28%","2.96%","2.99%","2.50%","3.25%","3.30%","3.13%","2.97%","2.97%","2.97%","2.97%","2.97%","2.97%","2.97%","2.97%","2.97%","2.97%","2.97%","2.97%"
"","","","16","0.13%","0.00%","0.20%","0.30%","1.35%","2.01%","2.19%","2.08%","1.28%","1.28%","2.86%","3.88%","3.66%","3.61%","3.92%","3.88%","3.64%","4.12%","3.87%","3.87%","3.79%","3.66%","4.15%","4.32%","3.18%","3.58%","3.36%","3.89%","3.70%","4.09%","4.64%","4.44%","4.77%","5.32%","4.92%","0.00%","0.00%","0.00%","0.00%","0.00%","0.00%","0.00%","0.00%","0.00%","0.00%","0.00%","0.09%","0.09%","0.09%","5.91%","5.34%","5.49%","4.95%","5.19%","4.70%","4.70%","4.60%","3.81%","4.48%","4.55%","5.25%","4.33%","4.58%","4.79%","5.23%","5.13%","6.05%","5.45%","5.38%","4.77%","4.92%","4.92%","4.76%","4.58%","4.96%","4.99%","4.19%","4.78%","5.47%","4.74%","4.74%","4.74%","4.74%","4.74%","4.74%","4.74%","4.74%","4.74%","4.74%","4.74%","4.74%"
"","","","18","","","","","0.00","","","0.00","0.00","","0.00%","0.00","","","","","","","","","","","","","","","","","","","","","","","","","","","","","","","","","","","","","","","","","","","","","","","","","","","","","","","","","","","","","","","","","","","","","","","","","","","","","","",""
"","","","","","","","","","","","","","","","","","","","","","","","","","","","","","","","","","","","","","","","","","","","","","","","","","","","","","","","","","","","","","","","","","","","","","","","","","","","","","","","","","","","","","","","","","","","","","",""
"","Box Breakdown","","","","","","","","","","","","","","","","","","","","","","","","","","","","","","","","","","","","","","","","","","","","","","","","","","","","","","","","","","","","","","","","","","","","","","","","","","","","","","","","","","","","","","","","","","","","",""
"","","","","","","","","","","","","","","","","","","","","","","","","","","","","","","","","","","","","","","","","","","","","","","","","","","","","","","","","","","","","","","","","","","","","","","","","","","","","","","","","","","","","","","","","","","","","","",""
"","","","Box S - 6 Meal","737","1504","1269","1132","1014","811","737","646","310","332","623","925","929","1040","1147","1057","1235","1275","1241","1296","1281","1180","1125","1207","1116","862","1031","1111","1114","1156","1171","1217","1189","1245","1233","1445","1477","1555","1512","1536","1587","1544","1564","1548","1636","1735","1821","1910","1951","1759","1710","1711","1636","1730","1621","1517","1444","1402","1410","1236","724","838","","","","","","","","","","","","","","","","","","","","","","","","","","","","",""
"","","","Box S - 8 Meal","36","91","160","136","211","218","220","260","154","165","344","690","731","773","840","873","899","978","943","985","939","866","845","910","832","716","763","789","845","850","690","679","673","666","632","719","741","752","711","771","754","749","650","643","641","733","746","783","799","663","648","647","693","714","850","795","796","833","727","602","344","358","","","","","","","","","","","","","","","","","","","","","","","","","","","","",""
"","","","Box M - 10 Meal","6","181","30","25","58","57","73","81","41","44","114","206","254","240","264","282","291","318","294","307","297","310","286","291","251","215","234","258","285","277","274","282","293","304","297","407","481","445","455","428","479","451","444","440","452","534","517","542","554","409","402","389","413","419","487","456","449","434","400","349","215","221","","","","","","","","","","","","","","","","","","","","","","","","","","","","",""
"","","","Box M - 12 Meal","1","18","11","13","23","22","25","32","19","20","48","83","142","121","115","142","144","143","145","151","118","129","138","139","124","101","113","104","140","146","146","138","137","147","149","155","176","169","165","149","204","184","181","179","183","172","186","195","199","219","197","202","199","214","233","218","201","222","186","150","97","87","","","","","","","","","","","","","","","","","","","","","","","","","","","","",""
"","","","Box L - 14 Meal","1","18","2","4","10","16","18","18","19","20","26","51","67","60","76","76","84","107","103","107","97","93","96","101","77","67","70","76","88","82","83","95","104","94","83","1","3","205","114","0","212","0","114","112","87","191","1315","1379","1408","14008","11903","12286","10288","11100","14091","13185","12399","127","107","92","59","61","","","","","","","","","","","","","","","","","","","","","","","","","","","","",""
"","","","Box L - 16 Meal","1","0","3","4","18","23","24","22","7","8","34","79","81","84","100","99","101","122","110","115","108","98","108","120","79","73","77","95","95","107","115","112","120","138","124","0","0","0","0","0","0","0","0","0","0","0","3","3","3","201","174","179","159","175","165","155","146","120","133","116","80","71","","","","","","","","","","","","","","","","","","","","","","","","","","","","",""
"","","Regular","Summer","","","","","","","","","","","","","","","","","","","","","","","","","","","","","","","","","","","","","","","","","","","","","","","","","","","","","","","","","","","","","","","","","","","","","","","","","","","","","","","","","","","","","","","","","","",""
"","Factor Box Small","65.00%","55.00%","773","1595","1429","1268","1225","1029","957","906","464","498","967","1615","1660","1813","1987","1930","2134","2253","2184","2280","2220","2046","1970","2117","1948","1578","1794","1900","","","","","","","","","","","","","1664","1610","1562","1546","1602","2064","2137","2241","2289","2210","2120","2118","2090","2193","2284","2137","2061","2045","1931","1658","990","1065","1476","1898","2087","2103","2246","2280","2225","2178","2207","2160","2053","1966","","","","","","","","","","","","","","","","",""
"","Factor Box Medium","27.00%","25.00%","7","199","41","38","81","79","98","113","60","64","162","289","396","361","379","424","435","461","439","458","415","439","424","430","375","316","347","362","","","","","","","","","","","","","757","732","710","703","728","858","887","931","951","918","880","880","868","911","949","888","856","849","802","689","411","442","613","788","867","873","933","947","924","905","917","897","853","817","","","","","","","","","","","","","","","","",""
"","Factor Box Large","8.00%","20.00%","2","18","5","8","28","39","42","40","26","28","60","130","148","144","176","175","185","229","213","222","205","191","204","221","156","140","147","171","","","","","","","","","","","","","605","586","568","562","583","254","263","276","282","272","261","261","257","270","281","263","254","252","238","204","122","131","182","234","257","259","276","281","274","268","272","266","253","242","","","","","","","","","","","","","","","","",""
"","","100.00%","Total ","782","1812","1475","1314","1334","1147","1097","1059","550","590","1189","2034","2204","2318","2542","2529","2754","2943","2836","2961","2840","2676","2598","2768","2479","2034","2288","2433","","","","","","","","","","","","","3026","2928","2840","2811","2913","3176","3287","3448","3521","3400","3261","3259","3215","3374","3514","3288","3171","3146","2970","2551","1523","1638","2271","2920","3210","3235","3455","3507","3423","3351","3396","3323","3159","3025","","","","","","","","","","","","","","","","",""
"","","","","","","","","","","","","","","","","","","","","","","","","","","","","","","","","","","","","","","","","","","","","","","","","","","","","","","","","","","","","","","","","","","","","","","","","","","","","","","","","","","","","","","","","","","","","","",""
"","Box Stock ","","","","","","","","","","","","","","","","","","","","","","","","","","","","","","","","","","","","","","","","","","","","","","","","","","","","","","","","","","","","","","","","","","","","","","","","","","","","","","","","","","","","","","","","","","","","",""
"","","","","","","","","","","","","","","","","","","","","","","","","","","","","","","","","","","","","","","","","","","","","","","","","","","","","","","","","","","","","","","","","","","","","","","","","","","","","","","","","","","","","","","","","","","","","","",""
"Smurfit Kappa GmbH - Wellpappe Sarstedt","","Box Stock After Production - S","","","","","","","","","","","","","","","","","","","","","","","","","","","","","","","","","","","","","","","","","","","","","7830","6228","4163","2794","553","6264","4054","3120","1030","12140","9947","20863","18726","29865","27820","25889","24231","23241","22177","20700","15700","13614","11511","22465","20185","17961","15782","13575","11415","9362","7395","","","","","","","","","","","","","","","","",""
"Supplier Code: 10210","","Box Stock After Production - M","","","","","","","","","","","","","","","","","","","","","","","","","","","","","","","","","","","","","","","","","","","","","9488","8760","7902","6670","5739","6788","5870","5591","4991","4123","3212","8863","7975","7119","9670","8868","8179","7768","7326","6713","11080","10213","9340","11807","10860","9936","9031","8114","7217","6364","5547","","","","","","","","","","","","","","","","",""
"","","Box Stock After Production - L","","","","","","","","","","","","","","","","","","","","","","","","","","","","","","","","","","","","","","","","","","","","","460","3377","3123","2420","2144","4922","4650","3774","3284","3027","2757","2476","2213","4479","4227","3990","3786","3664","3533","3351","1140","883","624","3228","2947","2674","2406","2134","1868","1615","1373","","","","","","","","","","","","","","","","",""
"","","","","","","","","","","","","","","","","","","","","","","","","","","","","","","","","","","","","","","","","","","","","","","","","","","","","","","","","","","","","","","","","","","","","","","","","","","","","","","","","","","","","","","","","","","","","","",""
"","Box Delivery ","","","","","","","","","","","","","","","","","","","","","","","","","","","","","","","","","","","","","","","","","","","","","","","","","","","","","","","","","","","","","","","","","","","","","","","","","","","","","","","","","","","","","","","","","","","","",""
"PCK-00-136827-5","S","400","€0.48","","","","","","","","","","","","","","","","","","","","","","","","","","","","","","","","","","","","","","","","","","","","","","","","","20","","3","","33","","33","","33","","","","","","","","","","33","","","","","","","","","","","","","","","","","","","","","","","",""
"PCK-00-136828-5","M","200","€0.56","","","","","","","","","","","","","","","","","","","","","","","","","","","","","","","","","","","","","","","","","","","","","","","","","10","","","","","","33","","","17","","","","","","","","","17","","","","","","","","","","","","","","","","","","","","","","","",""
"PCK-00-136829-5","L","180","€0.93","","","","","","","","","","","","","","","","","","","","","","","","","","","","","","","","","","","","","","","","","","","","","3500","","","","17","","","","","","","","14","","","","","","","","","","16","","","","","","","","","","","","","","","","","","","","","","","",""
"","PO Nr.","","","","","","","","","","","","","","","","","","","","","","","","","","","","","","","","","","","","","","","","","","","","","","","2536VE825216","","2537NI827761","","2540VE838296","","2541NI842785","","2544NI845129","","2545NI849144","","2548NI857354","2548NI863223","","","","","","","","","2605NI882767  2605VF888888","","","","","","","","","","","","","","","","","","","","","","","",""
"","","","","","","","","","","","","","","","","","","","","","","","","","","","","","","","","","","","","","","","","","","","","","","","","","","2537NI827759","","","","","","24.10.2025","","2545NI849145","","2548NI857352","","","","","","","","","","2605NI882769  2605VF888887","","","","","","","","","","","","","","","","","","","","","","","",""
"","Liner Stock","","","","","","","","","","","","","","","","","","","","","","","","","","","","","","","","","","","","","","","","","","","","","","","","","","","","","","","","","","","","","","","","","","","","","","","","","","","","","","","","","","","","","","","","","","","","",""
"","","","","","","","","","","","","","","","","","","","","","","","","","","","","","","","","","","","","","","","","","","","","","","","","","","","","","","","","","","","","","","","","","","","","","","","","","","","","","","","","","","","","","","","","","","","","","",""
"","","","Total liner needed ","1564","3624","2950","2628","2668","2294","2194","2118","1100","1180","2378","4068","4408","4636","5084","5058","5508","5886","5673","5922","5680","5352","","","","","","","","","","","","","","","","","","","6052","5856","5680","5622","5826","6352","6574","6896","7042","6800","6522","6518","6430","6748","7028","6576","6342","6292","5940","5102","3046","3276","4542","5840","6420","6470","6910","7014","6846","6702","6792","6646","6318","6050","","","","","","","","","","","","","","","","",""
"Supplier Code:111571","","","","","","","","","Actuals Updated","","","","","","","","","","","","","","","","","","","","","","","","","","","","","","","","","","","","","","","","","","","","","","","","","","","","","","","","","","","","","","","","","","","","","","","","","","","","","","","","","","","","",""
"Supplier: easy2cool GmbH","","Stock after the Weeks Production ","S","-1048","-4237","1833","4877","14703","22932","21018","19206","18279","17284","15350","24396","21076","19456","15482","11622","19630","15124","23032","18471","46920","42828","","","","","","","","","","","","","","","","","","","","27988","24864","21772","30844","26715","22442","30235","25658","21238","31788","27551","23372","18986","26693","22419","18297","26483","22622","19306","29602","27472","24520","20724","28140","23935","19443","27160","22710","18354","13939","21895","17788","13856","","","","","","","","","","","","","","","","",""
"","","","M1","477","277","1580","2886","4486","4704","4606","4493","4433","4368","4206","3917","3521","3380","3001","2577","2142","1681","3930","3472","3192","2753","","","","","","","","","","","","","","","","","","","","5905","5195","4492","6788","5930","5043","7136","6185","5267","7851","6971","6103","5192","7267","6380","5523","7698","6896","6207","8820","8378","7765","6976","15270","14397","13464","12517","15289","14384","13467","12570","11717","10900","","","","","","","","","","","","","","","","",""
"","","","M2","368","169","1447","2466","3969","4608","4510","4397","4337","4272","4110","3821","3425","3024","2645","2221","1786","1325","3526","3068","3168","2729","","","","","","","","","","","","","","","","","","","","5776","5066","4363","6275","5417","4530","6767","5816","4898","7608","6728","5860","4949","7168","6281","5424","7743","6941","6252","9009","8567","7954","7165","15780","14907","13974","13027","15271","14366","13449","12552","11699","10882","","","","","","","","","","","","","","","","",""
"","","","L1","309","291","286","1238","1594","2000","1958","1918","1892","1864","1804","1674","1526","1352","1176","1001","816","587","2102","1880","1872","1681","","","","","","","","","","","","","","","","","","","","2966","2398","1836","2789","2535","2272","3148","2867","2595","2611","2350","2093","1823","2694","2431","2177","3078","2840","2636","3666","3535","3353","3120","2854","2595","2319","2038","2916","2648","2377","2111","1858","1616","","","","","","","","","","","","","","","","",""
"","","","L2","418","400","395","1707","2471","2448","2406","2366","2340","2312","2252","2122","1974","1892","1716","1541","1356","1127","2498","2276","2016","1825","","","","","","","","","","","","","","","","","","","","3066","2498","1936","2937","2683","2420","3728","3447","3175","3395","3134","2877","2607","3910","3647","3393","4726","4488","4284","5746","5615","5433","5200","3258","2999","2723","2442","3224","2956","2685","2419","2166","1924","","","","","","","","","","","","","","","","",""
"","","","","","","","","","","","","","","","","","","","","","","","","updated on the 13th","","","","","","","","","","","","","","","","","","","","","","","","","","","","","","","","","","","","","","","","","","","","","","","","","","","","","","","","","","","","","","","","","","","","","",""
"","","","","","","","","","","","","","","","","","","","","","","","","","","","","","","","","","","","","","","","","","","","","","","","","","","","","","","","","","","","","","","","","","","","","","","","","","","","","","","","","","","","","","","","","","","","","","",""
"","","Stock in pallets","S","","","","","","","","","","","","","","","","","","","","50","126","115","0","0","0","0","0","0","0","0","0","0","0","0","0","0","0","0","0","0","0","75","67","59","83","72","60","81","69","57","85","74","63","51","72","60","49","71","61","52","80","74","66","56","76","64","52","73","61","49","37","59","48","37","","","","","","","","","","","","","","","","",""
"","","","M1","","","","","","","","","","","","","","","","","","","","10","10","8","0","0","0","0","0","0","0","0","0","0","0","0","0","0","0","0","0","0","0","18","15","13","20","18","15","21","18","16","23","21","18","15","22","19","16","23","21","18","26","25","23","21","45","43","40","37","46","43","40","37","35","32","","","","","","","","","","","","","","","","",""
"","","","M2","","","","","","","","","","","","","","","","","","","","12","12","10","0","0","0","0","0","0","0","0","0","0","0","0","0","0","0","0","0","0","0","22","19","17","24","21","17","26","22","19","29","25","22","19","27","24","21","29","26","24","34","32","30","27","60","56","53","49","58","54","51","48","44","41","","","","","","","","","","","","","","","","",""
"","","","L1","","","","","","","","","","","","","","","","","","","","10","10","9","0","0","0","0","0","0","0","0","0","0","0","0","0","0","0","0","0","0","0","15","12","10","15","13","12","16","15","14","14","12","11","9","14","13","11","16","15","14","19","18","17","16","15","14","12","11","15","14","12","11","10","8","","","","","","","","","","","","","","","","",""
"","","","L1","","","","","","","","","","","","","","","","","","","","9","8","7","0","0","0","0","0","0","0","0","0","0","0","0","0","0","0","0","0","0","0","12","9","7","11","10","9","14","13","12","13","12","11","10","15","14","13","18","17","16","22","21","21","20","12","11","10","9","12","11","10","9","8","7","","","","","","","","","","","","","","","","",""
"","","","","","","","","","","","","","","","","","","","","","","","","","","","","","","","","","","","","","","","","","","","","","142","123","105","153","133","113","159","137","117","164","144","125","105","149","130","110","157","139","124","181","171","157","140","208","189","168","179","192","172","151","164","145","127","","","","","","","","","","","","","","","","",""
"","","","","","","","","","","","","","","","","","","","","","","","","","","","","","","","","","","","","","","","","","","","","","","","","","","","","","","","","","","","","","","","","","","","","","","","","","","","","","","","","","","","","","","","","","","","","","",""
"","Liner Delivery","","","","","","","","","","","","","","","","","Order today","Order","","","","","","","","","","","","","","","","","","","","","","","","","","","","","","","","","","","","","","","","","","","","","","","","","","","","","","","","","","","","","","","","","","","","","","","","","","",""
"Liners per pallet ","372","S","1.34","","","24","15","33","","","","","","","33","","","","","33","","33","","66","","","","","","","","33","","33","","33","","","","","","","33","","","","","33","","","33","","","33","","","","33","","","33","","","33","","","","33","","","33","","","","33","","","","","","","","","","","","","","","","","","",""
"","336","M1","1.44","","","4","4","5","","","","","","","","","","","","","","8","","","","","","12","","","","9","","","","","","9","","","","","9","","4","","","9","","","9","","","9","","","","9","","","9","","","9","","","","10","","","","11","","","","","","","","","","","","","","","","","","","","","",""
"","264","M2","1.42","","","5","4","6","","","","","","","","","","","","","","10","","","","","","12","","","","10","","","","","","10","","","","","10","","10","","","10","","","12","","","12","","","","12","","","12","","","12","","","","12","","","","12","","","","","","","","","","","","","","","","","","","","","",""
"","192","L1","1.62","","","","5","2","","","","","","","","","","","","","","9","","","","","","5","","","","8","","","","","","8","","","","","8","","9","","","8","","","6","","","6","","","","6","","","6","","","6","","","","11","","","","6","","","","","","","","","","","","","","","","","","","","","",""
"","264","L2","1.59","","","","5","3","","","","","","","","","","","","","","6","","","","","","4","","","","6","","","","","","6","","","","","6","","10","","","6","","","6","","","6","","","","6","","","6","","","6","","","","0","","","","4","","","","","","","","","","","","","","","","","","","","","",""
"","","","7.41","","","33","33","49","","8928","5580","12276","","","33","","","","","33","","66","","66","","","","33","","","","66","","33","","33","","33","","","","","66","","33","","","66","","","66","","","66","","","","66","","","66","","","66","","","","","","","","","","","","","","","","","","","","","","","","","","","","","",""
"","","","12276","","","","","","","1344","1344","1680","","","","","","","","","","","","","","","","2516VE764283","","","","2520VE770847","","2522NI778997","","2524NI784221","","2526VE784964","","","","","2530NI807124","","2533NI815559","","","2535NI821000","","","2538NI830832","","","2541NI842220","","","","2546NI854657","","2547NI857879 - M&L
2547NI857887 - S","","","","2551NI869298 - S
2551NI869299 - M & L","","","","2603NI871391 - S
2603NI871393 - M&L","","","2606NI883942 - S
","2606NI883943 - M&L","","","2610VF887539 - S","","","","","","","","","","","","","","","","","","",""
"","","","24552","","","","","","","1320","1056","1584","","","","","","","","","","","","","","","","","","","","","","","","","","","","","","","","","","","","2535NI821002","","","2538NI830833","","","2541NI842222","","","","2546NI854659","","","","","","","","","","13.01","","","3.02","10.02","","","3.03","","","","","","","","","","","","","","","","","","",""
"","","","","","","","","","","0","960","384","","","","","","","","","","","","","","","","","","","","","","","","","","","","","","","","","","","","","","","","","","","","","","Raise PO - 1250liners (safty stock) ","","","","","","","","","","","","","2606VF888923","2606VF888922","","","","","","","","","","","","","","","","","","","","","",""
"","","","","","","","","","","","","","","","","","","","","","","","","","","","","","","","","","","","","","","","","","","","","","","","","","","","","","","","","","","","","","","","","","","","","","","","","","","","","","","","","","","","","","","","","","","","","","",""
"","Ice Stock","","","","","","","","","","","","","","","","","","","","","","","","","","","","","","","","","","","","","","","","","","","","","","","","","","","","","","","","","","","","","","","","","","","","","","","","","","","","","","","","","","","","","","","","","","","","",""
"PCK-00-136846-1","","","","","","","","","Updated from actual Verden stock","","","","","","41346","","","","","","","","","","","","","","","","","","","","","","","","","","","","","","","","","","","","","","","","","","","","","","","","","","","","","","","","","","","","","","","","","","","","","","","","","","","","","","",""
"","Ice Needed Per week","","","","","","","","","","","","","","","","","","","","","","","","","","","","","","","","","","","","","","","","","","","8019","7759","7526","7449","7719","7718","7987","8379","8556","8262","7924","7919","7812","8199","8539","7990","7706","7645","7217","6199","3701","3980","5519","7096","7800","7861","8396","8522","8318","8143","8252","8075","7676","7351","","","","","","","","","","","","","","","","",""
"","Ice in Pallets ","","","","","","","","","","","","","","","","","","","","","","","","","","","","","","","","","","","","","","","","","","","17","17","16","16","16","16","17","18","18","18","17","17","17","18","18","17","16","16","15","13","8","9","12","15","17","17","18","18","18","17","18","17","16","16","","","","","","","","","","","","","","","","",""
"","","","","","","","","","","","","","","","","","","","","","","","","","","","","","","","","","","","","","","","","","","","","","","","","","","","","","","","","","","","","","","","","","","","","","","","","","","","","","","","","","","","","","","","","","","","","","",""
"","Ice Stock before Porduction ","","","","","","","","","","","","","","","","","","","","","","","","","","","","","","","","","","","","","","","","","","","","","","","23712","31437","23719","15731","22797","14240","21422","13498","36467","28654","51344","42805","34815","27109","19464","27691","21492","33235","29255","23737","16641","28530","36113","20232","27154","18836","10693","2441","-5634","-13310","","","","","","","","","","","","","","","","",""
"","Ice Stock before Porduction in Pallets","","","","","","","","","","","","","","","","","","","","","","","","","","","","","","","","","","","","","","","","","","","","","","","51","67","51","34","49","30","46","29","78","61","110","91","74","58","42","59","46","71","63","51","36","61","77","43","58","40","23","5","-12","-28","","","","","","","","","","","","","","","","",""
"","Ice Stock after Porduction","","","","","","","","","","","","","","","","","","","","","","","","","","","","","","","","","","","","","","","","","","","","","","","15993","23719","15731","7353","14240","5978","13498","5579","28654","20456","42805","34815","27109","19464","12247","21492","17791","29255","23737","16641","8841","20669","27717","11710","18836","10693","2441","-5634","-13310","-20661","","","","","","","","","","","","","","","","",""
"","Ice Stock after Porduction in Pallets","","","","","","","","","","","","","","","","","","","","","","","","","","","","","","","","","","","","","","","","","","","","","","","34","51","34","16","30","13","29","12","61","44","91","74","58","42","26","46","38","63","51","36","19","44","59","25","40","23","5","-12","-28","-44","","","","","","","","","","","","","","","","",""
"","","","","","","","","","","","","","","","","","","","","","","","","","","","","","","","","","","","","","","","","","","","","","","","","","","","","","","","","","","","","","","","","","","","","","","","","","","","","","","","","","","","","","","","","","","","","","",""
"","Ice Delivery in Pallets ","","","","","","","","","","","","","","","","","","","","","","","","","","","","","","","","","","","","","","","","","","","","","","","","33","","","33","","33","","66","","66","","","","","33","","33","","","","","33","","33","","","","","","","","","","","","","","","","","","","","","",""
"","PO Nr.","","","","","","","","","","","","","","","","","","","","","","","","","","","","","","","","","","","","","","","","","","","","","","","","2537VE825218","","","2539NI838306","","2541NI844213","","2543NI848739","","2546NI854651","","","","","2550NI866028","","2552NI872517","","","","","2605VF885801","","2607VF891066","","","","","","","","","","","","","","","","","","","","","",""
"","","","","","","","","","","","","","","","","","","","","","","","","","","","","","","","","","","","","","","","","","","","","","","","","","","","","","","","","2543NI848740","","2546NI854652","","","","","","","","","","","","","","","","","","","","","","","","","","","","","","","","","","","",""
"","33 Pallets ","15444","","","","","","","","","","","","","","","","","","","","","","","","","","","","","","","","","","","","","","","","","","","","","","","only 33 delivered ","","","","","","","","","","","","","","","","","","","","","","","","","","","","","","","","","","","","","","","","","","","","",""
"","1 pallet","468","","","","","","","","","","","","","","","","","","","","","","","","","","","","","","","","","","","","","","","","","","","","","","","","","","","","","","","","","","","","","","","","","","","","","","","","","","","","","","","","","","","","","","","","","","","",""
"","","","","","","","","","","","","","","","","","","","","","","","","","","","","","","","","","","","","","","","","","","","","","","","","","","","9-Sep-2025","7-Oct-2025","11-Nov-2025","","","","","","","","","","","","","","","","","","","","","","","","","","","","","","","","","","","","","","","","",""
"","","","","","","","","","","","","","","","","","","","","","","","","","","","","","","","","","","","","","","","","","","","","","","","","","Box Size","Boxes Per Pallet","Order Amount in Pallets","","","","","","","","","","","","","","","","","","","","","","","","","","","","","","","","","","","","","","","","","","",""
"","","","","","","","","","","","","","","","","","","","","","","","","","","","","","","","","","","","","","","","","","","","","","","","","","S","400","33","33","33","","","","","","","","","","","","","","","","","","","","","","","","","","","","","","","","","","","","","","","","",""
"","","","","","","","","","","","","","","","","","","","","","","","","","","","","","","","","","","","","","","","","","","","","","","","","","M","200","11","33","20","","","","","","","","","","","","","","","","","","","","","","","","","","","","","","","","","","","","","","","","",""
"","","","","","","","","","","","","","","","","","","","","","","","","","","","","","","","","","","","","","","","","","","","","","","","","","L","180","22","","13","","","","","","","","","","","","","","","","","","","","","","","","","","","","","","","","","","","","","","","","",""
"","","","","","","","","","","","","","We order 33 initially","","","","","","","","","","","","","","","","","","","","","","","","","","","","","","","","","","","","","","","","","","","","","","","","","","","","","","","","","","","","","","","","","","","","","","","","","","","","","","","","",""
"","","","","","","","","","","","","","","","","","","","","","","","","","","","","","","","","","","","","","","","","","","","","","","","","","","","","","","","","","","","","","","","","","","","","","","","","","","","","","","","","","","","","","","","","","","","","","",""
"","","","","","","","","","","","","","","","","","","","","","","","","","","","","","","","","","","","","","","","","","","","","","","","","","","","","","","","","","","","","","","","","","","","","","","","","","","","","","","","","","","","","","","","","","","","","","",""
"","","","","","","","","","","","","","","","","","","","","","","","","","","","","","","","","","","","","","","","","","","","","","","","","","","","","","","","","","","","","","","","","","","","","","","","","","","","","","","","","","","","","","","","","","","","","","",""
"","","","","","","","","","","","","","","","","","","","","","","","","","","","","","","","","","","","","","","","","","","","","","","","","","","","","","","","","","","","","","","","","","","","","","","","","","","","","","","","","","","","","","","","","","","","","","",""
"","","","","","","","","","","","","","","","","","","","","","","","","","","","","","","","","","","","","","","","","","","","","","","","","","","","","","","","Below are the 2026–2027 volume estimates for S and M pouches:","","","","","","","","","","","","","","","","","","","","","","","","","","","","","","","","","","","","","","",""
"","","","","","","","","","","","","","","","","","","","","","","","","","","","","","","","","","","","","","","","","","","","","","","","","","","","","","","","","","","","","","","","","","","","","","","","","","","","","","","","","","","","","","","","","","","","","","",""
"","","","","","","","","","","","","","","","","","","","","","","","","","","","","","","","","","","","","","","","","","","","","","","","","","","","","","","","","2026","","","","2027","","","","","","","","","","","","","","","","","","","","","","","","","","","","","","","","","",""
"","","","","","","","","","","","","","","","","","","","","","","","","","","","","","","","","","","","","","","","","","","","","","","","","","","","","","","","Size","Q1","Q2","Q3","Q4","Q1","Q2","Q3","Q4","","","","","","","","","","","","","","","","","","","","","","","","","","","","","","",""
"","","","","","","","","","","","","","","","","","","","","","","","","","","","","","","","","","","","","","","","","","","","","","","","","","","","","","","","S","41,572","36,739","37,645","54,653","45,831","46,691","52,490","60,899","","","","","","","","","","","","","","","","","","","","","","","","","","","","","","",""
"","","","","","","","","","","","","","","","","","","","","","","","","","","","","","","","","","","","","","","","","","","","","","","","","","","","","","","","M","11,878","10,497","10,756","15,615","13,095","13,340","14,997","17,400","","","","","","","","","","","","","","","","","","","","","","","","","","","","","","",""
"","","","","","","","","","","","","","","","","","","","","","","","","","","","","","","","","","","","","","","","","","","","","","","","","","","","","","","","","","","","","","","","","","","","","","","","","","","","","","","","","","","","","","","","","","","","","","",""
"","","","","","","","","","","","","","","","","","","","","","","","","","","","","","","","","","","","","","","","","","","","","","","","","","","","","","","","","","","","","","","","","","","","","","","","","","","","","","","","","","","","","","","","","","","","","","",""
"","","","","","","","","","","","","","","","","","","","","","","","","","","","","","","","","","","","","","","","","","","","","","","","","","","","","","","","","","","","","","","","","","","","","","","","","","","","","","","","","","","","","","","","","","","","","","",""
"","","","","","","","","","","","","","","","","","","","","","","","","","","","","","","","","","","","","","","","","","","","","","","","","","","","","","","","","","","","","","","","","","","","","","","","","","","","","","","","","","","","","","","","","","","","","","",""
"","","","","","","","","","","","","","","","","","","","","","","","","","","","","","","","","","","","","","","","","","","","","","","","","","","","","","","","","","","","","","","","","","","","","","","","","","","","","","","","","","","","","","","","","","","","","","",""
"","","","","","","","","","","","","","","","","","","","","","","","","","","","","","","","","","","","","","","","","","","","","","","","","","","","","","","","","","","","","","","","","","","","","","","","","","","","","","","","","","","","","","","","","","","","","","",""
"","","","","","","","","","","","","","","","","","","","","","","","","","","","","","","","","","","","","","","","","","","","","","","","","","","","","","","","","","","","","","","","","","","","","","","","","","","","","","","","","","","","","","","","","","","","","","",""
"","","","","","","","","","","","","","","","","","","","","","","","","","","","","","","","","","","","","","","","","","","","","","","","","","","","","","","","","","","","","","","","","","","","","","","","","","","","","","","","","","","","","","","","","","","","","","",""
"","","","","","","","","","","","","","","","","","","","","","","","","","","","","","","","","","","","","","","","","","","","","","","","","","","","","","","","","","","","","","","","","","","","","","","","","","","","","","","","","","","","","","","","","","","","","","",""
"","","","","","","","","","","","","","","","","","","","","","","","","","","","","","","","","","","","","","","","","","","","","","","","","","","","","","","","","","","","","","","","","","","","","","","","","","","","","","","","","","","","","","","","","","","","","","",""
"","","","","","","","","","","","","","","","","","","","","","","","","","","","","","","","","","","","","","","","","","","","","","","","","","","","","","","","","","","","","","","","","","","","","","","","","","","","","","","","","","","","","","","","","","","","","","",""
"","","","","","","","","","","","","","","","","","","","","","","","","","","","","","","","","","","","","","","","","","","","","","","","","","","","","","","","","","","","","","","","","","","","","","","","","","","","","","","","","","","","","","","","","","","","","","",""
"","","","","","","","","","","","","","","","","","","","","","","","","","","","","","","","","","","","","","","","","","","","","","","","","","","","","","","","","","","","","","","","","","","","","","","","","","","","","","","","","","","","","","","","","","","","","","",""
"","","","","","","","","","","","","","","","","","","","","","","","","","","","","","","","","","","","","","","","","","","","","","","","","","","","","","","","","","","","","","","","","","","","","","","","","","","","","","","","","","","","","","","","","","","","","","",""
"","","","","","","","","","","","","","","","","","","","","","","","","","","","","","","","","","","","","","","","","","","","","","","","","","","","","","","","","","","","","","","","","","","","","","","","","","","","","","","","","","","","","","","","","","","","","","",""
"","","","","","","","","","","","","","","","","","","","","","","","","","","","","","","","","","","","","","","","","","","","","","","","","","","","","","","","","","","","","","","","","","","","","","","","","","","","","","","","","","","","","","","","","","","","","","",""
"","","","","","","","","","","","","","","","","","","","","","","","","","","","","","","","","","","","","","","","","","","","","","","","","","","","","","","","","","","","","","","","","","","","","","","","","","","","","","","","","","","","","","","","","","","","","","",""
"","","","","","","","","","","","","","","","","","","","","","","","","","","","","","","","","","","","","","","","","","","","","","","","","","","","","","","","","","","","","","","","","","","","","","","","","","","","","","","","","","","","","","","","","","","","","","",""
"","","","","","","","","","","","","","","","","","","","","","","","","","","","","","","","","","","","","","","","","","","","","","","","","","","","","","","","","","","","","","","","","","","","","","","","","","","","","","","","","","","","","","","","","","","","","","",""
"","","","","","","","","","","","","","","","","","","","","","","","","","","","","","","","","","","","","","","","","","","","","","","","","","","","","","","","","","","","","","","","","","","","","","","","","","","","","","","","","","","","","","","","","","","","","","",""
"","","","","","","","","","","","","","","","","","","","","","","","","","","","","","","","","","","","","","","","","","","","","","","","","","","","","","","","","","","","","","","","","","","","","","","","","","","","","","","","","","","","","","","","","","","","","","",""
"","","","","","","","","","","","","","","","","","","","","","","","","","","","","","","","","","","","","","","","","","","","","","","","","","","","","","","","","","","","","","","","","","","","","","","","","","","","","","","","","","","","","","","","","","","","","","",""
"","","","","","","","","","","","","","","","","","","","","","","","","","","","","","","","","","","","","","","","","","","","","","","","","","","","","","","","","","","","","","","","","","","","","","","","","","","","","","","","","","","","","","","","","","","","","","",""
"","","","","","","","","","","","","","","","","","","","","","","","","","","","","","","","","","","","","","","","","","","","","","","","","","","","","","","","","","","","","","","","","","","","","","","","","","","","","","","","","","","","","","","","","","","","","","",""
"","","","","","","","","","","","","","","","","","","","","","","","","","","","","","","","","","","","","","","","","","","","","","","","","","","","","","","","","","","","","","","","","","","","","","","","","","","","","","","","","","","","","","","","","","","","","","",""
"","","","","","","","","","","","","","","","","","","","","","","","","","","","","","","","","","","","","","","","","","","","","","","","","","","","","","","","","","","","","","","","","","","","","","","","","","","","","","","","","","","","","","","","","","","","","","",""
"","","","","","","","","","","","","","","","","","","","","","","","","","","","","","","","","","","","","","","","","","","","","","","","","","","","","","","","","","","","","","","","","","","","","","","","","","","","","","","","","","","","","","","","","","","","","","",""
"","","","","","","","","","","","","","","","","","","","","","","","","","","","","","","","","","","","","","","","","","","","","","","","","","","","","","","","","","","","","","","","","","","","","","","","","","","","","","","","","","","","","","","","","","","","","","",""
"","","","","","","","","","","","","","","","","","","","","","","","","","","","","","","","","","","","","","","","","","","","","","","","","","","","","","","","","","","","","","","","","","","","","","","","","","","","","","","","","","","","","","","","","","","","","","",""
"","","","","","","","","","","","","","","","","","","","","","","","","","","","","","","","","","","","","","","","","","","","","","","","","","","","","","","","","","","","","","","","","","","","","","","","","","","","","","","","","","","","","","","","","","","","","","",""
"","","","","","","","","","","","","","","","","","","","","","","","","","","","","","","","","","","","","","","","","","","","","","","","","","","","","","","","","","","","","","","","","","","","","","","","","","","","","","","","","","","","","","","","","","","","","","",""
"","","","","","","","","","","","","","","","","","","","","","","","","","","","","","","","","","","","","","","","","","","","","","","","","","","","","","","","","","","","","","","","","","","","","","","","","","","","","","","","","","","","","","","","","","","","","","",""
"","","","","","","","","","","","","","","","","","","","","","","","","","","","","","","","","","","","","","","","","","","","","","","","","","","","","","","","","","","","","","","","","","","","","","","","","","","","","","","","","","","","","","","","","","","","","","",""
"","","","","","","","","","","","","","","","","","","","","","","","","","","","","","","","","","","","","","","","","","","","","","","","","","","","","","","","","","","","","","","","","","","","","","","","","","","","","","","","","","","","","","","","","","","","","","",""
"","","","","","","","","","","","","","","","","","","","","","","","","","","","","","","","","","","","","","","","","","","","","","","","","","","","","","","","","","","","","","","","","","","","","","","","","","","","","","","","","","","","","","","","","","","","","","",""
"","","","","","","","","","","","","","","","","","","","","","","","","","","","","","","","","","","","","","","","","","","","","","","","","","","","","","","","","","","","","","","","","","","","","","","","","","","","","","","","","","","","","","","","","","","","","","",""
"","","","","","","","","","","","","","","","","","","","","","","","","","","","","","","","","","","","","","","","","","","","","","","","","","","","","","","","","","","","","","","","","","","","","","","","","","","","","","","","","","","","","","","","","","","","","","",""
"","","","","","","","","","","","","","","","","","","","","","","","","","","","","","","","","","","","","","","","","","","","","","","","","","","","","","","","","","","","","","","","","","","","","","","","","","","","","","","","","","","","","","","","","","","","","","",""
"","","","","","","","","","","","","","","","","","","","","","","","","","","","","","","","","","","","","","","","","","","","","","","","","","","","","","","","","","","","","","","","","","","","","","","","","","","","","","","","","","","","","","","","","","","","","","",""
"","","","","","","","","","","","","","","","","","","","","","","","","","","","","","","","","","","","","","","","","","","","","","","","","","","","","","","","","","","","","","","","","","","","","","","","","","","","","","","","","","","","","","","","","","","","","","",""
"","","","","","","","","","","","","","","","","","","","","","","","","","","","","","","","","","","","","","","","","","","","","","","","","","","","","","","","","","","","","","","","","","","","","","","","","","","","","","","","","","","","","","","","","","","","","","",""
"","","","","","","","","","","","","","","","","","","","","","","","","","","","","","","","","","","","","","","","","","","","","","","","","","","","","","","","","","","","","","","","","","","","","","","","","","","","","","","","","","","","","","","","","","","","","","",""
"","","","","","","","","","","","","","","","","","","","","","","","","","","","","","","","","","","","","","","","","","","","","","","","","","","","","","","","","","","","","","","","","","","","","","","","","","","","","","","","","","","","","","","","","","","","","","",""
"","","","","","","","","","","","","","","","","","","","","","","","","","","","","","","","","","","","","","","","","","","","","","","","","","","","","","","","","","","","","","","","","","","","","","","","","","","","","","","","","","","","","","","","","","","","","","",""
"","","","","","","","","","","","","","","","","","","","","","","","","","","","","","","","","","","","","","","","","","","","","","","","","","","","","","","","","","","","","","","","","","","","","","","","","","","","","","","","","","","","","","","","","","","","","","",""
"","","","","","","","","","","","","","","","","","","","","","","","","","","","","","","","","","","","","","","","","","","","","","","","","","","","","","","","","","","","","","","","","","","","","","","","","","","","","","","","","","","","","","","","","","","","","","",""
"","","","","","","","","","","","","","","","","","","","","","","","","","","","","","","","","","","","","","","","","","","","","","","","","","","","","","","","","","","","","","","","","","","","","","","","","","","","","","","","","","","","","","","","","","","","","","",""
"","","","","","","","","","","","","","","","","","","","","","","","","","","","","","","","","","","","","","","","","","","","","","","","","","","","","","","","","","","","","","","","","","","","","","","","","","","","","","","","","","","","","","","","","","","","","","",""
"","","","","","","","","","","","0.143","647814.4587","","","","","","","","","","","","","","","","","","","","","","","","","","","","","","","","","","","","","","","","","","","","","","","","","","","","","","","","","","","","","","","","","","","","","","","","","","","","","","","","","",""
"","","","","","","","","","3839128","4,530,171.04","€0.13","€588,922.24","","","","","","","","","","","","","","","","","","","","","","","","","","","","","","","","","","","","","","","","","","","","","","","","","","","","","","","","","","","","","","","","","","","","","","","","","","","","","","","","","",""
"","","","","","","","","","0.8269230769","","€0.03","€135,905.13","","","","","","","","","","","","","","","","","","","","","","","","","","","","","","","","","","","","","","","","","","","","","","","","","","","","","","","","","","","","","","","","","","","","","","","","","","","","","","","","","",""
"","","","","","","","","","691043.04","951,335.92","0.03","28540.07755","","","","","","","","","","","","","","","","","","","","","","","","","","","","","","","","","","","","","","","","","","","","","","","","","","","","","","","","","","","","","","","","","","","","","","","","","","","","","","","","","",""
"","","","","","","","","","","","","€1,401,181.90","","","","","","","","","","","","","","","","","","","","","","","","","","","","","","","","","","","","","","","","","","","","","","","","","","","","","","","","","","","","","","","","","","","","","","","","","","","","","","","","","",""
"","","","","","","","","","","","","","","","","","","","","","","","","","","","","","","","","","","","","","","","","","","","","","","","","","","","","","","","","","","","","","","","","","","","","","","","","","","","","","","","","","","","","","","","","","","","","","",""
"","","","","","","","","","","","","","","","","","","","","","","","","","","","","","","","","","","","","","","","","","","","","","","","","","","","","","","","","","","","","","","","","","","","","","","","","","","","","","","","","","","","","","","","","","","","","","",""
"","","","","","","0.7692307692","","€7,657,198.87","127747","€7,784,945.87","0.32","€2,491,182.68","","","","","","","","","","","","","","","","","","","","","","","","","","","","","","","","","","","","","","","","","","","","","","","","","","","","","","","","","","","","","","","","","","","","","","","","","","","","","","","","","",""
"","","","","","","0.2307692308","","€4,555,825.63","76006","€4,631,831.63","0.53","€2,468,766.26","","","","","","","","","","","","","","","","","","","","","","","","","","","","","","","","","","","","","","","","","","","","","","","","","","","","","","","","","","","","","","","","","","","","","","","","","","","","","","","","","",""
"","","","","","","","","€758,185.39","12649","€770,834.39","0.57","€439,375.60","","","","","","","","","","","","","","","","","","","","","","","","","","","","","","","","","","","","","","","","","","","","","","","","","","","","","","","","","","","","","","","","","","","","","","","","","","","","","","","","","",""
"","","","","","","","","","","","","","","","","","","","","","","","","","","","","","","","","","","","","","","","","","","","","","","","","","","","","","","","","","","","","","","","","","","","","","","","","","","","","","","","","","","","","","","","","","","","","","",""
"","","","","","","","","€3,803,454.46","63454","€3,866,908.46","0.32","€1,237,410.71","","","","","","","","","","","","","","","","","","","","","","","","","","","","","","","","","","","","","","","","","","","","","","","","","","","","","","","","","","","","","","","","","","","","","","","","","","","","","","","","","",""
"","","","","","","","","€3,290,664.84","54899","€3,345,563.84","0.53","€1,783,185.52","","","","","","","","","","","","","","","","","","","","","","","","","","","","","","","","","","","","","","","","","","","","","","","","","","","","","","","","","","","","","","","","","","","","","","","","","","","","","","","","","",""
"","","","","","","","","€438,703.36","7319","€446,022.36","0.57","€254,232.75","","","","","","","","","","","","","","","","","","","","","","","","","","","","","","","","","","","","","","","","","","","","","","","","","","","","","","","","","","","","","","","","","","","","","","","","","","","","","","","","","",""
"","","","","","","","","","","","","","","","","","","","","","","","","","","","","","","","","","","","","","","","","","","","","","","","","","","","","","","","","","","","","","","","","","","","","","","","","","","","","","","","","","","","","","","","","","","","","","",""
"","","","","","","","","","138443","","0.468","€64,791.32","","","","","","","","","","","","","","","","","","","","","","","","","","","","","","","","","","","","","","","","","","","","","","","","","","","","","","","","","","","","","","","","","","","","","","","","","","","","","","","","","",""
"","","","","","","","","","30288","","0.549","€16,628.11","","","","","","","","","","","","","","","","","","","","","","","","","","","","","","","","","","","","","","","","","","","","","","","","","","","","","","","","","","","","","","","","","","","","","","","","","","","","","","","","","",""
"","","","","","","","","","14126","","0.895","€12,642.77","","","","","","","","","","","","","","","","","","","","","","","","","","","","","","","","","","","","","","","","","","","","","","","","","","","","","","","","","","","","","","","","","","","","","","","","","","","","","","","","","",""
"","","","","","","","","","","","","","","","","","","","","","","","","","","","","","","","","","","","","","","","","","","","","","","","","","","","","","","","","","","","","","","","","","","","","","","","","","","","","","","","","","","","","","","","","","","","","","",""
"","","","","","","","","","1820011","","1.34","€2,438,814.74","","","","","","","","","","","","","","","","","","","","","","","","","","","","","","","","","","","","","","","","","","","","","","","","","","","","","","","","","","","","","","","","","","","","","","","","","","","","","","","","","",""
"","","","","","","","","","302759","","1.44","€435,972.96","","","","","","","","","","","","","","","","","","","","","","","","","","","","","","","","","","","","","","","","","","","","","","","","","","","","","","","","","","","","","","","","","","","","","","","","","","","","","","","","","",""
"","","","","","","","","","232059","","1.42","€329,523.78","","","","","","","","","","","","","","","","","","","","","","","","","","","","","","","","","","","","","","","","","","","","","","","","","","","","","","","","","","","","","","","","","","","","","","","","","","","","","","","","","",""
"","","","","","","","","","216258","","1.62","€350,337.96","","","","","","","","","","","","","","","","","","","","","","","","","","","","","","","","","","","","","","","","","","","","","","","","","","","","","","","","","","","","","","","","","","","","","","","","","","","","","","","","","",""
"","","","","","","","","","86470","","1.59","€137,487.30","","","","","","","","","","","","","","","","","","","","","","","","","","","","","","","","","","","","","","","","","","","","","","","","","","","","","","","","","","","","","","","","","","","","","","","","","","","","","","","","","",""
"","","","","","","","","","","","","","","","","","","","","","","","","","","","","","","","","","","","","","","","","","","","","","","","","","","","","","","","","","","","","","","","","","","","","","","","","","","","","","","","","","","","","","","","","","","","","","",""
"","","","","","","","","","","","","€12,460,352.46","","","","","","","","","","","","","","","","","","","","","","","","","","","","","","","","","","","","","","","","","","","","","","","","","","","","","","","","","","","","","","","","","","","","","","","","","","","","","","","","","",""
