"305","","","UPDATED ASSUMPTIONS: 02.10.24","actuals","actuals","actuals","actuals","actuals","actuals","actuals","actuals","actuals","actuals","actuals","actuals","actuals","actuals","actuals","actuals","actuals","actuals","actuals","actuals","actuals","actuals","actuals","actuals","actuals","actuals","actuals","actuals","actuals","actuals","actuals","actuals","actuals","actuals","actuals","actuals","actuals","actuals","actuals","actuals","actuals","actuals","actuals","actuals","actuals","actuals","actuals","actuals","actuals","actuals","actuals","actuals","actuals","actuals","actuals","actuals","actuals","actuals","actuals","actuals","actuals","actuals","actuals"
"","","","","","","","","","","","","","","","","","","","","","","","","","","","","","","","","","","","","","","","","","","","","","","","","","","","","1216","1225","1207","1146","1084","935","843","656","643","862","846","654","654","382","382"
"","","","","Boxes for employees only","First boxes F&F","","","First boxes public launch","","","","","","","","","","","","","","","","","","","","","","","","","","","","","","","","","","","","","","","","","","","","-100","-250","-300","-300","-280","-130","-60","200","100","-270","-330","-150","-280","-200","-50"
"","HF Week (Based on delivery day)","","","W44","W45","W46","W47","W48","W49","W50","W51","W52","W01","W02","W03","W04","W05","W06","W07","W08","W09","W10","W11","W12","W13","W14","W15","W16","W17","W18","W19","W20","W21","W22","W23","W24","W25","W26","W27","W28","W29","W30","W31","W32","W33","W34","W35","W36","W37","W38","W39","W40","W41","W42","W43","W44","W45","W46","W47","W48","W49","W50","W51","W52","W01","W02"
"","Order Cutoff Date (Weds 11:59 pm)","","","23-Oct-2024","30-Oct-2024","6-Nov-2024","13-Nov-2024","20-Nov-2024","27-Nov-2024","4-Dec-2024","11-Dec-2024","18-Dec-2024","22-Dec-2024","29-Dec-2024","8-Jan-2025","15-Jan-2025","22-Jan-2025","29-Jan-2025","5-Feb-2025","12-Feb-2025","19-Feb-2025","26-Feb-2025","5-Mar-2025","12-Mar-2025","19-Mar-2025","26-Mar-2025","2-Apr-2025","9-Apr-2025","16-Apr-2025","23-Apr-2025","30-Apr-2025","7-May-2025","14-May-2025","21-May-2025","28-May-2025","4-Jun-2025","11-Jun-2025","18-Jun-2025","25-Jun-2025","2-Jul-2025","9-Jul-2025","16-Jul-2025","23-Jul-2025","30-Jul-2025","6-Aug-2025","13-Aug-2025","20-Aug-2025","27-Aug-2025","3-Sep-2025","10-Sep-2025","17-Sep-2025","24-Sep-2025","1-Oct-2025","8-Oct-2025","15-Oct-2025","22-Oct-2025","29-Oct-2025","5-Nov-2025","12-Nov-2025","19-Nov-2025","26-Nov-2025","3-Dec-2025","10-Dec-2025","17-Dec-2025","22-Dec-2025","29-Dec-2025"
"","First Delivery Day (Saturday)","","","26-Oct-2024","2-Nov-2024","9-Nov-2024","16-Nov-2024","23-Nov-2024","30-Nov-2024","7-Dec-2024","15-Dec-2024","22-Dec-2024","29-Dec-2024","5-Jan-2025","12-Jan-2025","19-Jan-2025","26-Jan-2025","2-Feb-2025","9-Feb-2025","16-Feb-2025","23-Feb-2025","2-Mar-2025","9-Mar-2025","16-Mar-2025","23-Mar-2025","30-Mar-2025","6-Apr-2025","13-Apr-2025","20-Apr-2025","27-Apr-2025","4-May-2025","11-May-2025","18-May-2025","25-May-2025","1-Jun-2025","8-Jun-2025","15-Jun-2025","22-Jun-2025","29-Jun-2025","6-Jul-2025","13-Jul-2025","20-Jul-2025","27-Jul-2025","3-Aug-2025","10-Aug-2025","17-Aug-2025","24-Aug-2025","31-Aug-2025","7-Sep-2025","14-Sep-2025","21-Sep-2025","28-Sep-2025","5-Oct-2025","12-Oct-2025","19-Oct-2025","26-Oct-2025","2-Nov-2025","9-Nov-2025","16-Nov-2025","23-Nov-2025","30-Nov-2025","7-Dec-2025","14-Dec-2025","21-Dec-2025","28-Dec-2025","4-Jan-2026"
"","Orders","","","","","","","","","","","","","","","","","","","","","","","","","","","","","","","","","","","","","","","","","","","","","","","","","","","","","","","","","","","","","","","","",""
"","","Starting Customers","","0","799","2115","2149","2036","1962","1801","1810","1720","1347","1409","1802","2541","3131","3453","3834","3872","4214","4515","4518","4638","4616","4557","4476","4599","4434","4427","4202","4365","4403","4469","4586","4546","4689","4650","4595","4906","4967","5106","5146","5139","5395","5323","5172","5261","5439","5757","5952","6226","6387","5893","5850","5920","5920","5909","5990","6022","5672","5502","5288","4944","4518","4531"
"","","Cancellations","","0","287","1178","932","963","823","593","564","418","175","158","377","615","636","689","744","686","713","843","720","705","675","664","571","663","570","503","551","561","522","630","597","620","594","594","556","584","577","623","640","670","618","673","585","675","577","690","789","798","790","769","763","807","774","820","825","735","709","638","604","513","321","284"
"","","Pauses","","0","268","566","603","521","527","543","557","797","715","487","506","694","856","990","1040","1124","1218","1358","1339","1490","1609","1590","1593","1726","1940","1662","1711","1608","1674","1798","1758","1901","1780","1819","1818","1879","1861","1904","1897","1931","2031","1943","2032","2040","2137","2188","2177","2236","2178","2237","2307","2307","2296","2255","2287","2214","2067","2082","2159","2770","2679","2063"
"","","Conversions (Paid, Referral, Reactivation)","","782","1640","1174","1000","1047","806","631","456","310","140","581","1321","1232","921","1016","788","1001","998","849","840","673","622","600","676","511","387","431","687","659","619","661","592","664","588","548","602","747","694","697","732","831","710","612","636","787","922","956","895","963","848","741","771","779","834","873","696","597","545","449","348","228","304","330"
"","","Active","","782","1,812","1,476","1,314","1,334","1,147","1,097","1,059","550","590","1,189","2,035","2,213","2,327","2,553","2,551","2,774","2,961","2,844","2,969","2,851","2,681","2,604","2,779","2,487","2,041","2,295","2,441","2,569","2,618","2,481","2,524","2,517","2,594","2,520","2,727","2,878","2,923","2,844","2,884","3,026","2,928","2,840","2,811","2,913","3,176","3,287","3,448","3,521","3,400","3,261","3,259","3,215","3,374","3,514","3,288","3,171","3,146","2,970","2,551","1,523","1,638","2,271"
"","","Payment Failures / Other Adjustments","","17","36","107","119","107","127","170","104","104","104","126","204","224","270","291","281","316","336","316","330","275","267","282","227","221","446","245","213","226","177","307","264","271","276","256","361","210","322","398","358","438","364","389","418","486","444","477","601","629","315","352","354","398","239","221","447","287","289","236","234","225","214","230"
"","","Total Orders (Boxes)","","782","1,812","1,476","1,314","1,334","1,147","1,097","1,059","550","590","1,189","2,035","2,213","2,327","2,553","2,551","2,774","2,961","2,844","2,969","2,851","2,681","2,604","2,779","2,487","2,041","2,295","2,441","2,569","2,618","2,481","2,524","2,517","2,594","2,520","2,727","2,878","2,923","2,844","2,884","3,026","2,928","2,840","2,811","2,913","3,176","3,287","3,448","3,521","3,400","3,261","3,259","3,215","3,374","3,514","3,288","3,171","3,146","2,970","2,551","1,523","1,638","2,271"
"","","","Order growth WOW","782","1,030","-336","-162","20","-187","-50","-38","-509","40","599","846","178","114","226","-2","223","187","-117","125","-118","-170","-77","175","-292","-446","254","146","128","49","-137","43","-7","77","-74","207","151","45","-79","40","142","-98","-88","-29","102","263","111","161","73","-121","-139","-2","-44","159","140","-226","-117","-25","-176","-419","-1,028","115","633"
"","","","Order growth % WOW","-","131.7%","-18.5%","-11.0%","1.5%","-14.0%","-4.4%","-3.5%","-48.1%","7.3%","101.5%","71.2%","8.7%","5.2%","9.7%","-0.1%","8.7%","6.7%","-4.0%","4.4%","-4.0%","-6.0%","-2.9%","6.7%","-10.5%","-17.9%","12.4%","6.4%","5.2%","1.9%","-5.2%","1.7%","-0.3%","3.1%","-2.9%","8.2%","5.5%","1.6%","-2.7%","1.4%","4.9%","-3.2%","-3.0%","-1.0%","3.6%","9.0%","3.5%","4.9%","2.1%","-3.4%","-4.1%","-0.1%","-1.4%","4.9%","4.1%","-6.4%","-3.6%","-0.8%","-5.6%","-14.1%","-40.3%","7.6%","38.6%"
"","","","Conversion growth % WoW","-","109.72%","-28.41%","-14.82%","4.70%","","","","","","315.00%","127.37%","-6.74%","-25.24%","10.31%","-22.44%","27.03%","-0.30%","-14.93%","-1.06%","-19.88%","-7.58%","-3.54%","12.67%","-24.41%","-24.27%","11.37%","59.40%","-4.08%","-6.07%","6.79%","-10.44%","12.16%","-11.45%","-6.80%","9.85%","24.09%","-7.10%","0.43%","5.02%","13.52%","-14.56%","-13.80%","3.92%","23.74%","17.15%","3.69%","-6.38%","7.60%","-11.94%","-12.62%","4.05%","1.04%","7.06%","4.68%","-20.27%","-14.22%","-8.71%","-17.61%","-22.49%","-34.48%","33.33%","8.55%"
"","","Total Meals ","","4,770","12,032","9,446","8,410","9,056","8,029","7,789","7,731","4,070","4,248","8,632","16,077","17,970","18,593","20,424","20,714","22,192","23,984","22,951","23,880","22779","21582","21144","22510","19821","16471","18291","19387","20809","21120","20121","20394","20514","21167","20437","20366","21754","21852","21330","21452","22823","21971","21211","20995","21671","23725","24554","25731","26277","27914","26512","26496","26106","27296","28393","26955","25368","24885","23493","20357","12473","13120","18009"
"","","","Orders","4770","12032","9446","8410","9056","8029","7789","7731","4070","4248","8632","16077","17970","18593","20424","20714","22192","23984","22951","23880","22779","21582","21144","22510","19821","16471","18291","19387","20809","21120","20121","20394","20514","21167","20437","20366","21754","21852","21330","21452","22823","21971","21211","20995","21671","23725","24554","25731","26277","27914","26512","26496","26106","27296","28393","26955","25368","24885","23493","20357","12473","13120","18009"
"","","","Additional Samples / Adjustments","","","","","","1254.53%","1216.98%","1207.92%","635.94%","6.6375","13.48771875","2511.95%","2807.74%","2905.11%","3191.25%","3236.58%","3467.50%","3747.52%","","","","","","","","","","","","","","","32","33","32","32","68","68","67","67","71","69","66","66","68","74","77","80","82","87","83","83","82","85","89","84","","","","","","",""
"","","Total Addons","","7.4534375","18.7995","14.76","13.14","14.14998813","12.5453125","12.16984375","12.07921875","6.359375","","","","","","","","","","","","997.85","","","","","","","","","","","","","","","","","","","","","","","","","","","","","","","","","","","","","","","","","",""
"","","","Conversions % of total orders","100.0%","90.5%","79.5%","76.1%","78.5%","70.3%","57.5%","43.1%","56.4%","23.7%","48.9%","64.9%","55.7%","39.6%","39.8%","30.9%","36.1%","33.7%","29.9%","28.3%","23.6%","23.2%","23.0%","24.3%","20.5%","19.0%","18.8%","28.1%","25.7%","23.6%","26.6%","23.5%","26.4%","22.7%","21.7%","22.1%","26.0%","23.7%","24.5%","25.4%","27.5%","24.2%","21.5%","22.6%","27.0%","29.0%","","","","","","","","","","","","","","","","",""
"","","","Pause (% of prior week)","#DIV/0!","33.5%","26.8%","28.1%","25.6%","26.9%","30.2%","30.7%","46.4%","53.1%","34.6%","28.1%","27.3%","27.3%","28.7%","27.1%","29.0%","28.9%","30.1%","29.6%","32.1%","34.9%","34.9%","35.6%","37.5%","43.7%","37.6%","40.7%","36.8%","38.0%","40.2%","38.3%","41.8%","38.0%","39.1%","39.6%","38.3%","37.5%","37.3%","36.9%","37.6%","37.6%","36.5%","39.3%","38.8%","39.3%","","","","","","","","","","","","","","","","",""
"","","","Pause (% of total)","0.0%","12.9%","27.7%","31.5%","28.1%","31.5%","33.1%","34.4%","59.2%","54.8%","29.1%","19.9%","23.9%","26.9%","27.9%","29.0%","28.8%","29.1%","32.3%","31.1%","34.3%","37.5%","37.9%","36.4%","41.0%","48.7%","42.0%","41.2%","38.5%","39.0%","42.0%","41.1%","43.0%","40.7%","41.9%","40.0%","39.5%","38.9%","40.1%","39.7%","39.0%","41.0%","40.6%","42.0%","41.2%","40.2%","","","","","","","","","","","","","","","","",""
"","","","Cancel (% of prior week)","#DIV/0!","35.9%","55.7%","43.4%","47.3%","42.0%","32.9%","31.2%","24.3%","13.0%","11.2%","20.9%","24.2%","20.3%","20.0%","19.4%","17.7%","16.9%","18.7%","15.9%","15.2%","14.6%","14.6%","12.8%","14.4%","12.9%","11.4%","13.1%","12.9%","11.9%","14.1%","13.0%","13.6%","12.7%","12.8%","12.1%","11.9%","11.6%","12.2%","12.4%","13.0%","11.5%","12.6%","11.3%","12.8%","10.6%","","","","","","","","","","","","","","","","",""
"","","","Reactivation (% of prior week)","#REF!","0.0%","0.0%","0.0%","0.0%","0.0%","0.0%","0.0%","0.0%","0.0%","0.0%","0.0%","0.0%","0.0%","0.0%","0.0%","0.0%","0.0%","0.0%","0.0%","0.0%","0.0%","0.0%","0.0%","0.0%","0.0%","0.0%","0.0%","0.0%","0.0%","0.0%","0.0%","0.0%","0.0%","0.0%","0.0%","0.0%","0.0%","0.0%","0.0%","0.0%","0.0%","0.0%","0.0%","0.0%","0.0%","","","","","","","","","","","","","","","","",""
"","","","Net Cancellation %","#DIV/0!","35.9%","55.7%","43.4%","47.3%","42.0%","32.9%","31.2%","24.3%","13.0%","11.2%","20.9%","24.2%","20.3%","20.0%","19.4%","17.7%","16.9%","18.7%","15.9%","15.2%","14.6%","14.6%","12.8%","14.4%","12.9%","11.4%","13.1%","12.9%","11.9%","14.1%","13.0%","13.6%","12.7%","12.8%","12.1%","11.9%","11.6%","12.2%","12.4%","13.0%","11.5%","12.6%","11.3%","12.8%","10.6%","","","","","","","","","","","","","","","","",""
"","","","","","","","","","","","","","","","","","","","","","","","","","","","","","","","","","","","","","","","","","","","","","","","","","","","","","","","","","","","","","","","","","",""
"","Revenue","","","","","","","","","","","","","","","","","","","","","","","","","","","","","","","","","","","","","","","","","","","","","","","","","","","","","","","","","","","","","","","","",""
"","","Meals GR","","€45,445.66","€112,078.72","€88,175.79","€78,761.61","€83,987.46","€74,143.83","€72,143.84","€70,992.16","€37,489.03","€40,215.51","€82,854.54","€145,652.00","€161,246.72","€166,773.70","€183,267.71","€184,696.36","€198,932.63","€214,738.41","€206,308.79","€215,376.78","€204,816.35","€194,231.23","€190,119.27","€202,208.04","€177,978.45","€147,637.59","€164,456.48","€175,190.03","€186,887.61","€190,480.51","€180,756.04","€183,481.29","€184,476.42","€190,402.09","€183,649.08","€185,672.75","€197,957.51","€199,194.68","€194,159.56","€195,714.05","€207,740.89","€200,147.14","€193,400.06","€191,425.20","€197,721.93","€216,205.12","€223,717.74","€234,675.62","€239,654.35","€250,055.63","€237,184.62","€237,646.53","€233,447.07","€245,453.01","€259,165.30","€242,497.30","€233,970.00","€231,914.49","€217,457.00","€186,343.87","€112,623.90","€118,629.23","€163,392.64"
"","","Shipping GR","","€4,684.18","€10,853.88","€8,841.24","€7,870.86","€7,990.66","€6,870.53","€6,571.03","€6,343.41","€3,294.50","€3,534.10","€7,122.11","€12,189.65","€13,255.87","€13,938.73","€15,292.47","€15,280.49","€16,616.26","€17,736.39","€17,035.56","€17,784.33","€17,077.49","€16,059.19","€15,597.96","€16,646.21","€14,897.13","€12,225.59","€13,747.05","€14,621.59","€15,388.31","€15,681.82","€14,861.19","€15,118.76","€15,076.83","€15,538.06","€15,094.80","€16,334.73","€17,239.22","€17,508.77","€17,035.56","€17,275.16","€18,125.74","€17,538.72","€17,011.60","€16,837.89","€17,448.87","€19,024.24","€19,689.13","€20,653.52","€21,091.69","€20,366.00","€19,533.39","€19,521.41","€19,257.85","€20,210.26","€21,048.86","€19,695.12","€18,994.29","€18,844.54","€17,790.30","€15,280.49","€9,122.77","€9,811.62","€13,603.29"
"","","Add-Ons GR","","","","","","","","","","","","","","","","","","","","","","","","","","","","","","","","","","","","","","","","","","","","","","","","","","","","","","","","","","","","","","","",""
"","","Total Weekly GR","","€50,129.84","€122,932.60","€97,017.03","€86,632.47","€91,978.12","€81,014.36","€78,714.87","€77,335.57","€40,783.53","€43,749.61","€89,976.65","€157,841.65","€174,502.59","€180,712.43","€198,560.18","€199,976.85","€215,548.89","€232,474.80","€223,344.35","€233,161.11","€221,893.84","€210,290.42","€205,717.23","€218,854.25","€192,875.58","€159,863.18","€178,203.53","€189,811.62","€202,275.92","€206,162.33","€195,617.23","€198,600.05","€199,553.25","€205,940.15","€198,743.88","€202,007.48","€215,196.73","€216,703.45","€211,195.12","€212,989.21","€225,866.63","€217,685.86","€210,411.66","€208,263.09","€215,170.80","€235,229.36","","","","","","","","","","","","","","","","€128,440.85","€176,995.93"
"","","","Annualized Weekly GR","€2,606,751.65","€6,392,495.37","€5,044,885.47","€4,504,888.41","€4,782,862.14","€4,212,746.98","€4,093,173.17","€4,021,449.62","€2,120,743.71","€2,274,979.62","€4,678,786.05","€8,207,765.76","€9,074,134.55","€9,397,046.25","€10,325,129.50","€10,398,796.16","€11,208,542.16","€12,088,689.39","€11,613,906.11","€12,124,377.79","€11,538,479.55","€10,935,101.98","€10,697,296.18","€11,380,420.89","€10,029,530.39","€8,312,885.27","€9,266,583.69","€9,870,204.14","€10,518,347.75","€10,720,441.27","€10,172,095.89","€10,327,202.42","€10,376,769.11","€10,708,887.81","€10,334,681.62","€10,504,389.10","€11,190,230.18","€11,268,579.43","€10,982,146.32","€11,075,439.14","€11,745,064.52","€11,319,664.47","€10,941,406.22","€10,829,680.59","€11,188,881.68","€12,231,926.73","","","","","","","","","","","","","","","","",""
"","","","","","","","","","","","","","","","","","","","","","","","","","","","","","","","","","","","","","","","","","","","","","","","","","","","","","","","","","","","","","","","","","",""
"","","Meals AOV","","€58.11","€61.85","€59.74","€59.94","€62.96","€64.64","€65.76","€67.04","€68.16","€68.16","€69.68","€71.57","€72.86","€71.67","€71.79","€72.40","€71.71","€72.52","€72.54","€72.54","€71.84","€72.45","€73.01","€72.76","€71.56","€72.34","€71.66","€71.77","€72.75","€72.76","€72.86","€72.69","€73.29","€73.40","€72.88","€68.09","€68.78","€68.15","€68.27","€67.86","€68.65","€68.36","€68.10","€68.10","€67.88","€68.07","€68.06","€68.06","€68.06","€73.55","€72.73","€72.92","€72.61","€72.75","€73.75","€73.75","€73.78","€73.72","€73.22","€73.05","€73.95","€72.42","€71.95"
"","","Shipping AOV","","€5.99","€5.99","€5.99","€5.99","€5.99","€5.99","€5.99","€5.99","€5.99","€5.99","€5.99","€5.99","€5.99","€5.99","€5.99","€5.99","€5.99","€5.99","€5.99","€5.99","€5.99","€5.99","€5.99","€5.99","€5.99","€5.99","€5.99","€5.99","€5.99","€5.99","€5.99","€5.99","€5.99","€5.99","€5.99","€5.99","€5.99","€5.99","€5.99","€5.99","€5.99","€5.99","€5.99","€5.99","€5.99","€5.99","€5.99","€5.99","€5.99","€5.99","€5.99","€5.99","€5.99","€5.99","€5.99","€5.99","€5.99","€5.99","€5.99","€5.99","€5.99","€5.99","€5.99"
"","","Add-Ons AOV","","€0.00","€0.00","€0.00","€0.00","€0.00","€0.00","€0.00","€0.00","€0.00","€0.00","€0.00","€0.00","€0.00","€0.00","€0.00","€0.00","€0.00","€0.00","€0.00","€0.00","€0.00","€0.00","€0.00","€0.00","€0.00","€0.00","€0.00","€0.00","€0.00","€0.00","€0.00","€0.00","€0.00","€0.00","€0.00","€0.00","€0.00","€0.00","€0.00","€0.00","€0.00","€0.00","€0.00","€0.00","€0.00","€0.00","€0.00","€0.00","€0.00","€0.00","€0.00","€0.00","€0.00","€0.00","€0.00","€0.00","€0.00","€0.00","€0.00","€0.00","€0.00","€0.00","€0.00"
"","","Total Gross AOV","","€64.10","€67.84","€65.73","€65.93","€68.95","€70.63","€71.75","€73.03","€74.15","€74.15","€75.67","€77.56","€78.85","€77.66","€77.78","€78.39","€77.70","€78.51","€78.53","€78.53","€77.83","€78.44","€79.00","€78.75","€77.55","€78.33","€77.65","€77.76","€78.74","€78.75","€78.85","€78.68","€79.28","€79.39","€78.87","€74.08","€74.77","€74.14","€74.26","€73.85","€74.64","€74.35","€74.09","€74.09","€73.87","€74.06","€74.05","€74.05","€74.05","€79.54","€78.72","€78.91","€78.60","€78.74","€79.74","€79.74","€79.77","€79.71","€79.21","€79.04","€79.94","€78.41","€77.94"
"","","","","","","","","","","","","","","","","","","","","","","","","","","","","","","","","","","","","","","","","","","","","","","","","","","","","","","","","","","","","","","","","","",""
"","","","","","","","","","","","","","","","","","","","","","","","","","","","","","403,319","","","","","","","","","","","","","","","","","","","","","","","","","","","","","","","","","","","","",""
"","Model Drivers","","","Box size distribution","","","","","","","","","","","","","","","","","","","","","","","","","","","","","","","","","","","","","","","","","","","","","","","","","","","","","","","","","","","","","",""
"","","Meals per Box","","6.10","6.64","6.40","6.40","6.79","7.00","7.10","7.30","7.40","7.20","7.26","7.90","8.12","7.99","8.00","8.12","8.00","8.10","8.07","8.04","7.99","8.05","8.12","8.10","7.97","8.07","7.97","7.94","8.10","8.07","8.11","8.08","8.15","8.16","8.11","7.47","7.56","7.48","7.50","7.44","7.54","7.50","7.47","7.47","7.44","7.47","7.47","7.46","7.46","8.21","8.13","8.13","8.12","8.09","8.08","8.20","8.00","7.91","7.91","7.98","8.19","8.01","7.93"
"","","","6","94.25%","83.00%","85.98%","86.15%","76.01%","70.71%","67.18%","61.00%","56.28%","56.28%","52.36%","45.45%","41.98%","44.69%","44.93%","41.43%","44.52%","43.06%","43.64%","43.64%","44.93%","44.01%","43.20%","43.43%","44.87%","42.23%","44.92%","45.51%","43.36%","44.16%","47.20%","48.22%","47.24%","48.00%","48.93%","52.99%","51.32%","53.20%","53.16%","53.26%","52.45%","52.73%","55.07%","55.07%","56.16%","54.63%","55.40%","55.40%","55.40%","51.74%","52.44%","52.50%","50.89%","51.27%","46.13%","46.13%","45.54%","44.56%","47.47%","48.45%","47.54%","51.16%","53.76%"
"","","","8","4.60%","5.00%","10.84%","10.35%","15.82%","19.01%","20.05%","24.55%","28.05%","28.05%","28.96%","33.91%","33.03%","33.22%","32.90%","34.22%","32.41%","33.03%","33.16%","33.16%","32.94%","32.30%","32.45%","32.75%","33.45%","35.08%","33.25%","32.32%","32.89%","32.47%","27.81%","26.90%","26.74%","25.67%","25.08%","26.37%","25.75%","25.73%","25.00%","26.73%","24.92%","25.58%","22.87%","22.87%","22.00%","23.08%","22.70%","22.70%","22.70%","19.50%","19.87%","19.85%","21.56%","21.16%","24.19%","24.19%","25.10%","26.48%","24.48%","23.60%","22.59%","21.86%","20.21%"
"","","","10","0.77%","10.00%","2.03%","1.90%","4.35%","4.97%","6.65%","7.65%","7.47%","7.47%","9.60%","10.12%","11.48%","10.31%","10.34%","11.05%","10.49%","10.74%","10.34%","10.34%","10.42%","11.56%","10.98%","10.47%","10.09%","10.53%","10.20%","10.57%","11.09%","10.58%","11.04%","11.17%","11.64%","11.72%","11.79%","14.92%","16.71%","15.22%","16.00%","14.84%","15.83%","15.40%","15.65%","15.65%","15.52%","16.81%","15.73%","15.73%","15.73%","12.03%","12.33%","11.94%","12.85%","12.42%","13.86%","13.86%","14.16%","13.80%","13.47%","13.68%","14.12%","13.49%","12.29%"
"","","","12","0.13%","1.00%","0.75%","0.99%","1.72%","1.92%","2.28%","3.02%","3.46%","3.46%","4.04%","4.08%","6.42%","5.20%","4.50%","5.57%","5.19%","4.83%","5.10%","5.10%","4.14%","4.81%","5.30%","5.00%","4.99%","4.95%","4.92%","4.26%","5.45%","5.58%","5.88%","5.47%","5.44%","5.67%","5.91%","5.68%","6.12%","5.78%","5.80%","5.17%","6.74%","6.28%","6.37%","6.37%","6.28%","5.42%","5.66%","5.66%","5.66%","6.44%","6.04%","6.20%","6.19%","6.34%","6.63%","6.63%","6.34%","7.06%","6.26%","5.88%","6.37%","5.31%","5.28%"
"","","","14","0.13%","1.00%","0.14%","0.30%","0.75%","1.39%","1.64%","1.70%","3.46%","3.46%","2.19%","2.51%","3.03%","2.58%","2.98%","2.98%","3.03%","3.61%","3.62%","3.62%","3.40%","3.47%","3.69%","3.63%","3.10%","3.28%","3.05%","3.11%","3.43%","3.13%","3.35%","3.76%","4.13%","3.62%","3.29%","0.04%","0.10%","0.07%","0.04%","0.00%","0.07%","0.00%","0.04%","0.04%","0.03%","0.06%","0.40%","0.40%","0.40%","4.12%","3.65%","3.77%","3.20%","3.29%","4.01%","4.01%","3.91%","4.04%","3.60%","3.61%","3.87%","3.72%","3.70%"
"","","","16","0.13%","0.00%","0.20%","0.30%","1.35%","2.01%","2.19%","2.08%","1.28%","1.28%","2.86%","3.88%","3.66%","3.61%","3.92%","3.88%","3.64%","4.12%","3.87%","3.87%","3.79%","3.66%","4.15%","4.32%","3.18%","3.58%","3.36%","3.89%","3.70%","4.09%","4.64%","4.44%","4.77%","5.32%","4.92%","0.00%","0.00%","0.00%","0.00%","0.00%","0.00%","0.00%","0.00%","0.00%","0.00%","0.00%","0.09%","0.09%","0.09%","5.91%","5.34%","5.49%","4.95%","5.19%","4.70%","4.70%","4.60%","3.81%","4.48%","4.55%","5.25%","4.33%","4.58%"
"","","","18","","","","","0.00","","","0.00","0.00","","0.00%","0.00","","","","","","","","","","","","","","","","","","","","","","","","","","","","","","","","","","","","","","","","","","","","","","","","","","",""
"","","","","","","","","","","","","","","","","","","","","","","","","","","","","","","","","","","","","","","","","","","","","","","","","","","","","","","","","","","","","","","","","","",""
"","Box Breakdown","","","","","","","","","","","","","","","","","","","","","","","","","","","","","","","","","","","","","","","","","","","","","","","","","","","","","","","","","","","","","","","","",""
"","","","","","","","","","","","","","","","","","","","","","","","","","","","","","","","","","","","","","","","","","","","","","","","","","","","","","","","","","","","","","","","","","",""
"","","","Box S - 6 Meal","737","1504","1269","1132","1014","811","737","646","310","332","623","925","929","1040","1147","1057","1235","1275","1241","1296","1281","1180","1125","1207","1116","862","1031","1111","1114","1156","1171","1217","1189","1245","1233","1445","1477","1555","1512","1536","1587","1544","1564","1548","1636","1735","1821","1910","1951","1759","1710","1711","1636","1730","1621","1517","1444","1402","1410","1236","724","838",""
"","","","Box S - 8 Meal","36","91","160","136","211","218","220","260","154","165","344","690","731","773","840","873","899","978","943","985","939","866","845","910","832","716","763","789","845","850","690","679","673","666","632","719","741","752","711","771","754","749","650","643","641","733","746","783","799","663","648","647","693","714","850","795","796","833","727","602","344","358",""
"","","","Box M - 10 Meal","6","181","30","25","58","57","73","81","41","44","114","206","254","240","264","282","291","318","294","307","297","310","286","291","251","215","234","258","285","277","274","282","293","304","297","407","481","445","455","428","479","451","444","440","452","534","517","542","554","409","402","389","413","419","487","456","449","434","400","349","215","221",""
"","","","Box M - 12 Meal","1","18","11","13","23","22","25","32","19","20","48","83","142","121","115","142","144","143","145","151","118","129","138","139","124","101","113","104","140","146","146","138","137","147","149","155","176","169","165","149","204","184","181","179","183","172","186","195","199","219","197","202","199","214","233","218","201","222","186","150","97","87",""
"","","","Box L - 14 Meal","1","18","2","4","10","16","18","18","19","20","26","51","67","60","76","76","84","107","103","107","97","93","96","101","77","67","70","76","88","82","83","95","104","94","83","1","3","2","1","0","2","0","1","1","1","2","13","14","14","140","119","123","103","111","141","132","124","127","107","92","59","61",""
"","","","Box L - 16 Meal","1","0","3","4","18","23","24","22","7","8","34","79","81","84","100","99","101","122","110","115","108","98","108","120","79","73","77","95","95","107","115","112","120","138","124","0","0","0","0","0","0","0","0","0","0","0","3","3","3","201","174","179","159","175","165","155","146","120","133","116","80","71",""
"","","","","","","","","","","","","","","","","","","","","","","","","","","","","","","","","","","","","","","","","","","","","","","","","","","","","","","","","","","","","","","","","","",""
"","","","Total S-Boxes","773","1595","1429","1268","1225","1029","957","906","464","498","967","1615","1660","1813","1987","1930","2134","2253","2184","2280","2220","2046","1970","2117","1948","1578","1794","1900","1959","2006","1861","1896","1862","1911","1865","2164","2218","2307","2223","2307","2341","2293","2213","2191","2277","2468","2567","2693","2750","2422","2358","2358","2329","2444","2471","2312","2240","2235","2137","1838","1068","1196",""
"","","","Total M-Boxes","7","199","41","38","81","79","98","113","60","64","162","289","396","361","379","424","435","461","439","458","415","439","424","430","375","316","347","362","425","423","420","420","430","451","446","562","657","614","620","577","683","635","625","619","635","706","703","738","753","628","599","591","612","633","720","674","650","656","586","499","312","308",""
"","","","Total L-Boxes","2","18","5","8","28","39","42","40","26","28","60","130","148","144","176","175","185","229","213","222","205","191","204","221","156","140","147","171","183","189","198","207","224","232","207","1","3","2","1","0","2","0","1","1","1","2","16","17","17","341","293","302","262","286","306","286","270","247","240","208","139","132",""
"","","","Total ","782","1812","1475","1314","1334","1147","1097","1059","550","590","1189","2034","2204","2318","2542","2529","2754","2943","2836","2961","2840","2676","2598","2768","2479","2034","2288","2433","2567","2618","2479","2523","2516","2594","2518","2727","2878","2923","2844","2884","3026","2928","2840","2811","2913","3176","3286","3447","3520","3391","3250","3251","3203","3363","3497","3272","3160","3138","2963","2545","1519","1636",""
"","","","","","","","","","","","","","","","","","","","","","","","","","","","","","","","","","","","","","","","","","","","","","","","","","","","","","","","","","","","","","","","","","",""
"","","","","","","","","","","","","","","","","","W05","W06","W07","W08","W09","W10","W11","W12","W13","W14","W15","W16","W17","W18","W19","W20","W21","W22","W23","W24","W25","W26","W27","W28","W29","W30","W31","W32","W33","W34","W35","W36","W37","W38","W39","W40","W41","W42","W43","W44","W45","W46","W47","W48","W49","W50","W51","W52","W53",""
"","","","","","","","","","","","","","","","","","01/27/2025","02/03/2025","02/10/2025","02/17/2025","02/24/2025","03/03/2025","03/10/2025","03/17/2025","03/24/2025","03/31/2025","04/07/2025","04/14/2025","04/21/2025","04/28/2025","05/05/2025","05/12/2025","05/19/2025","05/26/2025","06/02/2025","06/09/2025","06/16/2025","06/23/2025","06/30/2025","07/07/2025","07/14/2025","07/21/2025","07/28/2025","08/04/2025","08/11/2025","08/18/2025","08/25/2025","09/01/2025","09/08/2025","09/15/2025","09/22/2025","09/29/2025","10/06/2025","10/13/2025","10/20/2025","10/27/2025","11/03/2025","11/10/2025","11/17/2025","11/24/2025","12/01/2025","12/08/2025","12/15/2025","12/22/2025","12/29/2025",""
"","","","","","","","","","","","","","","","","","02/02/2025","02/09/2025","02/16/2025","02/23/2025","03/02/2025","03/09/2025","03/16/2025","03/23/2025","03/30/2025","04/06/2025","04/13/2025","04/20/2025","04/27/2025","05/04/2025","05/11/2025","05/18/2025","05/25/2025","06/01/2025","06/08/2025","06/15/2025","06/22/2025","06/29/2025","07/06/2025","07/13/2025","07/20/2025","07/27/2025","08/03/2025","08/10/2025","08/17/2025","08/24/2025","08/31/2025","09/07/2025","09/14/2025","09/21/2025","09/28/2025","10/05/2025","10/12/2025","10/19/2025","10/26/2025","11/02/2025","11/09/2025","11/16/2025","11/23/2025","11/30/2025","12/07/2025","12/14/2025","12/21/2025","12/28/2025","01/04/2026",""
"","","","","","","","","","","","","","","","","","","","","","","","","","","","","","","","","","","","","","","","","","","","","","","","","","","","","","","","","","","","","","","","","","",""
"","Liner Stock","","","","","","","","","","","","","","","","","","","","","","","","","","","","","","","","","","","","","","","","","","","","","","","","","","","","","","","","","","","","","","","","",""
"","","","","","","","","","","","","","","","","","","","","","","","","","","","","","","","","","","","","","","","","","","","","","","","","","","","","","","","","","","","","","","","","","",""
"","","","Total liner needed ","1564","3624","2950","2628","2668","2294","2194","2118","1100","1180","2378","4068","4408","4636","5084","5058","5508","5886","5673","5922","5680","5352","5196","5536","4958","4068","4576","4865","5134","5237","4958","5046","5032","5188","5036","5454","5756","5846","5688","5768","6053","5855","5680","5622","5825","6352","6573","6895","7041","6782","6500","6502","6407","6726","6994","6544","6320","6276","5926","5090","3038","3272",""
"","","","stock deduction ","","3189","2858","2536","2450","2433","1914","1812","928","995","1934","3230","3320","2808","3974","3860","4268","4506","4368","4560","4440","4092","3940","4234","3896","3156","3588","3800","3918","4012","3722","3792","3724","3822","3730","4328","4436","4614","4446","4614","4682","4586","4427","4382","4554","4936","5134","5386","5500","4844","4716","4716","4659","4888","4942","4624","4480","4470","4274","3676","2136","2392",""
"","","","","","199","41","38","81","642","98","113","60","64","162","289","396","141","379","424","435","461","439","458","415","439","424","430","375","316","347","362","425","423","420","420","430","451","446","562","657","614","620","577","683","635","625","619","635","706","703","738","753","628","599","591","612","633","720","674","650","656","586","499","312","308",""
"","","","","","199","41","38","81","498","98","113","60","64","162","289","396","401","379","424","435","461","439","458","415","439","424","430","375","316","347","362","425","423","420","420","430","451","446","562","657","614","620","577","683","635","625","619","635","706","703","738","753","628","599","591","612","633","720","674","650","656","586","499","312","308",""
"","","","","","18","5","8","28","-189","42","40","26","28","60","130","148","174","176","175","185","229","213","222","205","191","204","221","156","140","147","171","183","189","198","207","224","232","207","1","3","2","1","0","2","0","1","1","1","2","16","17","17","341","293","302","262","286","306","286","270","247","240","208","139","132",""
"","","","","","18","5","8","28","11","42","40","26","28","60","130","148","82","176","175","185","229","213","222","205","191","204","221","156","140","147","171","183","189","198","207","224","232","207","1","3","2","1","0","2","0","1","1","1","2","16","17","17","341","293","302","262","286","306","286","270","247","240","208","139","132",""
"","","","Total Stok Deduction ","","3624","2950","2628","2668","3394","2194","2118","1100","1180","2378","4068","4408","3606","5084","5058","5508","5886","5673","5922","5680","5352","5196","5536","4958","4068","4576","4865","5134","5237","4958","5046","5032","5188","5036","5454","5756","5846","5688","5768","6053","5855","5680","5622","5825","6352","6573","6895","7041","6782","6500","6502","6407","6726","6994","6544","6320","6276","5926","5090","3038","3272",""
"","","","","","3624","2950","2628","2668","2294","2194","2118","1100","1180","2378","4068","4408","4636","5084","5058","5508","5886","5673","5922","5680","5352","5196","5536","4958","4068","4576","4865","5134","5237","4958","5046","5032","5188","5036","5454","5756","5846","5688","5768","6053","5855","5680","5622","5825","6352","6573","6895","7041","6782","6500","6502","6407","6726","6994","6544","6320","6276","5926","5090","3038","3272",""
"","","","","","3624","2950","2628","2668","3394","2194","2118","1100","1180","2378","4068","4408","3606","5084","5058","5508","5886","5673","5922","5680","5352","5196","5536","4958","4068","4576","4865","5134","5237","4958","5046","5032","5188","5036","5454","5756","5846","5688","5768","6053","5855","5680","5622","5825","6352","6573","6895","7041","6782","6500","6502","6407","6726","6994","6544","6320","6276","5926","5090","3038","3272",""
"","","","Match ","","Match","Match","Match","Match","No Match","Match","Match","Match","Match","Match","Match","Match","No Match","Match","Match","Match","Match","Match","Match","Match","Match","Match","Match","Match","Match","Match","Match","Match","Match","Match","Match","Match","Match","Match","Match","Match","Match","Match","Match","Match","Match","Match","Match","Match","Match","Match","Match","Match","Match","Match","Match","Match","Match","Match","Match","Match","Match","Match","Match","Match","Match",""
"","","","","","","","","","Actuals Updated","","","","","","","","","","","","","","","","","","","","","","","","","","","","","","","","","","","","","","","","","","","","","","","","","","","","","","","","",""
"","","","S","7022","3833","10767","14351","25365","22932","21018","19206","18279","17284","15350","25584","22264","19456","15482","11622","20818","16312","25408","20847","43335","39244","35304","31070","27174","24018","20430","16631","12713","8700","4978","1186","-2538","-6360","-10090","-14418","-18854","-23469","-27914","-32528","-37211","-41796","-46223","-50605","-55159","-60095","-65229","-70615","-76115","-80959","-85675","-90391","-95050","-99937","-104879","-109504","-113984","-118453","-122727","-126403","-128539","-130932",""
"","","","M1","1337","1138","2441","3747","5346","4704","4606","4493","4433","4368","4206","3917","3521","3380","3001","2577","2142","1681","3930","3472","3057","2618","2194","1764","1389","1073","726","364","-61","-484","-904","-1324","-1754","-2205","-2651","-3213","-3870","-4484","-5104","-5681","-6364","-6998","-7624","-8243","-8878","-9584","-10287","-11024","-11778","-12406","-13005","-13596","-14208","-14841","-15561","-16235","-16885","-17541","-18127","-18626","-18938","-19246",""
"","","","M2","1145","946","2345","3459","5106","4608","4510","4397","4337","4272","4110","3821","3425","3024","2645","2221","1786","1325","3766","3308","2893","2454","2030","1600","1225","909","562","200","-225","-648","-1068","-1488","-1918","-2369","-2815","-3377","-4034","-4648","-5268","-5845","-6528","-7162","-7788","-8407","-9042","-9748","-10451","-11188","-11942","-12570","-13169","-13760","-14372","-15005","-15725","-16399","-17049","-17705","-18291","-18790","-19102","-19410",""
"","","","L1","414","396","391","1423","1811","2000","1958","1918","1892","1864","1804","1674","1526","1352","1176","1001","816","587","2246","2024","1819","1627","1423","1202","1046","906","759","588","405","216","18","-189","-413","-645","-852","-853","-856","-858","-859","-859","-861","-861","-862","-864","-864","-866","-882","-899","-917","-1258","-1551","-1853","-2115","-2401","-2707","-2993","-3263","-3510","-3750","-3958","-4097","-4229",""
"","","","L1","502","484","479","1731","2459","2448","2406","2366","2340","2312","2252","2122","1974","1892","1716","1541","1356","1127","2426","2204","1999","1807","1603","1382","1226","1086","939","768","585","396","198","-9","-233","-465","-672","-673","-676","-678","-679","-679","-681","-681","-682","-684","-684","-686","-702","-719","-737","-1078","-1371","-1673","-1935","-2221","-2527","-2813","-3083","-3330","-3570","-3778","-3917","-4049",""
"","","","","","","","","","","","","","","","","","","","","","","","","","","","","","","","","","","","","","","","","","","","","","","","","","","","","","","","","","","","","","","","","","",""
"","Buffer","110.00%","S","7022","3514","10162","13492","24261","21997","19892","17899","16879","15784","13657","23568","19916","15927","11556","7310","16080","11123","19782","14765","36809","32308","27974","23317","19032","15560","11613","7434","3124","-1289","-5383","-9555","-13651","-17855","-21959","-26720","-31599","-36675","-41565","-46641","-51791","-56836","-61705","-66525","-71534","-76964","-82612","-88536","-94586","-99915","-105103","-110290","-115414","-120791","-126227","-131314","-136242","-141159","-145860","-149903","-152253","-154884",""
"","","110.00%","M1","1337","1118","2417","3719","5310","5223","5115","4991","4925","4854","4675","4357","3922","3525","3108","2642","2163","1656","3861","3357","2900","2417","1951","1478","1066","718","336","-62","-529","-995","-1456","-1918","-2391","-2888","-3378","-3996","-4719","-5394","-6076","-6711","-7462","-8160","-8848","-9529","-10228","-11004","-11778","-12589","-13418","-14108","-14767","-15418","-16091","-16787","-17579","-18320","-19035","-19757","-20402","-20951","-21294","-21633",""
"","","110.00%","M2","1145","926","2321","3431","5070","4983","4875","4751","4685","4614","4435","4117","3682","3285","2868","2402","1923","1416","3813","3309","2852","2369","1903","1430","1018","670","288","-110","-577","-1043","-1504","-1966","-2439","-2936","-3426","-4044","-4767","-5442","-6124","-6759","-7510","-8208","-8896","-9577","-10276","-11052","-11826","-12637","-13466","-14156","-14815","-15466","-16139","-16835","-17627","-18368","-19083","-19805","-20450","-20999","-21342","-21681",""
"","","110.00%","L1","414","394","389","1420","1805","1762","1716","1672","1643","1612","1546","1403","1240","1082","888","696","492","240","1878","1634","1408","1198","973","730","558","404","243","55","-147","-355","-573","-801","-1047","-1302","-1530","-1531","-1534","-1536","-1537","-1537","-1540","-1540","-1541","-1542","-1543","-1545","-1563","-1582","-1601","-1976","-2298","-2630","-2918","-3233","-3570","-3885","-4182","-4453","-4717","-4946","-5099","-5244",""
"","","110.00%","L1","502","482","477","1728","2453","2410","2364","2320","2291","2260","2194","2051","1888","1730","1536","1344","1140","888","2166","1922","1696","1486","1261","1018","846","692","531","343","141","-67","-285","-513","-759","-1014","-1242","-1243","-1246","-1248","-1249","-1249","-1252","-1252","-1253","-1254","-1255","-1257","-1275","-1294","-1313","-1688","-2010","-2342","-2630","-2945","-3282","-3597","-3894","-4165","-4429","-4658","-4811","-4956",""
"","","","","","","","","","","","","","","","","","","","","","","","","","","","","","","","","","","","","","","","","","","","","","","","","","","","","","","","","","","","","","","","","","",""
"","","Reorder (inc. Buffer)","","","","","","","","","","","","","","","","","","","","","","","","","","","","","","","","","","","","","","","","","","","","","","","","","","","","","","","","","","","","","","","",""
"","","5 weeks out ","S","","","","","","","","","","","","","","","","","","","","","","","","","","Reorder","Reorder","Reorder","Reorder","Reorder","Reorder","Reorder","Reorder","Reorder","Reorder","Reorder","Reorder","Reorder","Reorder","Reorder","Reorder","Reorder","Reorder","Reorder","Reorder","Reorder","Reorder","Reorder","Reorder","Reorder","Reorder","Reorder","Reorder","Reorder","Reorder","Reorder","Reorder","Reorder","","","","",""
"How many pallets til EOY","","","M1","","","","","","","","","","","","","","","","","","","","","","","","Reorder","Reorder","Reorder","Reorder","Reorder","Reorder","Reorder","Reorder","Reorder","Reorder","Reorder","Reorder","Reorder","Reorder","Reorder","Reorder","Reorder","Reorder","Reorder","Reorder","Reorder","Reorder","Reorder","Reorder","Reorder","Reorder","Reorder","Reorder","Reorder","Reorder","Reorder","Reorder","Reorder","Reorder","Reorder","","","","",""
"","","","M2","","","","","","","","","","","","","","","","","","","","","","","","Reorder","Reorder","Reorder","Reorder","Reorder","Reorder","Reorder","Reorder","Reorder","Reorder","Reorder","Reorder","Reorder","Reorder","Reorder","Reorder","Reorder","Reorder","Reorder","Reorder","Reorder","Reorder","Reorder","Reorder","Reorder","Reorder","Reorder","Reorder","Reorder","Reorder","Reorder","Reorder","Reorder","Reorder","Reorder","","","","",""
"","","","L1","","","","","","","","","","","","","","","","","","","","","","","","","Reorder","Reorder","Reorder","Reorder","Reorder","Reorder","Reorder","Reorder","Reorder","Reorder","Reorder","Reorder","Reorder","Reorder","Reorder","Reorder","Reorder","Reorder","Reorder","Reorder","Reorder","Reorder","Reorder","Reorder","Reorder","Reorder","Reorder","Reorder","Reorder","Reorder","Reorder","Reorder","Reorder","Reorder","","","","",""
"","","","L1","","","","","","","","","","","","","","","","","","","","","","","","","","Reorder","Reorder","Reorder","Reorder","Reorder","Reorder","Reorder","Reorder","Reorder","Reorder","Reorder","Reorder","Reorder","Reorder","Reorder","Reorder","Reorder","Reorder","Reorder","Reorder","Reorder","Reorder","Reorder","Reorder","Reorder","Reorder","Reorder","Reorder","Reorder","Reorder","Reorder","Reorder","Reorder","","","","",""
"","","","","","","","","","","","","","","","","","","","","","","","","","","","","","","","","","","","","","","","","","","","","","","","","","","","","","","","","","","","","","","","","","",""
"","Liner Delivery","","","","","","","","","","","","","","","","","Order today","Order","","","","","","","","","","","","","","","","","","","","","","","","","","","","","","","","","","","","","","","","","","","","","","",""
"Liners per pallet ","408","S","21","","","24","15","33","","","","","","","33","","","","","33","","33","","66","","","","","","","","","","","","","","","","","","","","","","","","","","","","","","","","","","","","","","","","","",""
"","336","M1","4","","","4","4","5","","","","","","","","","","","","","","8","","","","","","","","","","","","","","","","","","","","","","","","","","","","","","","","","","","","","","","","","","","",""
"","288","M2","4","","","5","4","6","","","","","","","","","","","","","","10","","","","","","","","","","","","","","","","","","","","","","","","","","","","","","","","","","","","","","","","","","","",""
"","208","L1","2","","","","5","2","","","","","","","","","","","","","","9","","","","","","","","","","","","","","","","","","","","","","","","","","","","","","","","","","","","","","","","","","","",""
"","252","L2","2","","","","5","3","","","","","","","","","","","","","","6","","","","","","","","","","","","","","","","","","","","","","","","","","","","","","","","","","","","","","","","","","","",""
"","","","33","","","33","33","49","","9792","6120","13464","","","33","","","","","33","","66","","66","","","","","","","","","","","","","","","","","","","","","","","","","","","","","","","","","","","","","","","","","",""
"","","","13464","","","","","","","1344","1344","1680","","","","","","","","","","","","","","","","","","","","","","","","","","","","","","","","","","","","","","","","","","","","","","","","","","","","","",""
"","","","26928","","","","","","","1440","1152","1728","","","","","","","","","","","","","","","","","","","","","","","","","","","","","","","","","","","","","","","","","","","","","","","","","","","","","",""
"","","","","","","","","","","0","1040","416","","","","","","","","","","","","","","","","","","","","","","","","","","","","","","","","","","","","","","","","","","","","","","","","","","","","","",""
"","","","","","","","","","","0","1260","756","","","","","","","","","","","","","","","","","","","","","","","","","","","","","","","","","","","","","","","","","","","","","","","","","","","","","",""
"","Ice Stock","","","","","","","","","","","","","","","","","","","","","","","","","","","","","","","","","","","","","","","","","","","","","","","","","","","","","","","","","","","","","","","","",""
"","","","","","","","","","Updated from actual Verden stock","","","","","","41346","","","","","","","","","","","","","","","","","","","","","","","","","","","","","","","","","","","","","","","","","","","","","","","","","","",""
"","","Ice Stock","","29313","25453","22452","19770","16965","29628","27252","24941","23729","27576","24916","20299","32076","26240","20425","14593","23724","16919","10382","15741","9236","3063","-2966","-9373","-15019","-19682","-24900","-30469","-36394","-42432","-48206","-54086","-59996","-66099","-71995","-78013","-84431","-90895","-97205","-103551","-110290","-116781","-123088","-129331","-135794","-142856","-150163","-157829","-165658","-173750","-181436","-189133","-196676","-204607","-212933","-220724","-228234","-235660","-242652","-248657","-252285","-256129",""
"","","Ice Stock (buffer 10%)","","29220","24974","21673","18723","15637","29628","27015","24472","23139","26857","23930","18851","13241","7427","1031","-5384","3116","-4370","-11561","-3625","-10781","-17571","-24202","-31250","-37461","-42591","-48330","-54456","-60974","-67615","-73967","-80435","-86935","-93649","-100134","-106754","-113814","-120925","-127866","-134846","-142259","-149399","-156337","-163205","-170313","-178081","-186120","-194552","-203164","-212065","-220520","-228986","-237283","-246007","-255166","-263736","-271997","-280166","-287857","-294463","-298454","-302681",""
"","","","","","","","","1337.82","","","","","","","","","","","","","","","","","","","","","","","","","","","","","","","","","33","33","33","33","33","33","33","66","66","66","66","66","66","66","66","66","66","66","66","","","","","","",""
"","Box","Ice Per box ","","","","","","","","","","","","","","","","","","","","","","","","","","","","","","","","","","","","","","","","","","","","","","","","","","","","","","","","","","","","","","","",""
"","S","2","","1546","3189","2858","2536","2450","2058","1914","1812","928","995","1934","3230","3320","3626","","","","","","","","","","","","","","","","","","","","","","","","","","","","","","","","","","","","","","","","","","","","","","","","",""
"","M","3","","21","598","123","114","243","237","294","339","180","193","487","867","1188","1083","","","","","","","","","","","","","","","","","","","","","","","","","","","","","","","","","","","","","","","","","","","","","","","","",""
"","L","4","","8","72","20","32","112","156","168","160","104","112","240","520","592","576","","","","","","","","","","","","","","","","","","","","","","","","","","","","","","","","","","","","","","","","","","","","","","","","",""
"","","","","","","","","","","","","","","","","","","","","","","","","","","","","","","","","","","","","","","","","","","","","","","","","","","","","","","","","","","","","","","","","","",""
"","","","","","","","","","","","","","","","","","","","","","","","","","","","","","","","","","","","","","","","","","","","","","","","","","","","","","","","","","","","","","","","","","",""
"","","Reoder ","","","","","","","","","","","","","","","","","","","Reoeder","Reoeder","Reoeder","Reoeder","Reoeder","Reoeder","Reoeder","Reoeder","Reoeder","Reoeder","Reoeder","Reoeder","Reoeder","Reoeder","Reoeder","Reoeder","Reoeder","Reoeder","Reoeder","Reoeder","Reoeder","Reoeder","Reoeder","Reoeder","Reoeder","Reoeder","Reoeder","Reoeder","Reoeder","Reoeder","Reoeder","Reoeder","Reoeder","Reoeder","Reoeder","Reoeder","Reoeder","Reoeder","Reoeder","Reoeder","","","","","",""
"","","Reoder incl Buffer","","","","","","","","","","","","Reoeder","","Reoeder","Reoeder","Reoeder","Reoeder","Reoeder","Reoeder","Reoeder","Reoeder","Reoeder","Reoeder","Reoeder","Reoeder","Reoeder","Reoeder","Reoeder","Reoeder","Reoeder","Reoeder","Reoeder","Reoeder","Reoeder","Reoeder","Reoeder","Reoeder","Reoeder","Reoeder","Reoeder","Reoeder","Reoeder","Reoeder","Reoeder","Reoeder","Reoeder","Reoeder","Reoeder","Reoeder","Reoeder","Reoeder","Reoeder","Reoeder","Reoeder","Reoeder","Reoeder","Reoeder","Reoeder","","","","","",""
"","","","","","","","","","","","","","","","","","","","","","","","","","","","","","","","","","","","","","","","","","","","","","","","","","","","","","","","","","","","","","","","","","",""
"","","Place Order","","","","","","","Place Order","","","","","","","Place Order","","","Place Order","","","","","","","","","","","","","","","","","","","","","","","","","","","","","","","","","","","","","","","","","","","","","","",""
"","","","","","","","","","for both ","","","","","","","","","","","","","","","","","","","","","","","","","","","","","","","","","","","","","","","","","","","","","","","","","","","","","","","","",""
"","","Ice Delivery in Pallets ","","","","","","","","","","","","","","","","","","","","","","","","","","","","","","","","","","","","","","","","","","","","","","","","","","","","","","","","","","","","","","","",""
"","","","66","","","","","","","","","","11","","","","","","","33","","","33","","","","","","","","","","","","","","","","","","","","","","","","","","","","","","","","","","","","","","","","","","",""
"","Ice Per Pallet","","","","","","","","","","","","","","","","","","","","","","6","","","","","","","","","","","","","","","","","","","","","","","","","","","","","","","","","","","","","","","","","","",""
"","468","","30888","","","","","","","","","","Did we pay for full?","","","","","","","","","","","","","","","","","","","","","","","","","","","","","","","","","","","","","","","","","","","","","","","","","","","","",""
"","","","","","","","","","","","","","We order 33 initially","","","","","","","","","","","","","","","","","","","","","","","","","","","","","","","","","","","","","","","","","","","","","","","","","","","","",""
"","","","","","","","","","","","","","","","","","","","","","","","","","","","","","","","","","","","","","","","","","","","","","","","","","","","","","","","","","","","","","","","","","",""
"","","","","","","","","","63","58","53","51","59","53","43","69","56","44","31","51","36","22","34","20","7","-6","-20","-32","-42","-53","-65","-78","-91","-103","-116","-128","-141","-154","-167","-180","-194","-208","-221","","","","","","","","","","","","","","","","","","","","","","",""
"","","","","","","","","","","","","","","","","","","","","","","","","","","","","","","","","","","","","","","","","","","","","","","","","","","","","","","","","","","","","","","","","","",""
"","","","","","","","","","","","","","","","","","","","","","","","","","","","","","","","","","","","","","","","","","","","","","","","","","","","","","","","","","","","","","","","","","",""
"","","","","","","","","","","","","","","","","","","","Order","","","","deliver frozen","","","","","","","","","","","","","","","","","","","","","","","","","","","","","","","","","","","","","","","","","","",""
"","","","","","","","","","","","","","","","","","","","","","","","30888","","","","","","","","","","","","","","","","","","","","","","","","","","","","","","","","","","","","","","","","","","",""
