"","","","","","","","","","","","","","","","","","","","","","","","","","","","","","","","","","","","","","","","","","","","","","","","","","","","","","","","","","","","","","","","","","","","","","","","","","","","","","","","","","","","","","","","","","","","","","","","","","","","","","","","","","","","","","","","","","","","","","","","","","","","","","","","","","","",""
"","","","","","","","","","","","","","","","","","","","","","","","","","","","","","","","","","","","","","","","","","","","","","","","","","","","","","","","","","","","","","","","","","","","","","","","","","","","","","","","","","","","","","","","","","","","","","","","","","","","","","","","","","","","","","","","","","","","","","","","","","","","","","","","","","","",""
"","","","","W27","W28","W29","W30","W31","W32","W33","W34","W35","W36","W37","W38","W39","W40","W41","W42","W43","W44","W45","W46","W47","W48","W49","W50","W51","W52","W01","W02","W03","W04","W05","W06","W07","W08","W09","W10","W11","W12","W13","W14","W15","W16","W17","W18","W19","W20","W21","W22","W23","W24","W25","W26","W27","W28","W29","W30","W31","W32","W33","W34","W35","W36","W37","W38","W39","W40","W41","W42","W43","W44","W45","W46","W47","W48","W49","W50","W51","W52","W01","W02","W03","W04","W05","W06","W07","W08","W09","W10","W11","W12","W13","W14","W15","W16","W17","W18","W19","W20","W21","W22","W23","W24","W25","W26","W27","W28","W29","W30","W31","W32","W33","W34","W35","W36","W37","W38","","","","","","","","","","","",""
"","","","","","","","","","","","","","","","","","","","","","","","","","","","","","","","","","","","","","","","","","","","","","","","","","","","","","","","","","","","","","","","","","","","","","","","","","","","","","","","","","","","","","","","","","","","","5-Mar-2025","12-Mar-2025","19-Mar-2025","26-Mar-2025","2-Apr-2025","9-Apr-2025","16-Apr-2025","23-Apr-2025","30-Apr-2025","7-May-2025","14-May-2025","21-May-2025","28-May-2025","4-Jun-2025","11-Jun-2025","18-Jun-2025","25-Jun-2025","2-Jul-2025","9-Jul-2025","16-Jul-2025","23-Jul-2025","30-Jul-2025","6-Aug-2025","13-Aug-2025","20-Aug-2025","27-Aug-2025","3-Sep-2025","10-Sep-2025","17-Sep-2025","","","","","","","","","","",""
"","","","","28-Jun-2023","5-Jul-2023","12-Jul-2023","19-Jul-2023","26-Jul-2023","2-Aug-2023","9-Aug-2023","16-Aug-2023","23-Aug-2023","30-Aug-2023","6-Sep-2023","13-Sep-2023","20-Sep-2023","27-Sep-2023","4-Oct-2023","11-Oct-2023","18-Oct-2023","25-Oct-2023","1-Nov-2023","8-Nov-2023","15-Nov-2023","22-Nov-2023","29-Nov-2023","6-Dec-2023","13-Dec-2023","20-Dec-2023","27-Dec-2023","3-Jan-2024","10-Jan-2024","17-Jan-2024","24-Jan-2024","31-Jan-2024","7-Feb-2024","14-Feb-2024","21-Feb-2024","28-Feb-2024","6-Mar-2024","13-Mar-2024","20-Mar-2024","27-Mar-2024","3-Apr-2024","10-Apr-2024","17-Apr-2024","24-Apr-2024","1-May-2024","8-May-2024","15-May-2024","22-May-2024","29-May-2024","5-Jun-2024","12-Jun-2024","19-Jun-2024","26-Jun-2024","3-Jul-2024","10-Jul-2024","17-Jul-2024","24-Jul-2024","31-Jul-2024","7-Aug-2024","14-Aug-2024","21-Aug-2024","28-Aug-2024","4-Sep-2024","11-Sep-2024","18-Sep-2024","25-Sep-2024","2-Oct-2024","9-Oct-2024","16-Oct-2024","23-Oct-2024","30-Oct-2024","6-Nov-2024","13-Nov-2024","20-Nov-2024","27-Nov-2024","4-Dec-2024","11-Dec-2024","18-Dec-2024","","","","","","","","","","","9-Mar-2025","16-Mar-2025","23-Mar-2025","30-Mar-2025","6-Apr-2025","13-Apr-2025","20-Apr-2025","27-Apr-2025","4-May-2025","11-May-2025","18-May-2025","25-May-2025","1-Jun-2025","8-Jun-2025","15-Jun-2025","22-Jun-2025","29-Jun-2025","6-Jul-2025","13-Jul-2025","20-Jul-2025","27-Jul-2025","3-Aug-2025","10-Aug-2025","17-Aug-2025","24-Aug-2025","31-Aug-2025","7-Sep-2025","14-Sep-2025","21-Sep-2025","","","","","","","","","","",""
"","","","","2-Jul-2023","9-Jul-2023","16-Jul-2023","23-Jul-2023","30-Jul-2023","6-Aug-2023","13-Aug-2023","20-Aug-2023","27-Aug-2023","3-Sep-2023","10-Sep-2023","17-Sep-2023","24-Sep-2023","1-Oct-2023","8-Oct-2023","15-Oct-2023","22-Oct-2023","29-Oct-2023","5-Nov-2023","12-Nov-2023","19-Nov-2023","26-Nov-2023","3-Dec-2023","10-Dec-2023","17-Dec-2023","24-Dec-2023","31-Dec-2023","7-Jan-2024","14-Jan-2024","21-Jan-2024","28-Jan-2024","4-Feb-2024","11-Feb-2024","18-Feb-2024","25-Feb-2024","3-Mar-2024","10-Mar-2024","17-Mar-2024","24-Mar-2024","31-Mar-2024","7-Apr-2024","14-Apr-2024","21-Apr-2024","28-Apr-2024","5-May-2024","12-May-2024","19-May-2024","26-May-2024","2-Jun-2024","9-Jun-2024","16-Jun-2024","23-Jun-2024","30-Jun-2024","7-Jul-2024","14-Jul-2024","21-Jul-2024","28-Jul-2024","4-Aug-2024","11-Aug-2024","18-Aug-2024","25-Aug-2024","1-Sep-2024","8-Sep-2024","15-Sep-2024","22-Sep-2024","29-Sep-2024","6-Oct-2024","13-Oct-2024","20-Oct-2024","27-Oct-2024","3-Nov-2024","10-Nov-2024","17-Nov-2024","24-Nov-2024","1-Dec-2024","8-Dec-2024","15-Dec-2024","22-Dec-2024","","","","","","","","","","","","","","","","","","","","","","","","","","","","","","","","","","","","","","","","","","","","","","","","","",""
"","DK","Total Boxes","","","","","","","","","","","","","","","","","","","","","","","","","","","","","","","","","","","","","","","","","","60","123","129","98","206","233","363","380","455","554","584","523","481","688","655","675","709","868","934","913","896","965","1,243","1,264","1,251","1312","1440","1256","1395","1312","1452","1568","1434","1363","1312","1384","1138","573","773","1230","1712","1580","1544","1535","1627","1634","1661","1639","1779","1620","1590","1391","1561","1268","1285","1380","1523","1523","1439","1390","1493","1594","1502","1407","1277","1382","1244","1137","1209","1404","1540","1571","1665","1681","1904","1903","1942","2136","2268","2103","2166","2081","2171","2247","2172","2013","1909","1887"
"","","Box B (Small)","","0","","","","","","","","","","","","","","","","","","","","","","","","","","","","","","","","","","","","","","","","56","111","94","65","114","124","202","198","232","270","312","278","260","387","370","383","384","444","501","503","499","553","693","702","702","758","787","713","817","738","808","869","815","787","735","790","667","332","441","723","918","866","877","838","877","908","953","909","1021","944","923","839","932","741","770","831","909","902","866","845","914","951","923","868","782","836","754","690","752","853","918","935","991","1030","1193","1208","1243","1339","1401","1322","1375","1327","1369","1410","1414","1346","1274","1255"
"","","Box F (Medium)","","0","","","","","","","","","","","","","","","","","","","","","","","","","","","","","","","","","","","","","","","","5","14","36","33","82","101","140","162","205","246","244","223","192","268","252","256","289","369","390","365","357","370","496","519","497","502","592","493","528","519","577","623","549","526","529","545","417","216","302","462","719","643","603","633","689","670","641","667","694","624","625","507","570","478","473","517","567","573","520","497","499","573","502","470","427","462","407","378","388","462","518","523","564","547","597","591","586","670","696","641","652","638","674","689","623","565","536","523"
"","","Box G (Large)","","0","","","","","","","","","","","","","","","","","","","","","","","","","","","","","","","","","","","","","","","","0","0","1","3","11","10","24","22","20","40","31","25","31","34","34","37","38","56","44","46","40","42","55","45","55","55","62","52","53","57","69","78","71","51","49","50","55","25","32","47","78","73","66","65","62","59","67","64","65","53","45","47","60","50","44","33","50","50","53","50","82","71","78","69","70","86","84","71","70","90","106","115","112","106","116","105","115","128","172","142","140","118","129","149","137","104","101","110"
"","","","","","","","","","","","","","","","","","","","","","","","","","","","","","","","","","","","","","","","","","","","","","82.00%","78.00%","53.20%","25.19%","15.48%","18.18%","17.05%","17.28%","14.11%","13.13%","13.69%","14.44%","14.02%","15.06%","15.70%","13.24%","12.53%","14.90%","14.20%","15.72%","16.09%","15.10%","17.44%","17.66%","17.94%","17.99%","17.42%","17.60%","17.94%","19.05%","19.34%","20.19%","21.16%","20.43%","23.40%","21.64%","23.97%","17.67%","21.51%","18.03%","18.29%","19.45%","18.76%","19.88%","19.80%","19.57%","18.55%","19.18%","22.05%","21.21%","20.78%","19.79%","20.69%","20.73%","22.75%","21.46%","20.42%","21.77%","19.91%","19.67%","18.29%","19.56%","20.48%","19.51%","20.82%","21.33%","19.84%","20.51%","20.38%","19.48%","18.85%","19.14%","19.76%","20.33%","22.22%","21.73%","21.41%","21.35%","23.24%","22.33%","22.45%","22.73%","22.92%","23.56%","21.98%","22.73%","24.19%"
"","","","","","","","","","","","","","","","","","","","","","","","","","","","","","","","","","","","","","","","","","","","","","11.00%","12.00%","19.08%","18.52%","17.86%","21.66%","19.38%","18.20%","19.37%","16.93%","19.07%","18.41%","15.70%","16.91%","18.35%","20.10%","20.93%","20.25%","20.54%","20.65%","20.84%","20.16%","21.34%","21.11%","21.68%","20.94%","22.67%","21.46%","21.67%","19.79%","21.46%","21.63%","21.10%","21.96%","20.30%","22.15%","18.15%","21.70%","21.98%","20.22%","20.64%","21.07%","20.61%","20.79%","21.86%","20.56%","21.62%","22.84%","21.70%","23.06%","21.35%","20.14%","22.76%","22.28%","21.38%","20.84%","20.21%","21.84%","22.47%","24.11%","22.64%","22.47%","24.25%","23.64%","22.56%","23.15%","25.60%","23.97%","24.17%","24.16%","23.05%","23.43%","24.34%","25.10%","22.67%","24.28%","25.66%","26.07%","24.87%","26.00%","25.87%","24.00%","24.87%","25.73%","25.76%","26.81%","26.90%"
"","","","","","","","","","","","","","","","","","","","","","","","","","","","","","","","","","","","","","","","","","","","","","6.00%","9.00%","23.33%","31.11%","39.29%","31.82%","33.07%","35.71%","35.16%","44.39%","35.94%","37.03%","39.44%","36.80%","34.05%","36.93%","37.20%","36.71%","36.25%","35.12%","35.28%","36.13%","34.47%","35.78%","34.00%","34.15%","35.13%","35.48%","34.80%","34.28%","35.95%","34.29%","33.78%","31.76%","31.78%","30.75%","32.19%","34.96%","31.24%","33.31%","34.84%","34.11%","36.09%","32.81%","33.23%","33.81%","34.17%","32.24%","32.55%","32.00%","32.41%","35.07%","31.98%","33.25%","32.47%","33.38%","32.56%","29.33%","28.54%","24.58%","24.20%","23.57%","22.22%","20.73%","21.13%","19.76%","20.64%","20.37%","22.04%","20.44%","19.54%","19.14%","17.94%","17.19%","17.03%","18.39%","17.23%","16.70%","17.12%","17.63%","18.43%","19.49%","17.53%","17.47%","18.63%","16.96%","17.05%"
"","","","","","","","","","","","","","","","","","","","","","","","","","","","","","","","","","","","","","","","","","","","","","1.00%","1.00%","2.81%","11.11%","13.89%","14.44%","14.99%","16.36%","15.16%","13.82%","14.43%","12.76%","14.58%","16.36%","14.38%","14.38%","14.53%","14.90%","14.80%","14.78%","13.44%","14.62%","12.82%","12.35%","12.67%","13.84%","11.90%","13.61%","13.54%","14.06%","10.95%","11.03%","10.67%","12.03%","11.98%","12.86%","11.99%","12.98%","12.79%","13.58%","12.03%","12.21%","12.41%","13.84%","11.68%","12.51%","11.94%","12.61%","11.06%","10.72%","12.27%","11.97%","11.81%","11.92%","9.88%","10.38%","13.05%","12.77%","13.69%","14.75%","15.75%","14.29%","16.23%","16.23%","16.72%","15.52%","15.28%","15.85%","16.23%","17.00%","18.68%","18.99%","17.53%","19.48%","19.04%","18.52%","17.60%","18.31%","17.58%","17.50%","17.16%","15.94%","17.08%","16.32%","16.74%","15.97%","14.58%"
"","","","","","","","","","","","","","","","","","","","","","","","","","","","","","","","","","","","","","","","","","","","","","1.00%","1.00%","1.37%","3.70%","4.76%","3.48%","4.65%","2.76%","4.84%","2.94%","4.16%","5.23%","4.11%","2.97%","4.63%","4.58%","4.00%","3.80%","4.83%","3.98%","4.11%","3.95%","3.98%","3.89%","4.57%","4.71%","4.13%","3.72%","3.72%","3.45%","3.61%","3.95%","4.45%","4.58%","3.95%","4.43%","5.14%","4.14%","3.85%","4.45%","4.75%","4.43%","3.00%","3.50%","3.69%","3.65%","4.23%","4.57%","4.53%","4.95%","4.82%","3.94%","4.31%","3.63%","4.70%","4.60%","4.49%","4.61%","4.04%","4.76%","6.56%","6.46%","4.83%","4.88%","5.33%","6.18%","5.76%","6.13%","5.09%","6.49%","6.77%","5.90%","7.42%","5.95%","7.19%","5.69%","6.55%","5.96%","5.66%","4.70%","5.43%","6.54%","6.75%","4.87%","5.46%","5.77%","6.01%"
"","","","","","","","","","","","","","","","","","","","","","","","","","","","","","","","","","","","","","","","","","","","","","0.00%","0.00%","0.20%","10.37%","8.73%","10.43%","10.85%","9.68%","11.37%","8.81%","12.71%","12.13%","12.15%","11.90%","12.89%","10.78%","10.80%","9.44%","9.37%","9.75%","10.24%","10.04%","9.95%","9.21%","9.14%","8.36%","8.75%","8.12%","8.33%","9.37%","8.71%","8.90%","8.84%","9.23%","8.60%","8.18%","8.56%","8.54%","8.63%","10.41%","9.45%","8.74%","9.12%","9.18%","9.74%","9.91%","9.49%","8.56%","8.10%","8.06%","8.37%","9.08%","8.45%","8.20%","8.83%","9.34%","9.26%","9.67%","11.35%","12.13%","12.55%","13.65%","11.98%","15.01%","13.44%","14.06%","12.87%","13.18%","12.09%","12.42%","13.11%","13.40%","13.01%","11.96%","11.85%","11.39%","11.55%","11.61%","11.52%","11.84%","10.66%","11.30%","10.84%","12.05%","11.43%","11.75%","11.27%"
"","","","Box B (Small)","0","0","0","0","0","0","0","0","0","0","0","0","0","0","0","0","0","0","0","0","0","0","0","0","0","0","0","0","0","0","0","0","0","0","0","0","0","0","0","0","0","93.00%","90.00%","72.28%","43.71%","33.34%","39.84%","36.43%","35.48%","33.48%","30.06%","32.76%","32.85%","29.72%","31.97%","34.05%","33.34%","33.46%","35.15%","34.74%","36.37%","36.93%","35.26%","38.78%","38.77%","39.62%","38.93%","40.09%","39.06%","39.61%","38.84%","40.80%","41.82%","42.26%","42.39%","43.70%","43.79%","42.12%","39.37%","43.49%","38.25%","38.93%","40.52%","39.37%","40.67%","41.66%","40.13%","40.17%","42.02%","43.75%","44.27%","42.13%","39.93%","43.45%","43.01%","44.13%","42.30%","40.63%","43.61%","42.38%","43.78%","40.93%","42.03%","44.73%","43.15%","43.38%","44.48%","45.44%","44.48%","44.55%","43.64%","41.90%","42.57%","44.10%","45.43%","44.89%","46.01%","47.07%","47.42%","48.11%","48.33%","48.32%","46.73%","47.79%","49.29%","47.74%","49.54%","51.09%"
"","","","Box F (Medium) ","0","0","0","0","0","0","0","0","0","0","0","0","0","0","0","0","0","0","0","0","0","0","0","0","0","0","0","0","0","0","0","0","0","0","0","0","0","0","0","0","0","8.00%","11.00%","27.51%","45.92%","57.94%","49.74%","52.71%","54.83%","55.16%","61.15%","54.53%","55.02%","58.13%","56.13%","53.06%","55.89%","55.73%","55.41%","55.88%","53.88%","52.83%","54.70%","51.27%","52.02%","51.24%","52.70%","51.16%","52.81%","52.06%","51.79%","50.51%","49.27%","48.90%","48.37%","47.71%","48.04%","49.32%","52.08%","47.88%","51.34%","51.62%","50.75%","51.50%","50.15%","48.60%","49.97%","50.34%","49.42%","48.14%","47.67%","49.50%","50.98%","48.10%","48.80%","47.05%","48.36%","50.10%","46.71%","46.27%","44.09%","46.51%","44.32%","43.28%","41.84%","43.18%","41.46%","41.68%","42.35%","43.36%","43.93%","44.99%","44.03%","42.89%","42.62%","43.26%","42.60%","41.38%","40.97%","40.36%","39.83%","41.02%","41.97%","41.36%","38.66%","40.83%","38.70%","37.64%"
"","","","Box G (Large)","0","0","0","0","0","0","0","0","0","0","0","0","0","0","0","0","0","0","0","0","0","0","0","0","0","0","0","0","0","0","0","0","0","0","0","0","0","0","0","0","0","0.00%","0.00%","0.20%","10.37%","8.73%","10.43%","10.85%","9.68%","11.37%","8.81%","12.71%","12.13%","12.15%","11.90%","12.89%","10.78%","10.80%","9.44%","9.37%","9.75%","10.24%","10.04%","9.95%","9.21%","9.14%","8.36%","8.75%","8.12%","8.33%","9.37%","8.71%","8.90%","8.84%","9.23%","8.60%","8.18%","8.56%","8.54%","8.63%","10.41%","9.45%","8.74%","9.12%","9.18%","9.74%","9.91%","9.49%","8.56%","8.10%","8.06%","8.37%","9.08%","8.45%","8.20%","8.83%","9.34%","9.26%","9.67%","11.35%","12.13%","12.55%","13.65%","11.98%","15.01%","13.44%","14.06%","12.87%","13.18%","12.09%","12.42%","13.11%","13.40%","13.01%","11.96%","11.85%","11.39%","11.55%","11.61%","11.52%","11.84%","10.66%","11.30%","10.84%","12.05%","11.43%","11.75%","11.27%"
"","SE","Total Boxes","","","","","","","","","","","","","","","","","","","","","","","","","","","","","","","","","","","","","","","","","","","0","43","96","94","182","252","440","387","434","475","455","409","478","535","538","605","612","750","1,027","993","954","1,094","1,265","1,256","1336","1444","1423","1429","1477","1477","1622","1608","1595","1640","1571","1480","1174","584","772","1274","1642","1662","1671","1732","1655","1601","1615","1633","1554","1456","1353","1410","1420","1160","1158","1235","1435","1425","1323","1286","1261","1219","1099","1035","1066","975","825","746","751","844","1052","1169","1311","1492","1541","1550","1535","1609","1618","1543","1562","1497","1581","1547","1484","1384","1430"
"","","Box B (Small)","","0","","","","","","","","","","","","","","","","","","","","","","","","","","","","","","","","","","","","","","","","","","39","70","42","61","101","161","138","146","143","150","135","143","172","184","202","205","264","357","362","353","386","491","487","530","563","571","559","586","574","662","673","675","696","687","648","495","230","336","488","640","674","658","705","690","643","649","687","680","645","571","564","617","499","512","523","584","622","561","564","517","513","492","447","463","434","375","332","335","369","441","498","579","678","692","714","723","763","779","746","755","700","756","763","709","686","731"
"","","Box F (Medium)","","0","","","","","","","","","","","","","","","","","","","","","","","","","","","","","","","","","","","","","","","","","","5","27","44","106","126","232","213","240","291","249","226","278","301","286","339","342","416","574","536","504","599","649","654","685","761","729","755","769","765","820","793","780","794","750","711","580","305","370","655","848","844","861","869","805","801","813","808","749","695","670","719","684","567","545","598","719","666","613","567","587","541","476","434","461","405","344","316","326","371","474","515","563","636","667","661","636","660","654","615","641","629","654","599","606","536","539"
"","","Box G (Large)","","0","","","","","","","","","","","","","","","","","","","","","","","","","","","","","","","","","","","","","","","","","","0","1","10","16","27","48","38","50","42","58","50","59","64","70","66","67","71","97","97","98","110","126","116","123","121","125","117","124","139","142","144","141","152","136","122","101","50","67","133","156","146","153","159","162","159","154","140","126","118","114","129","120","96","103","116","133","138","151","156","159","167","132","156","144","138","107","99","91","105","138","157","171","179","183","177","178","187","187","183","167","170","172","187","170","163","162"
"","ICE","Small ","2.1","0","0","0","0","0","0","0","0","0","0","0","0","0","0","0","0","0","0","0","0","0","0","0","0","0","0","0","0","0","0","0","0","0","0","0","0","0","0","0","0","117.6","233.1","279.3","283.5","327.6","388.5","636.3","753.9","777","873.6","955.5","898.8","829.5","1113","1138.2","1190.7","1230.6","1362.9","1606.5","1806","1808.1","1902.6","2265.9","2505.3","2496.9","2704.8","2835","2696.4","2889.6","2780.4","2902.2","3215.1","3124.8","3070.2","3005.1","3101.7","2761.5","1736.7","1409.1","2223.9","2952.6","3162.6","3257.1","3141.6","3322.2","3355.8","3351.6","3271.8","3586.8","3410.4","3292.8","2961","3141.6","2851.8","2664.9","2820.3","3007.2","3120.6","3124.8","2952.6","3103.8","3082.8","3015.6","2856","2580.9","2727.9","2494.8","2236.5","2276.4","2494.8","2702.7","2889.6","3126.9","3378.9","3929.1","3990","","","","","","","","","","","",""
"","","Medium","4.2","0","0","0","0","0","0","0","0","0","0","0","0","0","0","0","0","0","0","0","0","0","0","0","0","0","0","0","0","0","0","0","0","0","0","0","0","0","0","0","0","21","58.8","172.2","252","529.2","869.4","1117.2","1654.8","1755.6","2041.2","2247","1982.4","1755.6","2293.2","2322.6","2276.4","2637.6","2986.2","3385.2","3943.8","3750.6","3670.8","4599","4905.6","4834.2","4985.4","5682.6","5132.4","5388.6","5409.6","5636.4","6060.6","5636.4","5485.2","5556.6","5439","4737.6","3343.2","2549.4","3494.4","5770.8","6262.2","6077.4","6274.8","6543.6","6195","6056.4","6216","6308.4","5766.6","5544","4943.4","5413.8","4880.4","4368","4460.4","4893","5426.4","4981.2","4662","4477.2","4872","4380.6","3973.2","3616.2","3876.6","3410.4","3032.4","2956.8","3309.6","3733.8","4187.4","4531.8","4662","5178.6","5283.6","","","","","","","","","","","",""
"","","Large","6.4","0","0","0","0","0","0","0","0","0","0","0","0","0","0","0","0","0","0","0","0","0","0","0","0","0","0","0","0","0","0","0","0","0","0","0","0","0","0","0","0","0","0","6.4","25.6","134.4","166.4","326.4","448","371.2","576","467.2","531.2","518.4","595.2","627.2","684.8","665.6","787.2","736","915.2","876.8","896","1056","1094.4","1094.4","1139.2","1171.2","1132.8","1088","1158.4","1331.2","1408","1376","1228.8","1286.4","1190.4","1132.8","806.4","524.8","729.6","1350.4","1465.6","1356.8","1395.2","1414.4","1414.4","1446.4","1395.2","1312","1145.6","1043.2","1030.4","1209.6","1088","896","870.4","1062.4","1171.2","1222.4","1286.4","1523.2","1472","1568","1286.4","1446.4","1472","1420.8","1139.2","1081.6","1158.4","1350.4","1619.2","1721.6","1772.8","1888","1843.2","","","","","","","","","","","",""
"","","Total","","0","0","0","0","0","0","0","0","0","0","0","0","0","0","0","0","0","0","0","0","0","0","0","0","0","0","0","0","0","0","0","0","0","0","0","0","0","0","0","0","138.6","291.9","457.9","561.1","991.2","1424.3","2079.9","2856.7","2903.8","3490.8","3669.7","3412.4","3103.5","4001.4","4088","4151.9","4533.8","5136.3","5727.7","6665","6435.5","6469.4","7920.9","8505.3","8425.5","8829.4","9688.8","8961.6","9366.2","9348","9869.8","10683.7","10137.2","9784.2","9848.1","9731.1","8631.9","5886.3","4483.3","6447.9","10073.8","10890.4","10691.3","10811.6","11280.2","10965.2","10854.4","10883","11207.2","10322.6","9880","8934.8","9765","8820.2","7928.9","8151.1","8962.6","9718.2","9328.4","8901","9104.2","9426.8","8964.2","8115.6","7643.5","8076.5","7326","6408.1","6314.8","6962.8","7786.9","8696.2","9380.3","9813.7","10995.7","11116.8","","","","","","","","","","","",""
"","","Buffer","10%","0","0","0","0","0","0","0","0","0","0","0","0","0","0","0","0","0","0","0","0","0","0","0","0","0","0","0","0","0","0","0","0","0","0","0","0","0","0","0","0","152.46","321.09","503.69","617.21","1090.32","1566.73","2287.89","3142.37","3194.18","3839.88","4036.67","3753.64","3413.85","4401.54","4496.8","4567.09","4987.18","5649.93","6300.47","7331.5","7079.05","7116.34","8712.99","9355.83","9268.05","9712.34","10657.68","9857.76","10302.82","10283.24","10856.78","11752.07","11150.92","10762.62","10832.91","10704.21","9495.09","6474.93","4931.63","7092.69","11081.18","11979.44","11760.43","11892.76","12408.22","12061.72","11939.84","11971.3","12327.92","11354.86","10868","9828.28","10741.5","9702.22","8721.79","8966.21","9858.86","10690.02","10261.24","9791.1","10014.62","10369.48","9860.62","8927.16","8407.85","8884.15","8058.6","7048.91","6946.28","7659.08","8565.59","9565.82","10318.33","10795.07","12095.27","12228.48","","","","","","","","","","","",""
"","","","","","","","","","","","","","","","","","","","","","","","","","","","","","","","","","","","","","","","","","","","","","","","","","","","","","","","","","","","","","","","","","","","","","","","","","","","","","","","","","","","","","","","","","","","","","","","","","","","","","","","","","","","","","","","","","","","","","","","","","","","","","","","","","","",""
"","","","","","","","","","","","","","","","","","","","","","","","","","","","","","","","","","","","","","","","","","","","","","","","","","","","","","","","","","","","","","","","","","","","","","","9689","8962","9366","9348","9870","10684","10137","9784","9848","9731","8632","5886","4483","6448","-1666","10890","10691","10812","11280","10965","10854","10883","11207","46731","9880","8935","-38715","8820","7929","8151","8963","9718","9328","8901","9104","9427","8964","8116","7644","8077","7326","6408","6315","6963","7787","8696","9380","9814","10996","11117","-45645","0","0","","","","","","","","",""
"","","","","","","","","","","","","","","","","","","","","","","","","","","","","","","","","","","","","","","","","","","","","","","","","","","","","","","","","","","","","","","","","","","","","","","9689","8962","9366","9348","9870","10684","10137","9784","9848","9731","8632","5886","4483","6448","-1666","10890","10691","10812","11280","10965","10854","10883","11207","46731","9880","8935","-38715","8820","7929","8151","8963","9718","9328","8901","9104","9427","8964","8116","7644","8077","7326","6408","6315","6963","7787","8696","9380","9814","10996","11117","-45645","0","0","","","","","","","","",""
"","","","","","","","","","","","","","","","","","","","","","","","","","","","","","","","","","","","","","","","","","","","","","","","","","","","","","","","","","","","","","","","","","","","","","","9689","8962","9366","9348","9870","10684","10137","9784","9848","9731","8632","5886","4483","6448","10074","10890","10691","10812","11280","10965","10854","10883","11207","10323","9880","8935","9765","8820","7929","8151","8963","9718","9328","8901","9104","9427","8964","8116","7644","8077","7326","6408","6315","6963","7787","8696","9380","9814","10996","11117","0","0","0","","","","","","","","",""
"","","","","","","","","","","","","","","","","","","","","","","","","","","","","","","","","","","","","","","","","","","","","","","","","","","","","","","","","","","","","","","","","","","","","","","Match","Match","Match","Match","Match","Match","Match","Match","Match","Match","Match","Match","Match","Match","NO Match","Match","Match","Match","Match","Match","Match","Match","Match","NO Match","Match","Match","NO Match","Match","Match","Match","Match","Match","Match","Match","Match","Match","Match","Match","Match","Match","Match","Match","Match","Match","Match","Match","Match","Match","Match","Match","NO Match","Match","Match","","","","","","","","",""
"","","","","","","","","","","","","","","","","","","","","","","","","","","","","","","","","","","","","","","","","","","","","","","","","","","","","","","","","","","","","","","","","","","","","","Ice in Pallets","7.8","7.2","7.5","7.5","7.9","8.6","8.1","7.8","7.9","7.8","6.9","4.7","3.6","5.2","8.1","8.7","8.6","8.7","9","8.8","8.7","8.7","9.0","8.3","7.9","7.2","7.8","7.1","6.4","6.5","7.2","7.8","7.5","7.1","7.3","7.6","7.2","6.5","6.1","6.5","5.9","5.1","5.1","5.6","6.2","7.0","7.5","7.9","8.8","8.9","0.0","0.0","0.0","","","","","","","","",""
"","","","","","","","","","","","","","","","","","","","","","","","","","","","","","","","","","","","","","","","","","","","","","","","","","","","","","","","","","","","","","","","","","","","","","","","","","","","","","","","","","","","","","","","","","","","","","","","","","","","","","","","","","","","","","","","","","","","","","","","","","","","","","","","","","","",""
"","Inventory after Week","","","","","","","","","","","","","","","","","","","","","","","","","","","","","","","","","","","","","","","","","","","","","","","","","","","","","","","","","","","","","","","","","","","67272","58443","48754","122160","112794","103446","93576","82892","113939","104155","94307","84576","75944","70057","65574","59126","60792","49902","39210","28399","17119","6153","36483","25600","14393","8846","40150","31215","69930","61110","53181","45030","36067","26349","17021","8120","40199","30773","62992","54877","47233","39157","31831","25423","19108","12145","4358","-4338","-13718","-23532","-34528","-45645","","","","","","","","","","","",""
"","Inventory after Week ( Buffer)","","","","","","","","","","","","","","","","","","","","","","","","","","","","","","","","","","","","","","","","","","","","","","","","","","","","","","","","","","","","","","","","","","","","57560","46902","119412","109109","98826","87969","76217","106250","95488","84655","73951","64456","57981","53049","45956","34875","22896","11135","-758","-13166","-25227","4017","-7955","-20283","9547","39863","30034","19293","9591","869","-8097","-17956","-28646","-38907","-48699","-17529","-27899","3425","-5502","-13910","-22794","-30853","-37902","-44848","-52507","-61073","-70639","-80957","-91752","-103847","-116076","","","","","","","","","","","",""
"","Added Inventory in Pallets","","","","","","","","","","","","","","","","","","","","","","","","","","","","","","","","","","","","","","","","","","","","","","","","","","","","","","","","","","","","","","","","","","","0","","","66","","","","","33","","","","","","","","","","","","","","33","","","33","33","","","","","","","","","","33","","33","","","","","","","","","","","","","","","","","","","","","","","","",""
"","","","","","","","","","","","","","","","","","","","","","","","","","","","","","","","","","","","","","","","","","","","","","","","","","","","","","","","","","","","","","","","","","","","","","","","","","","","","","","","","","","","","","","","","","","","","","","","","","","","","","","","","","","","","","Reorder","Reorder","Reorder","Reorder","Reorder","","","","","","","","","","","","","","","","","",""
"","Emtpty Ice crates stock at LV","","","","","","","","","","","","","","","","","","","","","","","","","","","","","","","","","","","","","","","","","","","","","","","","","","","","","","","","","","","","","","","","","","","5200","5568","5972","6345","6735","7125","7536","7981","8404","8811","9222","9627","9987","10232","10419","10687","11107","11561","12006","12457","12927","13384","13836","14289","14756","15187","15598","15971","16377","16745","17075","17415","17788","18193","18582","18953","19332","19725","20098","20437","20755","21092","21397","21664","21927","22217","22542","22904","23295","23704","24162","24625","","","","","","","","","","","",""
"","Emtpty Ice crates stock at LV (buffer)","","","","","","","","","","","","","","","","","","","","","","","","","","","","","","","","","","","","","","","","","","","","","","","","","","","","","","","","","","","","","","","","","","","","5605","6012","6382","6774","7164","7577","8026","8446","8852","9263","9668","10023","10256","10437","10714","11149","11606","12051","12502","12974","13429","13881","14335","14803","15230","15639","16008","16418","16782","17108","17449","17826","18234","18621","18990","19370","19764","20136","20470","20787","21125","21427","21691","21953","22246","22574","22940","23334","23745","24208","24671","","","","","","","","","","","",""
"","Pallets","","","","","","","","","","","","","","","","","","","","","","","","","","","","","","","","","","","","","","","","","","","","","","","","","","","","","","","","","","","","","","","","","","","","33.1","35.5","37.8","40.1","42.4","44.9","47.5","17.0","52.4","54.9","57.3","59.4","60.9","62.0","63.6","66.1","68.8","71.5","74.1","76.9","79.7","82.4","85.1","87.8","90.4","92.8","95.1","97.5","99.7","101.6","103.7","105.9","108.3","110.6","112.8","115.1","117.4","119.6","121.6","123.5","125.5","127.4","129.0","130.5","132.2","134.2","136.3","138.7","141.1","143.8","146.6","","","","","","","","","","","",""
"","Pallets (buffer)","","","","","","","","","","","","","","","","","","","","","","","","","","","","","","","","","","","","","","","","","","","","","","","","","","","","","","","","","","","","","","","","","","","","33.4","35.8","38.0","40.3","42.6","45.1","47.8","17.3","52.7","55.1","57.5","59.7","61.1","62.1","63.8","66.4","69.1","71.7","74.4","77.2","79.9","82.6","85.3","88.1","90.7","93.1","95.3","97.7","99.9","101.8","103.9","106.1","108.5","110.8","113.0","115.3","117.6","119.9","121.8","123.7","125.7","127.5","129.1","130.7","132.4","134.4","136.5","138.9","141.3","144.1","146.9","","","","","","","","","","","",""
"","Crates sent back to The Barn ","","","","","","","","","","","","","","","","","","","","","","","","","","","","","","","","","","","","","","","","","","","","","","","","","","","","","","","","","","","","","","","","","","","","","","","","","","","33","","","","","","","","","","","","","","","","","","","","","","","","","","","","","","","","","","","","","","","","","","","","","","","","","","","","","","",""
"","","","","","","","","","","","","","","","","","","","","","","","","","","","","","","","","","","","","","","","","","","","","","","","","","","","","","","","","","","","","","","","","","","","","","","","","","","","","","","","","","","","","","","","","","","","","","","","","","","","","","","","","","","","Pallets of ice left over","37.84719551","31.37564103","","","","","","","","","","","","","","","","","","","","","",""
"","","","","","","","","","","","","","","","","","","","","","","","","","","","","","","","","","","","","","","","","","","","","","","","","","","","","","","","","","","","","","","","","","","","","","","","","","","","","","","","","","","","","","","","","","","","","","","","","","","","","","","","","","","","","","","","","","","","","","","","","","","","","","","","","","","",""
"","","","","","","","","","","","","","","","","","","","","","","","","","","","","","","","","","","","","","","","","","","","","","","","","","","","","","","","","","","","","","","","","","","","","","","","","","","","","","","","","","","","","","","","","","","","","66 pallets ordered","","","","","","","","","","","","","","","","","","","","","","","","","","","","","","","","","","","","","","",""
"","","","","","","","","","","","","","","","","","","","","","","","","","","","","","","","","","","","","","","","","","","","","","","","","","","","","","","","","","","","","","","","","","","","","","","","","","","","","","","","","","","","","","","41184","","","","","","4.03 delivery","","","","","","","","","","","","","","","","","","","","","","","","","","","","","","","","","","","","","","",""
"","","","","","","","","","","","","","","","","","","","","","","","","","","","","","","","","","","","","","","","","","","","","","","","","","","","","","","","","","","","","","","","","","","","","","","","","","","","","","","","","","","","","","","82368","","","","","","","","","","","","","","","","","","","","","","","","","","","","","","","","","","","","","","","","","","","","",""
"","","","41184","","","","","","","","","","","","","","","","","","","","","","","","","","","","","","","","","","","","","","","","","","","","","","","","","","","","","","","","","","","","","","","","","","","","","","","","","","","","","","","","","","","","","","","","","","","","","","","","","","","","","","","","","","W28","W29","W30","W31","W32","","","","","","","","","","","","","","","","","",""
"","","Ice packs per pallet","1248","","","","","","","","","","","","","","","","","","","","","","","","","","","","","","","","","","","","","","","","","","","","","","","","","","","","","","","","","","","","","","","","","","","","","","","","","","","","","","","","","","","","","","","","","","","","","","","","","","","","","","","","","","2-Jul-2025","9-Jul-2025","16-Jul-2025","23-Jul-2025","30-Jul-2025","","","","","","","","","","","","","","","","","",""
"","","Crates per pallet","52","","","","","","","","","","","","","","","","","","","","","","","","","","","","","","","","","","","","","","","","","","","","","","","","","","","","","","","","","","","","","","","","13 layers of 4 ","","","","","","","","","","","","","","","","","","","","","","","","","","","","","","","","","","","","","","","","","","6-Jul-2025","13-Jul-2025","20-Jul-2025","27-Jul-2025","3-Aug-2025","","","","","","","","","","","","","","","","","",""
"","","Ice per crate","24","","","","","","","","","","","","","","","","","","","","","","","","","","","","","","","","","","","","","","","","","","","","","","","","","","","","","","","","","","","","","","","","","","","","","","","","","","","","","","","","","","","","","","","","","","","","","","","","","","","","","","","","","","","","","","","","","","","","","","","","","","","","","","","",""
"","","Empy crates per pallet ","168","","","","","","","","","","","","","","","","","","","","","","","","","","","","","","","","","","","","","","","","","","","","","","","","","","","","","","","","","","","","","","","","4","layers 42","","","","","","","","","","","","","","","","","","","","","","","","","","","","","","","","","","","","","","","DK","Total Boxes","1382","1244","1137","1209","1404","","","","","","","","","","","","","","","","","",""
"","","","","","","","","","","","","","","","","","","","","","","","","","","","","","","","","","","","","","","","","","","","","","","","","","","","","","","","","","","","","","","","","","","","","","","","","","","","","","","","","","","","","","","","","","","","","","","","","","","","","","","","","","","","","Box B (Small)","836","754","690","752","853","","","","","","","","","","","","","","","","","",""
"","","","","","","","","","","","","","","","","","","","","","","","","","","","","","","","","","","","","","","","","","","","","","","","","","","","","","","","","","","","","","","","","","","","","","","","","","","","","","","","","","","","","","","","","","","","","","","","","","","","","","","","","","","","","Box F (Medium)","462","407","378","388","462","","","","","","","","","","","","","","","","","",""
"","","","","","","","","","","","","","","","","","","","","","","","","","","","","","","","","","","","","","","","","","","","","","","","","","","","","","","","","","","","","","","","","","","","","","","","","","","","","","","","","","","","","","","","","","","","","","","","","","","","","","","","","","","","","Box G (Large)","86","84","71","70","90","","","","","","","","","","","","","","","","","",""
"","","","","","","","","","","","","","","","","","","","","","","","","","","","","","","","","","","","","","","","","","","","","","","","","","","","","","","","","","","","","","","","","","","","","","","","","","","","","","","","","","","","","","","","","","","","","","","","","","","","","","","","","","","","SE","Total Boxes","1066","975","825","746","751","","","","","","","","","","","","","","","","","",""
"","","","","","","","","","","","","","","","","","","","","","","","","","","","","","","","","","","","","","","","","","","","","","","","","","","","","","","","","","","","","","","","","","","","","","","","","","","","","","","","","","","","","","","","","","","","","","","","","","","","","","","","","","","","","Box B (Small)","463","434","375","332","335","","","","","","","","","","","","","","","","","",""
"","","","","","","","","","","","","","","","","","","","","","","","","","","","","","","","","","","","","","","","","","","","","","","","","","","","","","","","","","","","","","","","","","","","","","","","","","","","","","","","","","","","","","","","","","","","","","","","","","","","","","","","","","","","","Box F (Medium)","461","405","344","316","326","","","","","","","","","","","","","","","","","",""
"","","","","","","","","","","","","","","","","","","","","","","","","","","","","","","","","","","","","","","","","","","","","","","","","","","","","","","","","","","","","","","","","","","","","","","","","","","","","","","","","","","","","","","","","","","","","","","","","","","","","","","","","","","","","Box G (Large)","144","138","107","99","91","","","","","","","","","","","","","","","","","",""
"","","","","","","","","","","","","","","","","","","","","","","","","","","","","","","","","","","","","","","","","","","","","","","","","","","","","","","","","","","","","","","","","","","","","","","","","","","","","","","","","","","","","","","","","","","","","","","","","","","","","","","","","","","","","","","","","","","","","","","","","","","","","","","","","","","",""
"","","","","","","","","","","","","","","","","","","","","","","","","","","","","","","","","","","","","","","","","","","","","","","","","","","","","","","","","","","","","","","","","","","","","","","","","","","","","","","","","","","","","","","","","","","","","","","","","","","","","","","","","","","","Boxes ","S","1299","1188","1065","1084","1188","","","","","","","","","","","","","","","","","",""
"","","","","","","","","","","","","","","","","","","","","","","","","","","","","","","","","","","","","","","","","","","","","","","","","","","","","","","","","","","","","","","","","","","","","","","","","","","","","","","","","","","","","","","","","","","","","","","","","","","","","","","","","","","","","M","923","812","722","704","788","","","","","","","","","","","","","","","","","",""
"","","","","","","","","","","","","","","","","","","","","","","","","","","","","","","","","","","","","","","","","","","","","","","","","","","","","","","","","","","","","","","","","","","","","","","","","","","","","","","","","","","","","","","","","","","","","","","","","","","","","","","","","","","","","L","230","222","178","169","181","","","","","","","","","","","","","","","","","",""
"","","","","","","","","","","","","","","","","","","","","","","","","","","","","","","","","","","","","","","","","","","","","","","","","","","","","","","","","","","","","","","","","","","","","","","","","","","","","","","","","","","","","","","","","","","","","","","","","","","","","","","","","","","","","","","","","","","Total "," Total + Buffer ","","","","","","","","","","","","","","","",""
"","","","","","","","","","","","","","","","","","","","","","","","","","","","","","","","","","","","","","","","","","","","","","","","","","","","","","","","","","","","","","","","","","","","","","","","","","","","","","","","","","","","","","","","","","","","","","","","","","","","","","","","","","","","Pallets ","S","2.2","2.0","1.8","1.8","2.0","11.2","13","","","","","","","","","","","","","","","",""
"","","","","","","","","","","","","","","","","","","","","","","","","","","","","","","","","","","","","","","","","","","","","","","","","","","","","","","","","","","","","","","","","","","","","","","","","","","","","","","","","","","","","","","","","","","","","","","","","","","","","","","","","","","","","M","1.5","1.4","1.2","1.2","1.3","7.7","9","","","","","","","","","","","","","","","",""
"","","","","","","","","","","","","","","","","","","","","","","","","","","","","","","","","","","","","","","","","","","","","","","","","","","","","","","","","","","","","","","","","","","","","","","","","","","","","","","","","","","","","","","","","","","","","","","","","","","","","","","","","","","","","L","0.4","0.4","0.3","0.3","0.3","1.6","3","","","","","","","","","","","","","","","",""
"","","","","","","","","","","","","","","","","","","","","","","","","","","","","","","","","","","","","","","","","","","","","","","","","","","","","","","","","","","","","","","","","","","","","","","","","","","","","","","","","","","","","","","","","","","","","","","","","","","","","","","","","","","","","","","","","","","","25","","","","","","","","","","","","","","","",""
"","","","","","","","","","","","","","","","","","","","","","","","","","","","","","","","","","","","","","","","","","","","","","","","","","","","","","","","","","","","","","","","","","","","","","","","","","","","","","","","","","","","","","","","","","","","","","","","","","","","","","","","","","","","","","","","","","","","","","","","","","","","","","","","","","","",""
"","","","","","","","","","","","","","","","","","","","","","","","","","","","","","","","","","","","","","","","","","","","","","","","","","","","","","","","","","","","","","","","","","","","","","","","","","","","","","","","","","","","","","","","","","","","","","","","","","","","","","","","","","","","","","","","","","","","1 Pallet of Shots ","","","","","","","","","","","","","","","",""
"","","","","","","","","","","","","","","","","","","","","","","","","","","","","","","","","","","","","","","","","","","","","","","","","","","","","","","","","","","","","","","","","","","","","","","","","","","","","","","","","","","","","","","","","","","","","","","","","","","","","","","","","","","","","","","","","","","","2 Pallets of Marketing","","","","","","","","","","","","","","","",""
