"1","3","4","6","8","9","10","","11","12","14","15","","16","17","18","19"
"W19","","COPY FROM D4 OUTPUT","","","","","","","","","","","MEAL UPTAKE BY SLOT","","",""
"Slot DE","Week","Count GER","DE Count w/ buffer","Recipe ID","BF SKU","BF Name","DE Name","Name","Internal SKU number (BNL)","Price","Production buffer","","BNL","","",""
"301","W44","505","517","FE0224C","565047","HF Kip Florentine 404g","Kylling à la Florentine","Chicken à la Florentine","CON-00-136620-3","€0.05","","W44","301","505","","#REF!"
"302","W44","412","424","FE4001A","#N/A","#N/A","#N/A","#N/A","#N/A","#N/A","","W44","302","412","","#REF!"
"303","W44","237","249","FE0413F","565089","HF Franse stijl rundvlees","Braiseret oksekød i urtesauce","Braised beef in herby jus","CON-00-136698-3","","","W44","303","237","","#REF!"
"304","W44","447","459","FE0970B","565164","","Kylling i Emmental-fondue med karamelliseret løg","Caramelized Onion & Emmental Fondue Chicken","CON-00-148220-2","","","W44","304","447","3654",""
"305","W44","260","272","FE4014B","565122","","Cremet basilikumrisotto med kylling","Creamy basil risotto with chicken","CON-00-136675-3","","","W44","305","260","",""
"306","W44","239","251","FE0207I","565148","HF RW Kipfilet in rom spinazie","Kylling i cremet spinat","Chicken in creamy spinach","CON-00-136619-3","","","W44","306","239","",""
"307","W44","117","129","FE4006A","565063","HF Varkenshaas met tomatensaus 384g","Svinemørbrad i soltørret tomatsauce","Pork tenderloin in sundried tomato sauce","CON-00-136664-3","","","W44","307","117","",""
"308","W44","549","561","FE0036E","565042","HF Zalm+cheesy bloemk rijst","Laks og ostegratineret blomkålsris","Salmon on cheesy cauliflower rice","CON-00-136617-3","","","W44","308","549","",""
"309","W44","288","300","FE0090C","565141","","Squash- og peberfrugtsratatouille","Ratatouille of zucchini and pepper","CON-00-136634-3","","","W44","309","288","",""
"310","W44","246","258","FE0425C","#N/A","#N/A","#N/A","#N/A","#N/A","#N/A","","W44","310","246","",""
"311","W44","314","326","FE0780D","#N/A","#N/A","#N/A","#N/A","#N/A","#N/A","","W44","311","314","",""
"312","W44","376","388","FE4044C","565104","HF Zalm op tomatenrisotto","Laks på tomatrisotto","Salmon on tomato risotto","CON-00-136719-3","","","W44","312","376","",""
"313","W44","160","172","FE0673B","565058","HF Kip Kokosrijst Pindasaus","Thai-inspireret kylling med peanutsauce","Thai style chicken and peanut sauce","CON-00-136656-3","","","W44","313","160","",""
"314","W44","69","81","FE0517B","565152","HF RW Abrikoos-mosterd kip","Abrikos-sennep kylling","Apricot-mustard chicken ","CON-00-136682-3","","","W44","314","69","",""
"315","W44","82","94","FE0745B","565139","HF Pulled beef met peccorino","Oksekød med blomkålsmos","Beef with cauliflower mash","CON-00-136718-3","","","W44","315","82","",""
"316","W44","91","103","FE4038B","565160","","Kylling i svampesauce     ","Chicken in mushroom sauce","CON-00-136711-3","","","W44","316","91","",""
"317","W44","246","258","FE4020A","565071","HF Gegrilde varkenshaas met broccoli in paprikasaus","Grillet svinemørbrad med broccoli i pebersauce","Grilled pork tenderloin with broccoli in peppersauce","CON-00-136679-3","","","W44","317","246","",""
"318","W44","170","182","FE1072A","#N/A","#N/A","#N/A","#N/A","#N/A","#N/A","","W44","318","170","",""
"301","W45","1544","1556","FE0628B","#N/A","#N/A","#N/A","#N/A","#N/A","#N/A","","W45","301","1544","","#REF!"
"302","W45","801","813","FE4015A","565072","HF Gegrilde kipfilet en ratatouille 429g","Grillet kylling og ratatouille","Grilled chicken and ratatouille","CON-00-136674-3","","","W45","302","801","","#REF!"
"303","W45","1046","1058","FE0849A","565060","HF Courgette-spaghetti bolognese 352g","Squash-spaghetti bolognese","Courgette-spaghetti bolognese","CON-00-136657-3","","","W45","303","1046","","#REF!"
"304","W45","1511","1523","FE4053A","#N/A","#N/A","#N/A","#N/A","#N/A","#N/A","","W45","304","1511","8675",""
"305","W45","1229","1241","FE0426B","565035","HF Puree van aardappel en prei met gegrilde kip 416g","Grillet kyllingefilet og kartoffel-porremos","Grilled chicken fillet and potato leek mash","CON-00-136649-3","€0.05","","W45","305","1229","",""
"306","W45","807","819","FE0794D","565156","HF Loaded Bacon Chicken","Pulled chicken med bacon","Loaded Bacon Shredded Chicken","CON-00-147983-2","","","W45","306","807","",""
"307","W45","291","303","FE4060A","565134","","Svinemørbrad med artiskok og spinat ","Artichoke & Spinach Pork tenderloin","CON-00-139494-2","","","W45","307","291","",""
"308","W45","855","867","FE0035E","#N/A","#N/A","#N/A","#N/A","#N/A","#N/A","","W45","308","855","",""
"309","W45","418","430","FE0121B","#N/A","#N/A","#N/A","#N/A","#N/A","#N/A","","W45","309","418","",""
"310","W45","487","499","FE0516A","565111","","Trottole i soltørret tomatsauce ","Sun-dried tomato trottole","CON-00-136721-3","","","W45","310","487","",""
"311","W45","408","420","FE4063A","565136","","Pulled beef med cheddar","Cheddar pulled beef","CON-00-138996-2","","","W45","311","408","",""
"312","W45","786","798","FE4009D","565064","HF Zalm in mosterd dillesaus","Laks i senneps-dild sauce","Salmon in mustard-dill sauce","CON-00-137745-2","","","W45","312","786","",""
"313","W45","382","394","FE0123H","565155","","Chicken Alfredo ","Chicken Alfredo","CON-00-136725-3","","","W45","313","382","",""
"314","W45","429","441","FE1348B","565186","HF Pulled beef salsa bowl","Pulled beef bowl med cheddar og peberfrugt","Cheddar & Bell Pepper Pulled Beef Bowl","CON-00-151114-2","","","W45","314","429","",""
"315","W45","188","200","FE4027B","565142","HF RW Rundvlees & BBQ saus RW565085 / FE4027A / CS P+","Pulled beef med BBQ sauce","Beef & BBQ sauce","CON-00-136693-3","","","W45","315","188","",""
"316","W45","354","366","FE4055A","565133","","Citron- og hvidløgskylling","Lemon-garlic chicken","CON-00-138291-2","","","W45","316","354","",""
"317","W45","274","286","FE0169H","565143","Varkenshaas in romige knoflook-mosterdsaus","Svinemørbrad i cremet hvidløg-sennepssauce","Pork tenderloin in creamy garlic-mustard sauce","CON-00-136637-3","","","W45","317","274","",""
"318","W45","256","268","FE4042A","565109","","Svinemørbrad og middelhavsinspireret kartoffelmos ","Pork tenderloin and Mediterranean mash","CON-00-136717-3","","","W45","318","256","",""
"301","W46","1254","1266","FE4001A","#N/A","#N/A","#N/A","#N/A","#N/A","#N/A","","W46","301","1254","","#REF!"
"302","W46","951","963","FE4011B","#N/A","#N/A","#N/A","#N/A","#N/A","#N/A","","W46","302","951","","#REF!"
"303","W46","634","646","FE0713A","#N/A","#N/A","#N/A","#N/A","#N/A","#N/A","","W46","303","634","","#REF!"
"304","W46","1013","1025","FE4040A","#N/A","#N/A","#N/A","#N/A","#N/A","#N/A","","W46","304","1013","6551",""
"305","W46","849","861","FE0271B","565132","","Kylling i tranebærsauce","Cranberry Chicken ","CON-00-136669-3","","","W46","305","849","",""
"306","W46","843","855","FE0129G","565193","HF RW Peruaanse stijl kipfilet","Peruviansk inspireret kyllingebryst","Peruvian style chicken breast","CON-00-136727-3","","","W46","306","843","",""
"307","W46","178","190","FE4010B","565138","","Grillet svinemørbrad og tomatsmør","Grilled pork tenderloin and tomato butter","CON-00-136670-3","","","W46","307","178","",""
"308","W46","819","831","FE4039C","565102","HF Zalm romige gochugaru sa","Laks i cremet gochugaru sauce","Salmon in creamy gochugaru sauce","CON-00-137744-2","","","W46","308","819","",""
"309","W46","298","310","FE0031B","#N/A","#N/A","#N/A","#N/A","#N/A","#N/A","","W46","309","298","",""
"310","W46","377","389","FE0131C","565044","HF Black Bean & Rice Enchilada Bowl 400g","Mexikansk-inspireret bønnebowl ","Black bean bowl and enchilada sauce","CON-00-136625-3","","","W46","310","377","",""
"311","W46","251","263","FE1345A","565158","","Pulled beef & pasta i ostesauce","Pulled beef & pasta in cheese sauce","CON-00-148373-2","","","W46","311","251","",""
"312","W46","489","501","FE0036E","565042","HF Zalm+cheesy bloemk rijst","Laks og ostegratineret blomkålsris","Salmon on cheesy cauliflower rice","CON-00-136617-3","","","W46","312","489","",""
"313","W46","455","467","FE0130E","565197","HF Pulled chick rijst en bonen","Ris bowl med pulled chicken og tacokrydderier","Rice bowl with pulled chicken and taco spices","CON-00-136635-3","","","W46","313","455","",""
"314","W46","182","194","FE0780D","#N/A","#N/A","#N/A","#N/A","#N/A","#N/A","","W46","314","182","",""
"315","W46","98","110","FE4043A","565110","","Oksekød i tomatragout ","Beef in tomato ragout","CON-00-136720-3","","","W46","315","98","",""
"316","W46","311","323","FE4051A","565126","HF Kip tomatensaus mozzarella","Tomat- og mozzarella kylling","Tomato-mozzarella chicken","CON-00-137456-2","","","W46","316","311","",""
"317","W46","266","278","FE4022B","565146","HF RW Varkenshaas zwpeper sali","Svinemørbrad med sort peber og salvie","Pork tenderloin with black pepper and sage","CON-00-136684-3","","","W46","317","266","",""
"318","W46","122","134","FE4048A","#N/A","#N/A","#N/A","#N/A","#N/A","#N/A","","W46","318","122","",""
"806","W46","7","19","FEA006A","","","Grillet kylling med hvidlød og urter","Garlic Herb Grilled Chicken","PTN-00-136930-3","","","W46","806","7","7559",""
"301","W47","1165","1177","FE4014B","565122","","Cremiges Basilikum-Risotto","Creamy basil risotto with chicken","CON-00-136675-3","€5.12","","W47","301","1165","","#REF!"
"302","W47","638","650","FE4015A","565072","HF Gegrilde kipfilet en ratatouille 429g","Grillhähnchen und Ratatouille","Grilled chicken and ratatouille","CON-00-136674-3","€4.87","","W47","302","638","","#REF!"
"303","W47","673","685","FE0746A","565091","HF Beef burrito bowl","Scharfes Rinderhack mit Jalapeños","Spicy ground beef with jalapenos","CON-00-136694-3","€5.08","","W47","303","673","","#REF!"
"304","W47","961","973","FE4038B","565160","","Hähnchen in Pilzsauce","Chicken in mushroom sauce","CON-00-136711-3","€5.17","","W47","304","961","5915",""
"305","W47","877","889","FE0224C","565047","HF Kip Florentine 404g","Hähnchen à la Florentine","Chicken à la Florentine","CON-00-136620-3","€4.22","","W47","305","877","",""
"306","W47","811","823","FE0025M","565149","HF Kip Piccata met broccoli","Hähnchen in Zitronen-Kapern-Sauce","Chicken in lemon-capers sauce","CON-00-136695-3","€5.01","","W47","306","811","",""
"307","W47","258","270","FE4020A","565071","HF Gegrilde varkenshaas met broccoli in paprikasaus","Gegrilltes Schweinefilet mit Brokkoli in Paprikasauce","Grilled pork tenderloin with broccoli in peppersauce","CON-00-136679-3","€5.14","","W47","307","258","",""
"308","W47","613","625","FE0035E","#N/A","#N/A","#N/A","#N/A","#N/A","#N/A","","W47","308","613","",""
"309","W47","289","301","FE0090C","565141","","Zucchini-Paprika-Ratatouille","Ratatouille of zucchini and pepper","CON-00-136634-3","€3.63","","W47","309","289","",""
"310","W47","263","275","FE0935A","565065","HF Vegetarische stoof met witte bonen 404g","Vegetarischer Bohnen-Eintopf","Vegetarian stew with white beans","CON-00-136660-3","€3.40","","W47","310","263","",""
"311","W47","239","251","FE4050A","565125","HF Gehakt en zwarte bonen bowl","Rindfleisch-Bohnen-Bowl","Beef & black bean bowl","CON-00-137312-2","€4.49","","W47","311","239","",""
"312","W47","484","496","FE1145B","565206","HF Zalm citroen dille yoghurt","Ofengerösteter Lachs & Dill-Joghurt","Roasted Salmon & Dill Yogurt","CON-00-151097-2","€5.73","","W47","312","484","",""
"313","W47","281","293","FE1131D","565166","HF Tex Mex style pulled chicke","Tex-Mex Hähnchen-Tinga","Tex-Mex Style Chicken Thigh Tinga","CON-00-149989-2","€4.94","","W47","313","281","",""
"314","W47","230","242","FE0833F","565169","HF Kip tabouleh met tzatziki","Tabbouleh-Reis & Gegrilltes Hähnchen","Tabbouleh Rice & Grilled Chicken","CON-00-150540-2","€5.03","","W47","314","230","",""
"315","W47","146","158","FE0160C","565153","HF Beef Shephards Pie","Shepherd’s Pie mit Rindfleisch","Beef Shepherd's Pie","CON-00-137164-3","€3.41","","W47","315","146","",""
"316","W47","145","157","FE0472B","565145","HF RW Butter Chicken","Indisches Butterhuhn","Indian style butter chicken","CON-00-136623-3","€5.33","","W47","316","145","",""
"317","W47","217","229","FE0430E","565140","","Schweinefilet in Paprikasauce","Pork tenderloin in red pepper sauce","CON-00-136639-3","€4.66","","W47","317","217","",""
"318","W47","101","113","FE0890B","565117","","Schweinefilet mit Apfel-Senf-Soße","Pork tenderloin with apple-mustard sauce","CON-00-136726-3","€4.80","","W47","318","101","",""
"806","W47","4","16","FEA006A","","","Gegrilltes Hähnchen mit Knoblauch-Kräutern","Garlic Herb Grilled Chicken","PTN-00-136930-3","€3.61","","W47","806","4","7714",""
"301","W48","1083","1095","FE0628B","#N/A","#N/A","#N/A","#N/A","#N/A","#N/A","","W48","301","1083","","#REF!"
"302","W48","708","720","FE0426B","565035","HF Puree van aardappel en prei met gegrilde kip 416g","Gegrilltes Hähnchenfilet mit Kartoffel-Lauch-Püree","Grilled chicken fillet and potato leek mash","CON-00-136649-3","€4.59","","W48","302","708","","#REF!"
"303","W48","755","767","FE0713A","#N/A","#N/A","#N/A","#N/A","#N/A","#N/A","","W48","303","755","","#REF!"
"304","W48","1013","1025","FE4040B","565172","","Hähnchen in cremiger Basilikumsauce","Chicken in creamy basil sauce","CON-00-136714-3","€5.19","","W48","304","1013","6479",""
"305","W48","898","910","FE4001B","#N/A","#N/A","#N/A","#N/A","#N/A","#N/A","","W48","305","898","",""
"306","W48","621","633","FE0198C","#N/A","#N/A","#N/A","#N/A","#N/A","#N/A","","W48","306","621","",""
"307","W48","437","449","FE4022B","565146","HF RW Varkenshaas zwpeper sali","Schweinefilet mit schwarzem Pfeffer und Salbei","Pork tenderloin with black pepper and sage","CON-00-136684-3","€5.36","","W48","307","437","",""
"308","W48","588","600","FE4039C","565102","HF Zalm romige gochugaru sa","Lachs in cremiger Gochugaru-Sauce","Salmon in creamy gochugaru sauce","CON-00-137744-2","€7.17","","W48","308","588","",""
"309","W48","250","262","FE0425C","#N/A","#N/A","#N/A","#N/A","#N/A","#N/A","","W48","309","250","",""
"310","W48","230","242","FE0516A","565111","","Trottole mit getrockneten Tomaten","Sun-dried tomato trottole","CON-00-136721-3","€4.12","","W48","310","230","",""
"311","W48","248","260","FE0047G","#N/A","#N/A","#N/A","#N/A","#N/A","#N/A","","W48","311","248","",""
"312","W48","550","562","FE1320C","565196","HF Aji verde zalm","Ají Verde Lachs","Ají Verde Salmon","CON-00-151278-2","€6.40","","W48","312","550","",""
"313","W48","329","341","FE0322O","565163","HF Kip bieslook aardappel pure","Hähnchen mit Sauerrahm und Schnittlauch","Sour Cream & Chive Chicken","CON-00-149480-2","€4.70","","W48","313","329","",""
"314","W48","209","221","FE1351C","565185","HF Pasta paprika cheddar saus","Pasta mit Hähnchen, Cheddar und roter Paprika","Cheddar & Red Pepper Chicken Thigh Pasta","CON-00-151281-2","€3.68","","W48","314","209","",""
"315","W48","280","292","FE1346B","565184","HF Pulled beef & knoflook room","Pulled Beef in Parmesan-Knoblauch-Creme","Parmesan & Garlic Cream Pulled Beef","CON-00-150388-2","€4.13","","W48","315","280","",""
"316","W48","321","333","FE0970B","565164","","Hähnchen mit karamellisierten Zwiebeln & Emmentaler-Fondue","Caramelized Onion & Emmental Fondue Chicken","CON-00-148220-2","€4.34","","W48","316","321","",""
"317","W48","378","390","FE4060A","565134","","Schweinefilet mit Artischocken und Spinat","Artichoke & Spinach Pork tenderloin","CON-00-139494-2","€5.29","","W48","317","378","",""
"318","W48","127","139","FE1072A","#N/A","#N/A","#N/A","#N/A","#N/A","#N/A","","W48","318","127","",""
"806","W48","8","20","FEA006A","","","Gegrilltes Hähnchen mit Knoblauch-Kräutern","Garlic Herb Grilled Chicken","PTN-00-136930-3","€3.61","","W48","806","8","#N/A",""
"301","W49","#N/A","#N/A","FE0224C","565047","HF Kip Florentine 404g","Hähnchen à la Florentine","Chicken à la Florentine","CON-00-136620-3","€4.22","","W49","301","#N/A","","#N/A"
"302","W49","#N/A","#N/A","FE4015A","565072","HF Gegrilde kipfilet en ratatouille 429g","Grillhähnchen und Ratatouille","Grilled chicken and ratatouille","CON-00-136674-3","€4.87","","W49","302","#N/A","","#N/A"
"303","W49","#N/A","#N/A","FE0849A","565060","HF Courgette-spaghetti bolognese 352g","Zucchini-Spaghetti Bolognese","Courgette-spaghetti bolognese","CON-00-136657-3","€5.05","","W49","303","#N/A","","#N/A"
"304","W49","#N/A","#N/A","FE4053A","#N/A","#N/A","#N/A","#N/A","#N/A","#N/A","","W49","304","#N/A","#N/A",""
"305","W49","#N/A","#N/A","FE0271B","565132","","Cranberry-Hähnchen","Cranberry Chicken ","CON-00-136669-3","€4.46","","W49","305","#N/A","",""
"306","W49","#N/A","#N/A","FE0129G","565193","HF RW Peruaanse stijl kipfilet","Hähnchenbrust nach peruanischer Art","Peruvian style chicken breast","CON-00-136727-3","€4.53","","W49","306","#N/A","",""
"307","W49","#N/A","#N/A","FE4060A","565134","","Schweinefilet mit Artischocken und Spinat","Artichoke & Spinach Pork tenderloin","CON-00-139494-2","€5.29","","W49","307","#N/A","",""
"308","W49","#N/A","#N/A","FE0972B","565189","HF Zalm met piccata saus","Lachs Piccata","Salmon Piccata","CON-00-152025-2","€6.23","","W49","308","#N/A","",""
"309","W49","#N/A","#N/A","FE0090C","565141","","Zucchini-Paprika-Ratatouille","Ratatouille of zucchini and pepper","CON-00-136634-3","€3.63","","W49","309","#N/A","",""
"310","W49","#N/A","#N/A","FE0031B","#N/A","#N/A","#N/A","#N/A","#N/A","#N/A","","W49","310","#N/A","",""
"311","W49","#N/A","#N/A","FE1345A","565158","","Pulled Beef und Pasta in Käsesauce","Pulled beef & pasta in cheese sauce","CON-00-148373-2","€4.79","","W49","311","#N/A","",""
"312","W49","#N/A","#N/A","FE4044C","565104","HF Zalm op tomatenrisotto","Lachs auf Tomatenrisotto","Salmon on tomato risotto","CON-00-136719-3","€6.38","","W49","312","#N/A","",""
"313","W49","#N/A","#N/A","FE4064A","565211","HF Gember knoflook kip","Gegrilltes Hähnchen in Ingwer-Knoblauch-Marinade","Ginger Garlic Grilled Chicken","CON-00-152024-2","€4.53","","W49","313","#N/A","",""
"314","W49","#N/A","#N/A","FE1404A","565190","HF Bulgogi pulled beef","Bulgogi-Bowl mit geschmortem Rindfleisch","Bulgogi Shredded Beef Bowl","CON-00-150963-2","€2.90","","W49","314","#N/A","",""
"315","W49","#N/A","#N/A","FE1506A","565176","HF Fajita style pulled beef","Fajita-Rindfleischstreifen mit Käse-Sauce","Fajita-Style Shredded Beef & Queso","CON-00-150601-2","€4.46","","W49","315","#N/A","",""
"316","W49","#N/A","#N/A","FE0024E","565150","HF RW Kipfilet in tom-roomsaus","Hähnchen in Tomatencreme","Chicken in tomato cream sauce","CON-00-136673-3","€4.95","","W49","316","#N/A","",""
"317","W49","#N/A","#N/A","FE0169H","565143","Varkenshaas in romige knoflook-mosterdsaus","Schweinefilet in cremiger Knoblauch-Senf-Sauce","Pork tenderloin in creamy garlic-mustard sauce","CON-00-136637-3","€4.88","","W49","317","#N/A","",""
"318","W49","#N/A","#N/A","FE4048A","#N/A","#N/A","#N/A","#N/A","#N/A","#N/A","","W49","318","#N/A","",""
"806","W49","#N/A","#N/A","FEA006A","","","Gegrilltes Hähnchen mit Knoblauch-Kräutern","Garlic Herb Grilled Chicken","PTN-00-136930-3","€3.61","","W49","806","#N/A","#N/A",""
"301","W50","#N/A","#N/A","FE0426B","565035","HF Puree van aardappel en prei met gegrilde kip 416g","Gegrilltes Hähnchenfilet mit Kartoffel-Lauch-Püree","Grilled chicken fillet and potato leek mash","CON-00-136649-3","€4.59","","W50","301","#N/A","","#N/A"
"302","W50","#N/A","#N/A","FE4001B","#N/A","#N/A","#N/A","#N/A","#N/A","#N/A","","W50","302","#N/A","","#N/A"
"303","W50","#N/A","#N/A","FE0746A","565091","HF Beef burrito bowl","Scharfes Rinderhack mit Jalapeños","Spicy ground beef with jalapenos","CON-00-136694-3","€5.08","","W50","303","#N/A","","#N/A"
"304","W50","#N/A","#N/A","FE4023B","565161","HF RW Kipf in bieslookroomsaus","Hähnchen in Schnittlauchcreme","Chicken in chive cream sauce","CON-00-136687-3","€4.85","","W50","304","#N/A","#N/A",""
"305","W50","#N/A","#N/A","FE4014B","565122","","Cremiges Basilikum-Risotto","Creamy basil risotto with chicken","CON-00-136675-3","€5.12","","W50","305","#N/A","",""
"306","W50","#N/A","#N/A","FE0472B","565145","HF RW Butter Chicken","Indisches Butterhuhn","Indian style butter chicken","CON-00-136623-3","€5.33","","W50","306","#N/A","",""
"307","W50","#N/A","#N/A","FE4006A","565063","HF Varkenshaas met tomatensaus 384g","Schweinefilet in Sonnentomaten-Sauce","Pork tenderloin in sundried tomato sauce","CON-00-136664-3","€4.98","","W50","307","#N/A","",""
"308","W50","#N/A","#N/A","FE1031A","565207","HF Zalm dijonnaise","Lachs Dijonnaise","Salmon Dijonnaise","CON-00-152029-2","€6.11","","W50","308","#N/A","",""
"309","W50","#N/A","#N/A","FE0121B","#N/A","#N/A","#N/A","#N/A","#N/A","#N/A","","W50","309","#N/A","",""
"310","W50","#N/A","#N/A","FE0090C","565141","","Zucchini-Paprika-Ratatouille","Ratatouille of zucchini and pepper","CON-00-136634-3","€3.63","","W50","310","#N/A","",""
"311","W50","#N/A","#N/A","FE4065A","565214","HF Pittige runder chili","Würziges Rindfleisch-Bohnen-Chili","Spicy Beef & Black Bean Chili","CON-00-152031-2","€4.50","","W50","311","#N/A","",""
"312","W50","#N/A","#N/A","FE1465A","565198","HF Mango salsa zalm","Karibischer Lachs mit Mangosalsa","Caribbean Mango Salsa Salmon","CON-00-152036-2","€6.20","","W50","312","#N/A","",""
"313","W50","#N/A","#N/A","FE0673B","565058","HF Kip Kokosrijst Pindasaus","Thai-Style Hähnchen in Erdnusssauce","Thai style chicken and peanut sauce","CON-00-136656-3","€4.94","","W50","313","#N/A","",""
"314","W50","#N/A","#N/A","FE1451A","565178","HF Kruidige pinda curry","Westafrikanisches Hähnchen-Erdnuss-Curry","West African Style Chicken Peanut Curry","CON-00-150748-2","€4.43","","W50","314","#N/A","",""
"315","W50","#N/A","#N/A","FE4063A","565136","","Cheddar Pulled Beef","Cheddar pulled beef","CON-00-138996-2","€5.02","","W50","315","#N/A","",""
"316","W50","#N/A","#N/A","FE0025M","565149","HF Kip Piccata met broccoli","Hähnchen in Zitronen-Kapern-Sauce","Chicken in lemon-capers sauce","CON-00-136695-3","€5.01","","W50","316","#N/A","",""
"317","W50","#N/A","#N/A","FE4020A","565071","HF Gegrilde varkenshaas met broccoli in paprikasaus","Gegrilltes Schweinefilet mit Brokkoli in Paprikasauce","Grilled pork tenderloin with broccoli in peppersauce","CON-00-136679-3","€5.14","","W50","317","#N/A","",""
"318","W50","#N/A","#N/A","FE0890B","565117","","Schweinefilet mit Apfel-Senf-Soße","Pork tenderloin with apple-mustard sauce","CON-00-136726-3","€4.80","","W50","318","#N/A","",""
"806","W50","#N/A","#N/A","FEA006A","","","Gegrilltes Hähnchen mit Knoblauch-Kräutern","Garlic Herb Grilled Chicken","PTN-00-136930-3","€3.61","","W50","806","#N/A","#N/A",""
"301","W51","#N/A","#N/A","FE0322O","565163","HF Kip bieslook aardappel pure","Hähnchen mit Sauerrahm und Schnittlauch","Sour Cream & Chive Chicken","CON-00-149480-2","€4.70","","W51","301","#N/A","","#N/A"
"302","W51","#N/A","#N/A","FE4015A","565072","HF Gegrilde kipfilet en ratatouille 429g","Grillhähnchen und Ratatouille","Grilled chicken and ratatouille","CON-00-136674-3","€4.87","","W51","302","#N/A","","#N/A"
"303","W51","#N/A","#N/A","FE0745B","565139","HF Pulled beef met peccorino","Rindfleisch mit Blumenkohlpüree","Beef with cauliflower mash","CON-00-136718-3","€4.53","","W51","303","#N/A","","#N/A"
"304","W51","#N/A","#N/A","FE0198D","565043","HF Pitt. kipf+jalap,lim,chedda","Würziges Hähnchen mit Jalapeño, Limette und Cheddar","Spicy chicken with jalapeño, lime and cheddar","CON-00-136638-3","€4.91","","W51","304","#N/A","#N/A",""
"305","W51","#N/A","#N/A","FE0628B","#N/A","#N/A","#N/A","#N/A","#N/A","#N/A","","W51","305","#N/A","",""
"306","W51","#N/A","#N/A","FE4040B","565172","","Hähnchen in cremiger Basilikumsauce","Chicken in creamy basil sauce","CON-00-136714-3","€5.19","","W51","306","#N/A","",""
"307","W51","#N/A","#N/A","FE4010B","565138","","Gegrilltes Schweinefilet mit Tomatenbutter","Grilled pork tenderloin and tomato butter","CON-00-136670-3","€5.22","","W51","307","#N/A","",""
"308","W51","#N/A","#N/A","FE0972B","565189","HF Zalm met piccata saus","Lachs Piccata","Salmon Piccata","CON-00-152025-2","€6.23","","W51","308","#N/A","",""
"309","W51","#N/A","#N/A","FE0425C","#N/A","#N/A","#N/A","#N/A","#N/A","#N/A","","W51","309","#N/A","",""
"310","W51","#N/A","#N/A","FE0516A","565111","","Trottole mit getrockneten Tomaten","Sun-dried tomato trottole","CON-00-136721-3","€4.12","","W51","310","#N/A","",""
"311","W51","#N/A","#N/A","FE1345A","565158","","Pulled Beef und Pasta in Käsesauce","Pulled beef & pasta in cheese sauce","CON-00-148373-2","€4.79","","W51","311","#N/A","",""
"312","W51","#N/A","#N/A","FE1145B","565206","HF Zalm citroen dille yoghurt","Ofengerösteter Lachs & Dill-Joghurt","Roasted Salmon & Dill Yogurt","CON-00-151097-2","€5.73","","W51","312","#N/A","",""
"313","W51","#N/A","#N/A","FE4067A","565210","HF Honing miso kip","Honig-Miso-Hähnchen mit Frühlingszwiebelreis","Honey Miso Chicken & Scallion Rice","CON-00-152041-2","€4.55","","W51","313","#N/A","",""
"314","W51","#N/A","#N/A","FE1068A","565192","HF Kip met kruidige aardappels","Marokkanisches Hähnchen in Tomatensauce","Moroccan-style chicken thighs & tomato sauce","CON-00-152033-2","€3.67","","W51","314","#N/A","",""
"315","W51","#N/A","#N/A","FE1422A","565217","HF Gele curry kip en gember","Thai-Style Curry Hähnchen mit Ingwerreis","Thai Style Yellow Curry Chicken & Ginger Rice","CON-00-152042-2","€5.06","","W51","315","#N/A","",""
"316","W51","#N/A","#N/A","FE0024E","565150","HF RW Kipfilet in tom-roomsaus","Hähnchen in Tomatencreme","Chicken in tomato cream sauce","CON-00-136673-3","€4.95","","W51","316","#N/A","",""
"317","W51","#N/A","#N/A","FE4048A","#N/A","#N/A","#N/A","#N/A","#N/A","#N/A","","W51","317","#N/A","",""
"318","W51","#N/A","#N/A","FE1072A","#N/A","#N/A","#N/A","#N/A","#N/A","#N/A","","W51","318","#N/A","",""
"806","W51","#N/A","#N/A","FEA006A","","","Gegrilltes Hähnchen mit Knoblauch-Kräutern","Garlic Herb Grilled Chicken","PTN-00-136930-3","€3.61","","W51","806","#N/A","#N/A",""
"301","W52","#N/A","#N/A","FE4014B","565122","","Cremiges Basilikum-Risotto","Creamy basil risotto with chicken","CON-00-136675-3","€5.12","","W52","301","#N/A","","#N/A"
"302","W52","#N/A","#N/A","FE0224C","565047","HF Kip Florentine 404g","Hähnchen à la Florentine","Chicken à la Florentine","CON-00-136620-3","€4.22","","W52","302","#N/A","","#N/A"
"303","W52","#N/A","#N/A","FE0746A","565091","HF Beef burrito bowl","Scharfes Rinderhack mit Jalapeños","Spicy ground beef with jalapenos","CON-00-136694-3","€5.08","","W52","303","#N/A","","#N/A"
"304","W52","#N/A","#N/A","FE0970B","565164","","Hähnchen mit karamellisierten Zwiebeln & Emmentaler-Fondue","Caramelized Onion & Emmental Fondue Chicken","CON-00-148220-2","€4.34","","W52","304","#N/A","#N/A",""
"305","W52","#N/A","#N/A","FE0426B","565035","HF Puree van aardappel en prei met gegrilde kip 416g","Gegrilltes Hähnchenfilet mit Kartoffel-Lauch-Püree","Grilled chicken fillet and potato leek mash","CON-00-136649-3","€4.59","","W52","305","#N/A","",""
"306","W52","#N/A","#N/A","FE4038B","565160","","Hähnchen in Pilzsauce","Chicken in mushroom sauce","CON-00-136711-3","€5.17","","W52","306","#N/A","",""
"307","W52","#N/A","#N/A","FE4022B","565146","HF RW Varkenshaas zwpeper sali","Schweinefilet mit schwarzem Pfeffer und Salbei","Pork tenderloin with black pepper and sage","CON-00-136684-3","€5.36","","W52","307","#N/A","",""
"308","W52","#N/A","#N/A","FE4039C","565102","HF Zalm romige gochugaru sa","Lachs in cremiger Gochugaru-Sauce","Salmon in creamy gochugaru sauce","CON-00-137744-2","€7.17","","W52","308","#N/A","",""
"309","W52","#N/A","#N/A","FE0090C","565141","","Zucchini-Paprika-Ratatouille","Ratatouille of zucchini and pepper","CON-00-136634-3","€3.63","","W52","309","#N/A","",""
"310","W52","#N/A","#N/A","FE0121B","#N/A","#N/A","#N/A","#N/A","#N/A","#N/A","","W52","310","#N/A","",""
"311","W52","#N/A","#N/A","FE1346B","565184","HF Pulled beef & knoflook room","Pulled Beef in Parmesan-Knoblauch-Creme","Parmesan & Garlic Cream Pulled Beef","CON-00-150388-2","€4.13","","W52","311","#N/A","",""
"312","W52","#N/A","#N/A","FE4066A","565218","HF Thaise curry Zalm","Lachs in grünem Thai Style Curry","Thai Style Green Curry Salmon","CON-00-152038-2","€6.29","","W52","312","#N/A","",""
"313","W52","#N/A","#N/A","FE1399A","565216","HF Massaman curry kipfilet","Massaman-Curry-Hähnchenbrust","Massaman Curry Chicken Breast","CON-00-152044-2","€4.60","","W52","313","#N/A","",""
"314","W52","#N/A","#N/A","FE1636A","565209","HF Quinoa witte bonen salsa","Grünes Chili-Hähnchen mit Quinoa-Salsa","Green Chile Chicken & Salsa Quinoa","CON-00-152205-2","€4.39","","W52","314","#N/A","",""
"315","W52","#N/A","#N/A","FE1348B","565186","HF Pulled beef salsa bowl","Pulled-Beef-Bowl mit Cheddar und Paprika","Cheddar & Bell Pepper Pulled Beef Bowl","CON-00-151114-2","€4.47","","W52","315","#N/A","",""
"316","W52","#N/A","#N/A","FE0207I","565148","HF RW Kipfilet in rom spinazie","Hähnchen in Spinat-Creme","Chicken in creamy spinach","CON-00-136619-3","€5.64","","W52","316","#N/A","",""
"317","W52","#N/A","#N/A","FE0430E","565140","","Schweinefilet in Paprikasauce","Pork tenderloin in red pepper sauce","CON-00-136639-3","€4.66","","W52","317","#N/A","",""
"318","W52","#N/A","#N/A","FE4042A","565109","","Schweinefilet auf mediterranem Püree","Pork tenderloin and Mediterranean mash","CON-00-136717-3","€4.95","","W52","318","#N/A","",""
"806","W52","#N/A","#N/A","FEA006A","","","Gegrilltes Hähnchen mit Knoblauch-Kräutern","Garlic Herb Grilled Chicken","PTN-00-136930-3","€3.61","","W52","806","#N/A","#N/A",""
"301","W01","#N/A","#N/A","FE0322O","565163","HF Kip bieslook aardappel pure","Hähnchen mit Sauerrahm und Schnittlauch","Sour Cream & Chive Chicken","CON-00-149480-2","€4.70","","W01","301","#N/A","","#N/A"
"302","W01","#N/A","#N/A","FE4015A","565072","HF Gegrilde kipfilet en ratatouille 429g","Grillhähnchen und Ratatouille","Grilled chicken and ratatouille","CON-00-136674-3","€4.87","","W01","302","#N/A","","#N/A"
"303","W01","#N/A","#N/A","FE0849A","565060","HF Courgette-spaghetti bolognese 352g","Zucchini-Spaghetti Bolognese","Courgette-spaghetti bolognese","CON-00-136657-3","€5.05","","W01","303","#N/A","","#N/A"
"304","W01","#N/A","#N/A","FE4040B","565172","","Hähnchen in cremiger Basilikumsauce","Chicken in creamy basil sauce","CON-00-136714-3","€5.19","","W01","304","#N/A","#N/A",""
"305","W01","#N/A","#N/A","FE0271B","565132","","Cranberry-Hähnchen","Cranberry Chicken ","CON-00-136669-3","€4.46","","W01","305","#N/A","",""
"306","W01","#N/A","#N/A","FE4053A","#N/A","#N/A","#N/A","#N/A","#N/A","#N/A","","W01","306","#N/A","",""
"307","W01","#N/A","#N/A","FE4060A","565134","","Schweinefilet mit Artischocken und Spinat","Artichoke & Spinach Pork tenderloin","CON-00-139494-2","€5.29","","W01","307","#N/A","",""
"308","W01","#N/A","#N/A","FE0036E","565042","HF Zalm+cheesy bloemk rijst","Lachs auf Blumenkohlreis in Käsecreme","Salmon on cheesy cauliflower rice","CON-00-136617-3","€6.12","","W01","308","#N/A","",""
"309","W01","#N/A","#N/A","FE0121B","#N/A","#N/A","#N/A","#N/A","#N/A","#N/A","","W01","309","#N/A","",""
"310","W01","#N/A","#N/A","FE0090C","565141","","Zucchini-Paprika-Ratatouille","Ratatouille of zucchini and pepper","CON-00-136634-3","€3.63","","W01","310","#N/A","",""
"311","W01","#N/A","#N/A","FE0384K","565203","HF Kip cheddar-aardappelpuree","Hähnchenbrust mit Schnittlauch und Knoblauch","Chive & Garlic Chicken","CON-00-152028-2","€4.04","","W01","311","#N/A","",""
"312","W01","#N/A","#N/A","FE1465A","565198","HF Mango salsa zalm","Karibischer Lachs mit Mangosalsa","Caribbean Mango Salsa Salmon","CON-00-152036-2","€6.20","","W01","312","#N/A","",""
"313","W01","#N/A","#N/A","FE4071A","565219","HF Jerk chicken en rijst","Pulled Jerk Chicken mit Reis","Pulled Jerk Chicken & Rice","CON-00-154545-2","€4.08","","W01","313","#N/A","",""
"314","W01","#N/A","#N/A","FE1776A","565229","HF Garnaal tomaat feta saus","Feuergeröstete Tomaten- und Feta-Garnelen","Fire-Roasted Tomato & Feta Shrimp","CON-00-154550-2","€4.79","","W01","314","#N/A","",""
"315","W01","#N/A","#N/A","FE4065A","565214","HF Pittige runder chili","Würziges Rindfleisch-Bohnen-Chili","Spicy Beef & Black Bean Chili","CON-00-152031-2","€4.50","","W01","315","#N/A","",""
"316","W01","#N/A","#N/A","FE0025M","565149","HF Kip Piccata met broccoli","Hähnchen in Zitronen-Kapern-Sauce","Chicken in lemon-capers sauce","CON-00-136695-3","€5.01","","W01","316","#N/A","",""
"317","W01","#N/A","#N/A","FE0565D","565147","HF RW Varkenshaas gekaram. ui","Schweinefilet mit karamellisierten Zwiebeln","Pork tenderloin with caramelized onion","CON-00-136655-3","€5.20","","W01","317","#N/A","",""
"318","W01","#N/A","#N/A","FE4048A","#N/A","#N/A","#N/A","#N/A","#N/A","#N/A","","W01","318","#N/A","",""
"806","W01","#N/A","#N/A","FEA006A","","","Gegrilltes Hähnchen mit Knoblauch-Kräutern","Garlic Herb Grilled Chicken","PTN-00-136930-3","€3.61","","W01","806","#N/A","#N/A",""
"301","W02","#N/A","#N/A","FE4015A","565072","HF Gegrilde kipfilet en ratatouille 429g","Grillhähnchen und Ratatouille","Grilled chicken and ratatouille","CON-00-136674-3","€4.87","","W02","301","#N/A","","#N/A"
"302","W02","#N/A","#N/A","FE0426B","565035","HF Puree van aardappel en prei met gegrilde kip 416g","Gegrilltes Hähnchenfilet mit Kartoffel-Lauch-Püree","Grilled chicken fillet and potato leek mash","CON-00-136649-3","€4.59","","W02","302","#N/A","","#N/A"
"303","W02","#N/A","#N/A","FE0713B","565240","HF RW Kool in kaassaus","Wirsing in Käsesauce mit Hackfleisch","Cabbage in cheese sauce with minced beef","CON-00-136671-3","€4.71","","W02","303","#N/A","","#N/A"
"304","W02","#N/A","#N/A","FE0970B","565164","","Hähnchen mit karamellisierten Zwiebeln & Emmentaler-Fondue","Caramelized Onion & Emmental Fondue Chicken","CON-00-148220-2","€4.34","","W02","304","#N/A","#N/A",""
"305","W02","#N/A","#N/A","FE0224C","565047","HF Kip Florentine 404g","Hähnchen à la Florentine","Chicken à la Florentine","CON-00-136620-3","€4.22","","W02","305","#N/A","",""
"306","W02","#N/A","#N/A","FE0198D","565043","HF Pitt. kipf+jalap,lim,chedda","Würziges Hähnchen mit Jalapeño, Limette und Cheddar","Spicy chicken with jalapeño, lime and cheddar","CON-00-136638-3","€4.91","","W02","306","#N/A","",""
"307","W02","#N/A","#N/A","FE4010B","565138","","Gegrilltes Schweinefilet mit Tomatenbutter","Grilled pork tenderloin and tomato butter","CON-00-136670-3","€5.22","","W02","307","#N/A","",""
"308","W02","#N/A","#N/A","FE1031A","565207","HF Zalm dijonnaise","Lachs Dijonnaise","Salmon Dijonnaise","CON-00-152029-2","€6.11","","W02","308","#N/A","",""
"309","W02","#N/A","#N/A","FE0090C","565141","","Zucchini-Paprika-Ratatouille","Ratatouille of zucchini and pepper","CON-00-136634-3","€3.63","","W02","309","#N/A","",""
"310","W02","#N/A","#N/A","FE0121C","565023","HF Mex.stijl maiscake","Mexikanischer Maiskuchen","Mexican style corn cake","CON-00-136641-3","€4.00","","W02","310","#N/A","",""
"311","W02","#N/A","#N/A","FE1404A","565190","HF Bulgogi pulled beef","Bulgogi-Bowl mit geschmortem Rindfleisch","Bulgogi Shredded Beef Bowl","CON-00-150963-2","€2.90","","W02","311","#N/A","",""
"312","W02","#N/A","#N/A","FE1731A","565221","HF Citrus-miso zalm bowl","Lachs-Bowl mit Zitrus-Miso","Citrus–Miso Salmon Bowl","CON-00-154547-2","€6.35","","W02","312","#N/A","",""
"313","W02","#N/A","#N/A","FE1429A","565230","HF Atheense kip met feta saus","Hähnchen nach Athener Art mit Feta","Athenian-Style Feta Chicken","CON-00-154559-2","€4.85","","W02","313","#N/A","",""
"314","W02","#N/A","#N/A","FE1408A","#N/A","#N/A","#N/A","#N/A","#N/A","#N/A","","W02","314","#N/A","",""
"315","W02","#N/A","#N/A","FE1348B","565186","HF Pulled beef salsa bowl","Pulled-Beef-Bowl mit Cheddar und Paprika","Cheddar & Bell Pepper Pulled Beef Bowl","CON-00-151114-2","€4.47","","W02","315","#N/A","",""
"316","W02","#N/A","#N/A","FE0472B","565145","HF RW Butter Chicken","Indisches Butterhuhn","Indian style butter chicken","CON-00-136623-3","€5.33","","W02","316","#N/A","",""
"317","W02","#N/A","#N/A","FE1072A","#N/A","#N/A","#N/A","#N/A","#N/A","#N/A","","W02","317","#N/A","",""
"318","W02","#N/A","#N/A","FE0430E","565140","","Schweinefilet in Paprikasauce","Pork tenderloin in red pepper sauce","CON-00-136639-3","€4.66","","W02","318","#N/A","",""
"806","W02","#N/A","#N/A","FEA006A","","","Gegrilltes Hähnchen mit Knoblauch-Kräutern","Garlic Herb Grilled Chicken","PTN-00-136930-3","€3.61","","W02","806","#N/A","#N/A",""
"","","#N/A","#N/A","","","","","","","","","","","","",""
"","","#N/A","#N/A","","","","","","","","","","","","",""
"","","#N/A","#N/A","","","","","","","","","","","","",""
"","","","12","","","","","","","","","","","","",""
"","","","12","","","","","","","","","","","","",""
"","","","12","","","","","","","","","","","","",""
"","","","12","","","","","","","","","","","","",""
"","","","12","","","","","","","","","","","","",""
"","","","12","","","","","","","","","","","","",""
"","","","12","","","","","","","","","","","","",""
"","","","12","","","","","","","","","","","","",""
"","","","12","","","","","","","","","","","","",""
"","","","12","","","","","","","","","","","","",""
"","","","12","","","","","","","","","","","","",""
"","","","12","","","","","","","","","","","","",""
"","","","12","","","","","","","","","","","","",""
"","","","12","","","","","","","","","","","","",""
