COOK METHODS,Site,Cook Shifts,4 Shifts Before,3 Shifts Before,2 Shifts Before,1 Shift Before,Same Day/Shift
BRAISER,AUR,1,,,,STAGING,BRAISER
BRAISER,AG,1,,,,STAGING,BRAISER
BRAISER,BR,1,,,,STAGING,BRAISER
BRAISER/GRILL/MIXER/OVEN/PATTY MAKER,AUR,3,,STAGING,MIXER,PATTY MAKER,GRILL/OVEN/BRAISER
BRAISER/GRILL/MIXER/OVEN/PATTY MAKER,AG,3,,STAGING,MIXER,PATTY MAKER,GRILL/OVEN/BRAISER
BRAISER/MIXER/SCOOP,AUR,1,,,,STAGING,BRAISER/MIXER/SCOOP
BRAISER/MIXER/SCOOP,AG,1,,,,STAGING,BRAISER/MIXER/SCOOP
BRAISER/MIXER/SCOOP,BR,1,,,,STAGING,BRAISER/MIXER/SCOOP
BRAISER/MIXER/SCOOP (BUTTER),AUR,1,,,,STAGING,BRAISER/MIXER/SCOOP (BUTTER)
BRAISER/MIXER/SCOOP (BUTTER),AG,1,,,,STAGING,BRAISER/MIXER/SCOOP (BUTTER)
BRAISER/MIXER/SCOOP (BUTTER),BR,1,,,,STAGING,BRAISER/MIXER/SCOOP (BUTTER)
BRAISER/MIXER/SCOOPER (BUTTER),AUR,1,,,,STAGING,BRAISER/MIXER/SCOOPER (BUTTER)
BRAISER/MIXER/SCOOPER (BUTTER),AG,1,,,,STAGING,BRAISER/MIXER/SCOOPER (BUTTER)
BRAISER/MIXER/SCOOPER (BUTTER),BR,1,,,,STAGING,BRAISER/MIXER/SCOOPER (BUTTER)
BRAISER/OVEN,AUR,1,,,,STAGING,BRAISER/OVEN
BRAISER/OVEN,AG,1,,,,STAGING,BRAISER/OVEN
BRAISER/OVEN,BR,1,,,,STAGING,BRAISER/OVEN
BRAISER/OVEN/MIXER/SCOOP,AUR,3,,STAGING,BRAISER/OVEN,MIXER,SCOOP
BRAISER/OVEN/MIXER/SCOOP,AG,3,,STAGING,BRAISER/OVEN,MIXER,SCOOP
BRAISER/OVEN/MIXER/SCOOP,BR,3,,STAGING,BRAISER/OVEN,MIXER,SCOOP
BRAISER/OVEN/PRODUCTION,AUR,1,,,,STAGING,BRAISER/OVEN/PRODUCTION
BRAISER/OVEN/PRODUCTION,AG,1,,,,STAGING,BRAISER/OVEN/PRODUCTION
BRAISER/OVEN/PRODUCTION,BR,1,,,,STAGING,BRAISER/OVEN/PRODUCTION
BRAISER/PRODUCTION,AUR,1,,,,STAGING,BRAISER/PRODUCTION
BRAISER/PRODUCTION,AG,1,,,,STAGING,BRAISER/PRODUCTION
BRAISER/PRODUCTION,BR,1,,,,STAGING,BRAISER/PRODUCTION
SHREDDER/OVEN/BRAISER,AUR,2,,,STAGING,BRAISER/OVEN,SHREDDER
SHREDDER/OVEN/BRAISER,AG,2,,,STAGING,BRAISER/OVEN,SHREDDER
SHREDDER/OVEN/BRAISER,BR,2,,,STAGING,BRAISER/OVEN,SHREDDER
BRINE/GRILL/OVEN,AUR,2,,,STAGING,BRINE,GRILL/OVEN
BRINE/GRILL/OVEN,AG,2,,,STAGING,BRINE,GRILL/OVEN
BRINE/MARINADE/AUTO COOK LINE,AG,2,,,STAGING,BRINE/MARINADE,AUTO COOK LINE
BRINE/MARINADE/ACL,AG,2,,,STAGING,BRINE/MARINADE,ACL
BRINE/MARINADE/BRAISER/OVEN/SHREDDER,AUR,2,,,STAGING,BRINE/MARINADE,BRAISER/OVEN/SHREDDER
BRINE/MARINADE/BRAISER/OVEN/SHREDDER,AG,2,,,STAGING,BRINE/MARINADE,BRAISER/OVEN/SHREDDER
BRINE/MARINADE/BRAISER/OVEN/SHREDDER,BR,2,,,STAGING,BRINE/MARINADE,BRAISER/OVEN/SHREDDER
BRINE/MARINADE/GRILL/OVEN,AUR,2,,,STAGING,BRINE/MARINADE,GRILL/OVEN
BRINE/MARINADE/GRILL/OVEN,AG,2,,,STAGING,BRINE/MARINADE,GRILL/OVEN
BRINE/MARINADE/GRILL/OVEN/SLICER,AUR,3,,STAGING,BRINE/MARINADE,GRILL/OVEN,SLICER
BRINE/MARINADE/GRILL/OVEN/SLICER,AG,3,,STAGING,BRINE/MARINADE,GRILL/OVEN,SLICER
BRINE/MARINADE/MIXER/GRILL/OVEN,AUR,3,,STAGING,BRINE/MARINADE,MIXER,GRILL/OVEN
BRINE/MARINADE/MIXER/GRILL/OVEN,AG,3,,STAGING,BRINE/MARINADE,MIXER,GRILL/OVEN
BRINE/MARINADE/MIXER/OVEN,AUR,2,,,STAGING,BRINE/MARINADE,MIXER/OVEN
BRINE/MARINADE/MIXER/OVEN,AG,2,,,STAGING,BRINE/MARINADE,MIXER/OVEN
BRINE/MARINADE/MIXER/OVEN,BR,2,,,STAGING,BRINE/MARINADE,MIXER/OVEN
BRINE/MARINADE/OVEN,AUR,2,,,STAGING,BRINE/MARINADE,OVEN
BRINE/MARINADE/OVEN,AG,2,,,STAGING,BRINE/MARINADE,OVEN
BRINE/MARINADE/OVEN,BR,2,,,STAGING,BRINE/MARINADE,OVEN
BRINE/MARINADE/OVEN/SHREDDER,AUR,2,,,STAGING,BRINE/MARINADE,OVEN/SHREDDER
BRINE/MARINADE/OVEN/SHREDDER,AG,2,,,STAGING,BRINE/MARINADE,OVEN/SHREDDER
BRINE/MARINADE/OVEN/SHREDDER,BR,2,,,STAGING,BRINE/MARINADE,OVEN/SHREDDER
COLD MIX,AUR,1,,,,STAGING,COLD MIX
COLD MIX,AG,1,,,,STAGING,COLD MIX
COLD MIX,BR,1,,,,STAGING,COLD MIX
HAND MIX,AUR,1,,,,STAGING,HAND MIX
HAND MIX,AG,1,,,,STAGING,HAND MIX
HAND MIX,BR,1,,,,STAGING,HAND MIX
COLD MIX/MIXER,AUR,1,,,,STAGING,MIXER/COLD MIX
COLD MIX/MIXER,AG,1,,,,STAGING,MIXER/COLD MIX
COLD MIX/MIXER,BR,1,,,,STAGING,MIXER/COLD MIX
HAND MIX/MIXER,AUR,1,,,,STAGING,MIXER/HAND MIX
HAND MIX/MIXER,AG,1,,,,STAGING,MIXER/HAND MIX
HAND MIX/MIXER,BR,1,,,,STAGING,MIXER/HAND MIX
CUP MACHINE,AUR,1,,,,STAGING,CUP MACHINE
CUP MACHINE,AG,1,,,,STAGING,CUP MACHINE
CUP MACHINE,BR,1,,,,STAGING,CUP MACHINE
CUPPING,AUR,1,,,,STAGING,CUPPING
CUPPING,AG,1,,,,STAGING,CUPPING
CUPPING,BR,1,,,,STAGING,CUPPING
PRODUCTION/CUP MACHINE,AUR,1,,,,STAGING,PRODUCTION/CUP MACHINE
PRODUCTION/CUP MACHINE,AG,1,,,,STAGING,PRODUCTION/CUP MACHINE
PRODUCTION/CUP MACHINE,BR,1,,,,STAGING,PRODUCTION/CUP MACHINE
PRODUCTION/CUPPING,AUR,1,,,,STAGING,PRODUCTION/CUPPING
PRODUCTION/CUPPING,AG,1,,,,STAGING,PRODUCTION/CUPPING
PRODUCTION/CUPPING,BR,1,,,,STAGING,PRODUCTION/CUPPING
BRAISER/CUP MACHINE,AUR,2,,,STAGING,BRAISER,CUP MACHINE
BRAISER/CUP MACHINE,AG,2,,,STAGING,BRAISER,CUP MACHINE
BRAISER/CUP MACHINE,BR,2,,,STAGING,BRAISER,CUP MACHINE
BRAISER/CUPPING,AUR,2,,,STAGING,BRAISER,CUPPING
BRAISER/CUPPING,AG,2,,,STAGING,BRAISER,CUPPING
BRAISER/CUPPING,BR,2,,,STAGING,BRAISER,CUPPING
BRAISER/OVEN/CUP MACHINE,AUR,1,,,,STAGING,BRAISER/OVEN/CUP MACHINE
BRAISER/OVEN/CUP MACHINE,AG,1,,,,STAGING,BRAISER/OVEN/CUP MACHINE
BRAISER/OVEN/CUP MACHINE,BR,1,,,,STAGING,BRAISER/OVEN/CUP MACHINE
BRAISER/OVEN/CUPPING,AUR,1,,,,STAGING,BRAISER/OVEN/CUPPING
BRAISER/OVEN/CUPPING,AG,1,,,,STAGING,BRAISER/OVEN/CUPPING
BRAISER/OVEN/CUPPING,BR,1,,,,STAGING,BRAISER/OVEN/CUPPING
MIXER/CUP MACHINE,AUR,2,,,STAGING,MIXER,CUP MACHINE
MIXER/CUP MACHINE,AG,2,,,STAGING,MIXER,CUP MACHINE
MIXER/CUP MACHINE,BR,2,,,STAGING,MIXER,CUP MACHINE
MIXER/CUPPING,AUR,2,,,STAGING,MIXER,CUPPING
MIXER/CUPPING,AG,2,,,STAGING,MIXER,CUPPING
MIXER/CUPPING,BR,2,,,STAGING,MIXER,CUPPING
MIXER/BRAISER/CUP MACHINE,AUR,2,,,STAGING,BRAISER/MIXER,CUP MACHINE
MIXER/BRAISER/CUP MACHINE,AG,2,,,STAGING,BRAISER/MIXER,CUP MACHINE
MIXER/BRAISER/CUP MACHINE,BR,2,,,STAGING,BRAISER/MIXER,CUP MACHINE
MIXER/BRAISER/CUPPING,AUR,2,,,STAGING,BRAISER/MIXER,CUPPING
MIXER/BRAISER/CUPPING,AG,2,,,STAGING,BRAISER/MIXER,CUPPING
MIXER/BRAISER/CUPPING,BR,2,,,STAGING,BRAISER/MIXER,CUPPING
OVEN/CUP MACHINE,AUR,1,,,,STAGING,OVEN/CUP MACHINE
OVEN/CUP MACHINE,AG,1,,,,STAGING,OVEN/CUP MACHINE
OVEN/CUP MACHINE,BR,1,,,,STAGING,OVEN/CUP MACHINE
OVEN/CUPPING,AUR,1,,,,STAGING,OVEN/CUPPING
OVEN/CUPPING,AG,1,,,,STAGING,OVEN/CUPPING
OVEN/CUPPING,BR,1,,,,STAGING,OVEN/CUPPING
BRAISER/GRILL/OVEN/MARINADE,AUR,2,,,STAGING,BRAISER/MARINADE,GRILL/OVEN
BRAISER/GRILL/OVEN/MARINADE,AG,2,,,STAGING,BRAISER/MARINADE,GRILL/OVEN
BRINE/MARINADE/BRAISER/GRILL/OVEN,AUR,2,,,STAGING,BRAISER/BRINE/MARINADE,GRILL/OVEN
BRINE/MARINADE/BRAISER/GRILL/OVEN,AG,2,,,STAGING,BRAISER/BRINE/MARINADE,GRILL/OVEN
BRAISER/OVEN/MARINADE,AUR,1,,,,STAGING,BRAISER/OVEN/MARINADE
BRAISER/OVEN/MARINADE,AG,1,,,,STAGING,BRAISER/OVEN/MARINADE
BRAISER/OVEN/MARINADE,BR,1,,,,STAGING,BRAISER/OVEN/MARINADE
MARINADE/GRILL/OVEN,AUR,2,,,STAGING,MARINADE,GRILL/OVEN
MARINADE/GRILL/OVEN,AG,2,,,STAGING,MARINADE,GRILL/OVEN
OVEN/MARINADE,AUR,2,,,STAGING,MARINADE,OVEN
OVEN/MARINADE,AG,2,,,STAGING,MARINADE,OVEN
OVEN/MARINADE,BR,2,,,STAGING,MARINADE,OVEN
MIXER,AUR,1,,,,STAGING,MIXER
MIXER,AG,1,,,,STAGING,MIXER
MIXER,BR,1,,,,STAGING,MIXER
MIXER/BRAISER,AUR,1,,,,STAGING,MIXER/BRAISER
MIXER/BRAISER,AG,1,,,,STAGING,MIXER/BRAISER
MIXER/BRAISER,BR,1,,,,STAGING,MIXER/BRAISER
MIXER/MEATBALL MACHINE/OVEN,AUR,4,STAGING,MIXER,,MEATBALL MACHINE,OVEN
MIXER/MEATBALL MACHINE/OVEN,AG,4,STAGING,MIXER,,MEATBALL MACHINE,OVEN
MIXER/OVEN,AUR,1,,,,STAGING,MIXER/OVEN
MIXER/OVEN,AG,1,,,,STAGING,MIXER/OVEN
MIXER/OVEN,BR,1,,,,STAGING,MIXER/OVEN
MIXER/OVEN/BRAISER,AUR,1,,,,STAGING,MIXER/BRAISER/OVEN
MIXER/OVEN/BRAISER,AG,1,,,,STAGING,MIXER/BRAISER/OVEN
MIXER/OVEN/BRAISER,BR,1,,,,STAGING,MIXER/BRAISER/OVEN
MIXER/PATTY MAKER/GRILL/OVEN,AUR,3,,STAGING,MIXER,PATTY MAKER,GRILL/OVEN
MIXER/PATTY MAKER/GRILL/OVEN,AG,3,,STAGING,MIXER,PATTY MAKER,GRILL/OVEN
MIXER/SCOOP,AUR,1,,,,STAGING,MIXER/SCOOP
MIXER/SCOOP,AG,1,,,,STAGING,MIXER/SCOOP
MIXER/SCOOP,BR,1,,,,STAGING,MIXER/SCOOP
MIXER/SCOOP (BUTTER),AUR,1,,,,STAGING,MIXER/SCOOP (BUTTER)
MIXER/SCOOP (BUTTER),AG,1,,,,STAGING,MIXER/SCOOP (BUTTER)
MIXER/SCOOP (BUTTER),BR,1,,,,STAGING,MIXER/SCOOP (BUTTER)
MIXER/SCOOPER (BUTTER),AUR,1,,,,STAGING,MIXER/SCOOPER (BUTTER)
MIXER/SCOOPER (BUTTER),AG,1,,,,STAGING,MIXER/SCOOPER (BUTTER)
MIXER/SCOOPER (BUTTER),BR,1,,,,STAGING,MIXER/SCOOPER (BUTTER)
OVEN,AUR,1,,,,STAGING,OVEN
OVEN,AG,1,,,,STAGING,OVEN
OVEN,BR,1,,,,STAGING,OVEN
OVEN/MIXER/SCOOP,AUR,1,,,,STAGING,OVEN/MIXER/SCOOP
OVEN/MIXER/SCOOP,AG,1,,,,STAGING,OVEN/MIXER/SCOOP
OVEN/MIXER/SCOOP,BR,1,,,,STAGING,OVEN/MIXER/SCOOP
OVEN/MIXER/SCOOP (BUTTER),AUR,1,,,,STAGING,OVEN/MIXER/SCOOP (BUTTER)
OVEN/MIXER/SCOOP (BUTTER),AG,1,,,,STAGING,OVEN/MIXER/SCOOP (BUTTER)
OVEN/MIXER/SCOOP (BUTTER),BR,1,,,,STAGING,OVEN/MIXER/SCOOP (BUTTER)
OVEN/MIXER/SCOOPER (BUTTER),AUR,1,,,,STAGING,OVEN/MIXER/SCOOPER (BUTTER)
OVEN/MIXER/SCOOPER (BUTTER),AG,1,,,,STAGING,OVEN/MIXER/SCOOPER (BUTTER)
OVEN/MIXER/SCOOPER (BUTTER),BR,1,,,,STAGING,OVEN/MIXER/SCOOPER (BUTTER)
OVEN/PRODUCTION,AUR,1,,,,STAGING,OVEN/PRODUCTION
OVEN/PRODUCTION,AG,1,,,,STAGING,OVEN/PRODUCTION
OVEN/PRODUCTION,BR,1,,,,STAGING,OVEN/PRODUCTION
OVEN/SHREDDER/MIXER,AUR,2,,,STAGING,OVEN,SHREDDER/MIXER
OVEN/SHREDDER/MIXER,AG,2,,,STAGING,OVEN,SHREDDER/MIXER
OVEN/SHREDDER/MIXER,BR,2,,,STAGING,OVEN,SHREDDER/MIXER
OVEN/SHREDDER,AG,2,,,STAGING,OVEN,SHREDDER
OVEN/SLICER,AUR,2,,,STAGING,OVEN,SLICER
OVEN/SLICER,AG,2,,,STAGING,OVEN,SLICER
PRODUCTION,AUR,1,,,,STAGING,PRODUCTION
PRODUCTION,AG,1,,,,STAGING,PRODUCTION
PRODUCTION,BR,1,,,,STAGING,PRODUCTION
SCOOP,AUR,1,,,,STAGING,SCOOP
SCOOP,AG,1,,,,STAGING,SCOOP
SCOOP,BR,1,,,,STAGING,SCOOP
SCOOP (BUTTER),AUR,1,,,,STAGING,SCOOP (BUTTER)
SCOOP (BUTTER),AG,1,,,,STAGING,SCOOP (BUTTER)
SCOOP (BUTTER),BR,1,,,,STAGING,SCOOP (BUTTER)
SCOOPER (BUTTER),AUR,1,,,,STAGING,SCOOPER (BUTTER)
SCOOPER (BUTTER),AG,1,,,,STAGING,SCOOPER (BUTTER)
SCOOPER (BUTTER),BR,1,,,,STAGING,SCOOPER (BUTTER)
VACUUM TUMBLER/AUTO COOK LINE,AG,2,,,STAGING,VACUUM TUMBLER,AUTO COOK LINE
VACUUM TUMBLER/ACL,AG,2,,,STAGING,VACUUM TUMBLER,ACL
VACUUM TUMBLER/GRILL/OVEN,AUR,2,,,STAGING,VACUUM TUMBLER,GRILL/OVEN
VACUUM TUMBLER/GRILL/OVEN,AG,2,,,STAGING,VACUUM TUMBLER,GRILL/OVEN
VACUUM TUMBLER/GRILL/OVEN/SLICER,AUR,3,,STAGING,VACUUM TUMBLER,GRILL/OVEN,SLICER
VACUUM TUMBLER/GRILL/OVEN/SLICER,AG,3,,STAGING,VACUUM TUMBLER,GRILL/OVEN,SLICER
VACUUM TUMBLER/MIXER/OVEN,AUR,2,,,STAGING,VACUUM TUMBLER,MIXER/OVEN
VACUUM TUMBLER/MIXER/OVEN,AG,2,,,STAGING,VACUUM TUMBLER,MIXER/OVEN
VACUUM TUMBLER/OVEN,AUR,2,,,STAGING,VACUUM TUMBLER,OVEN
VACUUM TUMBLER/OVEN,AG,2,,,STAGING,VACUUM TUMBLER,OVEN
SLICER,AUR,1,,,,STAGING,SLICER
SLICER,AG,1,,,,STAGING,SLICER
BRINE/OVEN,AUR,2,,,STAGING,BRINE,OVEN
BRINE/OVEN,AG,2,,,STAGING,BRINE,OVEN
BRINE/OVEN,BR,2,,,STAGING,BRINE,OVEN
BRINE/MARINADE/BRAISER/OVEN,AUR,2,,,STAGING,BRINE/MARINADE,BRAISER/OVEN
BRINE/MARINADE/BRAISER/OVEN,AG,2,,,STAGING,BRINE/MARINADE,BRAISER/OVEN
BRINE/MARINADE/BRAISER/OVEN,BR,2,,,STAGING,BRINE/MARINADE,BRAISER/OVEN
BRINE/MARINADE/OVEN/SHREDDER/MIXER,AUR,3,,STAGING,BRINE/MARINADE,OVEN,SHREDDER/MIXER
BRINE/MARINADE/OVEN/SHREDDER/MIXER,AG,3,,STAGING,BRINE/MARINADE,OVEN,SHREDDER/MIXER
BRINE/MARINADE/OVEN/SHREDDER/MIXER,BR,3,,STAGING,BRINE/MARINADE,OVEN,SHREDDER/MIXER
SHREDDER,AUR,1,,,,STAGING,SHREDDER
SHREDDER,AG,1,,,,STAGING,SHREDDER
SHREDDER,BR,1,,,,STAGING,SHREDDER
BRINE/BRAISER/OVEN,AUR,2,,,STAGING,BRINE,BRAISER/OVEN
BRINE/BRAISER/OVEN,AG,2,,,STAGING,BRINE,BRAISER/OVEN
BRINE/BRAISER/OVEN,BR,2,,,STAGING,BRINE,BRAISER/OVEN
BRINE/MARINADE/AUTO COOK LINE/SLICER,AG,3,,STAGING,BRINE/MARINADE,AUTO COOK LINE,SLICER
BRINE/MARINADE/ACL/SLICER,AG,3,,STAGING,BRINE/MARINADE,ACL,SLICER
VACUUM TUMBLER/AUTO COOK LINE/SLICER,AG,3,,STAGING,VACUUM TUMBLER,AUTO COOK LINE,SLICER
VACUUM TUMBLER/ACL/SLICER,AG,3,,STAGING,VACUUM TUMBLER,ACL,SLICER
DRY MIX,AUR,1,,,,STAGING,DRY MIX
DRY MIX,AG,1,,,,STAGING,DRY MIX
DRY MIX,BR,1,,,,STAGING,DRY MIX
COLD MIX/OVEN,AUR,1,,,,STAGING,COLD MIX/OVEN
COLD MIX/OVEN,AG,1,,,,STAGING,COLD MIX/OVEN
COLD MIX/OVEN,BR,1,,,,STAGING,COLD MIX/OVEN
HAND MIX/OVEN,AUR,1,,,,STAGING,HAND MIX/OVEN
HAND MIX/OVEN,AG,1,,,,STAGING,HAND MIX/OVEN
HAND MIX/OVEN,BR,1,,,,STAGING,HAND MIX/OVEN
MIXER/GRIDDLE,BR,1,,,,STAGING,MIXER/GRIDDLE
SHREDDER/COLD MIX,AUR,1,,,,STAGING,SHREDDER/COLD MIX
SHREDDER/COLD MIX,AG,1,,,,STAGING,SHREDDER/COLD MIX
SHREDDER/COLD MIX,BR,1,,,,STAGING,SHREDDER/COLD MIX
SHREDDER/HAND MIX,AUR,1,,,,STAGING,SHREDDER/HAND MIX
SHREDDER/HAND MIX,AG,1,,,,STAGING,SHREDDER/HAND MIX
SHREDDER/HAND MIX,BR,1,,,,STAGING,SHREDDER/HAND MIX
BRAISER/DRY MIX,AUR,1,,,,STAGING,BRAISER/DRY MIX
BRAISER/DRY MIX,AG,1,,,,STAGING,BRAISER/DRY MIX
BRAISER/DRY MIX,BR,1,,,,STAGING,BRAISER/DRY MIX
BRAISER/DRY MIX/OVEN,AUR,1,,,,STAGING,BRAISER/DRY MIX/OVEN
BRAISER/DRY MIX/OVEN,AG,1,,,,STAGING,BRAISER/DRY MIX/OVEN
BRAISER/DRY MIX/OVEN,BR,1,,,,STAGING,BRAISER/DRY MIX/OVEN
BRAISER,VF,1,,,,STAGING,BRAISER
BRAISER/GRILL/MIXER/OVEN/PATTY MAKER,VF,1,,,,STAGING,MIXER/PATTY MAKER/GRILL/OVEN/BRAISER
BRAISER/MIXER/SCOOP,VF,1,,,,STAGING,BRAISER/MIXER/SCOOP
BRAISER/MIXER/SCOOP (BUTTER),VF,1,,,,STAGING,BRAISER/MIXER/SCOOP (BUTTER)
BRAISER/MIXER/SCOOPER (BUTTER),VF,1,,,,STAGING,BRAISER/MIXER/SCOOPER (BUTTER)
BRAISER/OVEN,VF,1,,,,STAGING,BRAISER/OVEN
BRAISER/OVEN/MIXER/SCOOP,VF,1,,,,STAGING,BRAISER/OVENSTAGING/BRAISER/OVEN/MIXER/SCOOP
BRAISER/OVEN/PRODUCTION,VF,1,,,,STAGING,BRAISER/OVEN/PRODUCTION
BRAISER/PRODUCTION,VF,1,,,,STAGING,BRAISER/PRODUCTION
SHREDDER/OVEN/BRAISER,VF,1,,,,STAGING,BRAISER/OVEN/SHREDDER
BRINE/GRILL/OVEN,VF,1,,,STAGING,BRINE,GRILL/OVEN
BRINE/MARINADE/BRAISER/OVEN/SHREDDER,VF,1,,,STAGING,BRINE/MARINADE,BRAISER/OVEN/SHREDDER
BRINE/MARINADE/GRILL/OVEN,VF,1,,,STAGING,BRINE/MARINADE,GRILL/OVEN
BRINE/MARINADE/GRILL/OVEN/SLICER,VF,1,,,STAGING,STAGING,BRINE/MARINADE/GRILL/OVEN/SLICER
BRINE/MARINADE/MIXER/GRILL/OVEN,VF,1,,,STAGING,STAGING,BRINE/MARINADE/MIXER/GRILL/OVEN
BRINE/MARINADE/MIXER/OVEN,VF,1,,,STAGING,STAGING,BRINE/MARINADE/MIXER/OVEN
BRINE/MARINADE/OVEN,VF,1,,,STAGING,STAGING,BRINE/MARINADE/OVEN
BRINE/MARINADE/OVEN/SHREDDER,VF,1,,,STAGING,STAGING,BRINE/MARINADE/OVEN/SHREDDER
COLD MIX,VF,1,,,,STAGING,COLD MIX
HAND MIX,VF,1,,,,STAGING,HAND MIX
COLD MIX/MIXER,VF,1,,,,STAGING,MIXER/COLD MIX
HAND MIX/MIXER,VF,1,,,,STAGING,MIXER/HAND MIX
CUP MACHINE,VF,1,,,,STAGING,CUP MACHINE
CUPPING,VF,1,,,,STAGING,CUPPING
BRAISER/CUP MACHINE,VF,1,,,,STAGING,BRAISER/CUP MACHINE
BRAISER/CUPPING,VF,1,,,,STAGING,BRAISER/CUPPING
BRAISER/OVEN/CUP MACHINE,VF,1,,,,STAGING,BRAISER/OVEN/CUP MACHINE
BRAISER/OVEN/CUPPING,VF,1,,,,STAGING,BRAISER/OVEN/CUPPING
MIXER/CUP MACHINE,VF,2,,,STAGING,MIXER,CUP MACHINE
MIXER/CUPPING,VF,2,,,STAGING,MIXER,CUPPING
MIXER/BRAISER/CUP MACHINE,VF,2,,,STAGING,BRAISER/MIXER,CUP MACHINE
MIXER/BRAISER/CUPPING,VF,2,,,STAGING,BRAISER/MIXER,CUPPING
OVEN/CUP MACHINE,VF,1,,,,STAGING,OVEN/CUP MACHINE
OVEN/CUPPING,VF,1,,,,STAGING,OVEN/CUPPING
BRAISER/GRILL/OVEN/MARINADE,VF,2,,,STAGING,BRAISER/MARINADE,GRILL/OVEN
BRINE/MARINADE/BRAISER/GRILL/OVEN,VF,2,,,STAGING,BRAISER/BRINE/MARINADE,GRILL/OVEN
BRAISER/OVEN/MARINADE,VF,1,,,,STAGING,BRAISER/OVEN/MARINADE
MARINADE/GRILL/OVEN,VF,2,,,STAGING,MARINADE,GRILL/OVEN
OVEN/MARINADE,VF,2,,,STAGING,MARINADE,OVEN
MIXER,VF,1,,,,STAGING,MIXER
MIXER/BRAISER,VF,1,,,,STAGING,MIXER/BRAISER
MIXER/MEATBALL MACHINE/OVEN,VF,2,,,STAGING,MIXER/MEATBALL MACHINE,OVEN
MIXER/OVEN,VF,1,,,,STAGING,MIXER/OVEN
MIXER/OVEN/BRAISER,VF,1,,,,STAGING,MIXER/BRAISER/OVEN
MIXER/PATTY MAKER/GRILL/OVEN,VF,2,,,STAGING,MIXER/PATTY MAKER,GRILL/OVEN
MIXER/SCOOP,VF,1,,,,STAGING,MIXER/SCOOP
MIXER/SCOOP (BUTTER),VF,1,,,,STAGING,MIXER/SCOOP (BUTTER)
MIXER/SCOOPER (BUTTER),VF,1,,,,STAGING,MIXER/SCOOPER (BUTTER)
OVEN,VF,1,,,,STAGING,OVEN
OVEN/MIXER/SCOOP,VF,1,,,,STAGING,OVEN/MIXER/SCOOP
OVEN/MIXER/SCOOP (BUTTER),VF,1,,,,STAGING,OVEN/MIXER/SCOOP (BUTTER)
OVEN/MIXER/SCOOPER (BUTTER),VF,1,,,,STAGING,OVEN/MIXER/SCOOPER (BUTTER)
OVEN/PRODUCTION,VF,1,,,,STAGING,OVEN/PRODUCTION
OVEN/SHREDDER/MIXER,VF,2,,,,STAGING,OVEN/SHREDDER/MIXER
OVEN/SLICER,VF,2,,,,STAGING,OVEN/SLICER
PRODUCTION,VF,1,,,,STAGING,PRODUCTION
SCOOP,VF,1,,,,STAGING,SCOOP
SCOOP (BUTTER),VF,1,,,,STAGING,SCOOP (BUTTER)
SCOOPER (BUTTER),VF,1,,,,STAGING,SCOOPER (BUTTER)
SLICER,VF,1,,,,STAGING,SLICER
BRINE/OVEN,VF,1,,,,STAGING,BRINE/OVEN
BRINE/MARINADE/BRAISER/OVEN,VF,1,,,,STAGING,BRINE/MARINADE/BRAISER/OVEN
BRINE/MARINADE/OVEN/SHREDDER/MIXER,VF,2,,,STAGING,BRINE/MARINADE/BRINE/MARINADE/OVEN,SHREDDER/MIXER
SHREDDER,VF,1,,,,STAGING,SHREDDER
BRINE/BRAISER/OVEN,VF,2,,,STAGING,BRINE,BRAISER/OVEN
DRY MIX,VF,1,,,,STAGING,DRY MIX
COLD MIX/OVEN,VF,1,,,,STAGING,COLD MIX/OVEN
HAND MIX/OVEN,VF,1,,,,STAGING,HAND MIX/OVEN
SHREDDER/COLD MIX,VF,1,,,,STAGING,SHREDDER/COLD MIX
SHREDDER/HAND MIX,VF,1,,,,STAGING,SHREDDER/HAND MIX
BRAISER/DRY MIX,VF,1,,,,STAGING,BRAISER/DRY MIX
BRAISER/DRY MIX/OVEN,VF,1,,,,STAGING,BRAISER/DRY MIX/OVEN
BRAISER/IMMERSION BLENDER/SPICE PORTIONING,VF,1,,,,STAGING,BRAISER/IMMERSION BLENDER/SPICE PORTIONING
BRAISER/HAND MIX/HOT SHREDDER/IMMERSION BLENDER/MARINADE/OVEN/SPICE PORTIONING,VF,1,,,,STAGING,BRAISER/HAND MIX/HOT SHREDDER/IMMERSION BLENDER/MARINADE/OVEN/SPICE PORTIONING
BRAISER/HAND MIX/IMMERSION BLENDER/SPICE PORTIONING,VF,1,,,,STAGING,BRAISER/HAND MIX/IMMERSION BLENDER/SPICE PORTIONING
BRINE/HAND MIX/MARINADE/OVEN/SPICE PORTIONING,VF,2,,,STAGING,BRINE/HAND MIX/MARINADE/SPICE PORTIONING,OVEN
BRINE/IMMERSION BLENDER/MARINADE/OVEN,VF,2,,,STAGING,BRINE/IMMERSION BLENDER/MARINADE,OVEN
DRAIN/OVEN,VF,1,,,,STAGING,OVEN/DRAIN
HAND MIX/OVEN/SPICE PORTIONING,VF,1,,,,STAGING,HAND MIX/OVEN/SPICE PORTIONING
BRINE/GRILL/IMMERSION BLENDER/MARINADE/OVEN,VF,2,,,STAGING,BRINE/MARINADE/SPICE/HAND,GRILL/OVEN
HAND MARINADE/IMMERSION BLENDER/OVEN,VF,1,,,,STAGING,HAND MARINADE/IMMERSION BLENDER/OVEN
BRAISER/SPICE PORTIONING,VF,1,,,,STAGING,BRAISER/SPICE PORTIONING
BRAISER/OVEN/PLANETARY MIXER/SCOOPER (BUTTER),VF,1,,,,STAGING,BRAISER/OVEN/PLANETARY MIXER/SCOOPER (BUTTER)
HAND MIX/PLANETARY MIXER/SCOOPER (BUTTER),VF,1,,,,STAGING,HAND MIX/PLANETARY MIXER/SCOOPER (BUTTER)
COLD SHREDDER/HAND MIX,VF,1,,,,STAGING,SHREDDER/HAND MIX
HAND MIX/SPICE PORTIONING,VF,1,,,,STAGING,HAND MIX/SPICE PORTIONING
HAND MARINADE/OVEN/THAW,VF,3,,STAGING,THAW,,HAND MARINADE/OVEN