"Date Needed","Work Order Number","Recipe ID","Recipe Name","Sub Recipe Name","Production Minimum Needs Amount","Cook Methods","WO Cooked Portions","Target Portions","Cooked Portions Excess","Staging Status","Staging Comment","Kitchen Status","Unlocked ETA","Work Order Comment"
"2026-08-02 - 1","33-77","REC-014000-4-003","FV0516A - [DE] - Sun-Dried Tomato & Spinach Penne","Courgette - Herb Roasted Zucchini + more salt","0","OVEN","3173","2245","928","Staged","","Post Blast","",""
"2026-08-02 - 1","33-78","REC-014000-4-003","FV0516A - [DE] - Sun-Dried Tomato & Spinach Penne","FA-DE Cheese, Parmesan, Grated /Käse, Parmesan, gerieben","0","","","2245","-2245","Staged","","Pre Blast","",""
"2026-08-02 - 1","33-79","REC-014000-4-003","FV0516A - [DE] - Sun-Dried Tomato & Spinach Penne","FA-DE Pasta, Whole Wheat, Penne IQF/Nudeln, vollkorn, IQF","0","","","2245","-2245","Staged","","Post Blast","",""
"2026-08-02 - 1","33-80","REC-014000-4-003","FV0516A - [DE] - Sun-Dried Tomato & Spinach Penne","Sauce - Sun-Dried Tomato Sauce - No Spinach","0","BRAISER, IMMERSION BLENDER, SPICE PORTIONING","3","2245","-2242","Staged","","Post Blast","","WIP 1"
"2026-08-02 - 1","33-81","REC-014000-4-003","FV0516A - [DE] - Sun-Dried Tomato & Spinach Penne","Steamed Spinach","0","OVEN","","2245","-2245","Staged","","Pre Blast","",""
"2026-08-02 - 1","33-143","REC-013455-4-002","FV4053A - Gochugaru Chicken [DE]","Cauliflower - Chili-Garlic Cauliflower Florets","0","OVEN","","4003","-4003","Staged","","Post Blast","","WIP1"
"2026-08-02 - 1","33-144","REC-013455-4-002","FV4053A - Gochugaru Chicken [DE]","Diced Chicken - Garlic & Herb Marinade","0","BRINE, IMMERSION BLENDER, MARINADE, OVEN","","4003","-4003","Staged","","Post Blast","","WIP 2"
"2026-08-02 - 1","33-145","REC-013455-4-002","FV4053A - Gochugaru Chicken [DE]","FA-DE Cheese, Mozzarella, Shredded /Käse, Mozzarella, gerieben","0","","","4003","-4003","Staged","","Pre Blast","",""
"2026-08-02 - 1","33-146","REC-013455-4-002","FV4053A - Gochugaru Chicken [DE]","Roasted Green Onions","0","OVEN","","4003","-4003","Staged","","Post Blast","","WIP 1"
"2026-08-02 - 1","33-147","REC-013455-4-002","FV4053A - Gochugaru Chicken [DE]","Sauce - Creamy Gochugaru Sauce","0","BRAISER, IMMERSION BLENDER, SPICE PORTIONING","","4003","-4003","Staged","","Post Blast","","WIP1"
"2026-08-03 - 1","33-1","REC-030756-4-002","FV0576A - Creamy Lemon Pepper Chicken [DE]","Carrot & Pea Brown Rice Pilaf","0","BRAISER, OVEN, SPICE PORTIONING","","6633","-6633","Partially Staged","","Pre Blast","",""
"2026-08-03 - 1","33-2","REC-030756-4-002","FV0576A - Creamy Lemon Pepper Chicken [DE]","Chicken Breast Marinade #4 - NO GRILL","0","IMMERSION BLENDER","912","6633","-5721","Staged","","Post Blast","","WIP 2"
"2026-08-03 - 1","33-3","REC-030756-4-002","FV0576A - Creamy Lemon Pepper Chicken [DE]","Grated Parmesan Broccoli","0","","9360","6633","2727","Staged","","Post Blast","",""
"2026-08-03 - 1","33-4","REC-030756-4-002","FV0576A - Creamy Lemon Pepper Chicken [DE]","Lemon Herb Cream Cheese Sauce - Low Fat","0","BRAISER, HAND MIX, IMMERSION BLENDER, SPICE PORTIONING","","6633","-6633","Staged","","Not Started","",""
"2026-08-03 - 1","33-5","REC-030756-4-002","FV0576A - Creamy Lemon Pepper Chicken [DE]","Rosemary Carrot Coins","0","OVEN","3500","6633","-3133","Staged","","Post Blast","",""
"2026-08-03 - 1","33-6","REC-013943-4-004","FV0257A - Greek style ground beef and feta [DE]","Compound butter - Oregano-Tomato","0","PLANETARY MIXER, SCOOPER (BUTTER)","","5410","-5410","Staged","","Pre Blast","","WIP 1"
"2026-08-03 - 1","33-7","REC-013943-4-004","FV0257A - Greek style ground beef and feta [DE]","Ground beef - Red Wine & Garlic Beef Ragu","0","BRAISER, IMMERSION BLENDER, SPICE PORTIONING","","5410","-5410","Staged","","Pre Blast","","WIP 2"
"2026-08-03 - 1","33-8","REC-013943-4-004","FV0257A - Greek style ground beef and feta [DE]","Herbed feta","0","HAND MIX","","5410","-5410","Staged","","Pre Blast","","WIP 1"
"2026-08-03 - 1","33-9","REC-013943-4-004","FV0257A - Greek style ground beef and feta [DE]","Red peppers - Roasted diced ¼ red bell peppers","0","OVEN","6950","5410","1540","Staged","","Post Blast","",""
"2026-08-03 - 1","33-10","REC-013943-4-004","FV0257A - Greek style ground beef and feta [DE]","Sauce - Yia Yia's Creamy Greek Sauce - sour cream","0","HAND MIX, SPICE PORTIONING","","5410","-5410","Staged","","Pre Blast","","WIP 1"
"2026-08-03 - 1","33-11","REC-013943-4-004","FV0257A - Greek style ground beef and feta [DE]","Spinach - Garlic Spinach - Frzn Spinach - less garlic","0","HAND MIX, OVEN","5550","5410","140","Staged","","Post Blast","","WIP 1"
"2026-08-03 - 1","33-12","REC-013943-4-004","FV0257A - Greek style ground beef and feta [DE]","Tomatoes - Roasted cherry tomatoes","0","OVEN","6134","5410","724","Staged","","Post Blast","",""
"2026-08-03 - 1","33-13","REC-013943-4-004","FV0257A - Greek style ground beef and feta [DE]","Zucchini - Garlic Roasted Zucchini","0","OVEN","765","5410","-4645","Staged","","Post Blast","",""
"2026-08-03 - 1","33-82","REC-013827-4-004","FV0090A - Ratatouille of zucchini and pepper [DE]","Mixed veg - Ratatouille Vegetable Batch","0","BRAISER, OVEN, SPICE PORTIONING","671","684","-13","Staged","","Post Blast","",""
"2026-08-03 - 1","33-83","REC-013827-4-004","FV0090A - Ratatouille of zucchini and pepper [DE]","Polenta less fat","0","BRAISER, SPICE PORTIONING","","684","-684","Staged","","Pre Blast","",""
"2026-08-03 - 1","33-84","REC-013827-4-004","FV0090A - Ratatouille of zucchini and pepper [DE]","Sunflower seeds - Vegetable Ratatouille Toasted Seed Garnish","0","HAND MARINADE, OVEN","","684","-684","Staged","","Pre Blast","","WIP 1"
"2026-08-03 - 1","33-49","REC-013941-4-003","FV0401A - Pulled chicken with cheddar and bacon [DE]","Extra Crispy Diced Bacon","0","OVEN","","2995","-2995","Staged","","Not Started","","WIP 2"
"2026-08-03 - 1","33-50","REC-013941-4-003","FV0401A - Pulled chicken with cheddar and bacon [DE]","FA-DE Cheese, Red Cheddar/Käse, Roter Cheddar","0","","","2995","-2995","Staged","","Pre Blast","",""
"2026-08-03 - 1","33-51","REC-013941-4-003","FV0401A - Pulled chicken with cheddar and bacon [DE]","Garlic Broccoli - less salt","0","BRAISER, OVEN, SPICE PORTIONING","4","2995","-2991","Staged","","Post Blast","",""
"2026-08-03 - 1","33-52","REC-013941-4-003","FV0401A - Pulled chicken with cheddar and bacon [DE]","Portobello - CBRSC Roasted Portobello's","0","BRAISER, OVEN, SPICE PORTIONING","","2995","-2995","Staged","","Pre Blast","",""
"2026-08-03 - 1","33-53","REC-013941-4-003","FV0401A - Pulled chicken with cheddar and bacon [DE]","Roasted Green Onions","0","OVEN","4800","2995","1805","Staged","","Post Blast","",""
"2026-08-03 - 1","33-54","REC-013941-4-003","FV0401A - Pulled chicken with cheddar and bacon [DE]","Sauce - Crack Chicken Cheese Mix","0","HAND MIX, PLANETARY MIXER, SPICE PORTIONING","","2995","-2995","Staged","","Pre Blast","","WIP 1"
"2026-08-03 - 1","33-55","REC-013941-4-003","FV0401A - Pulled chicken with cheddar and bacon [DE]","Shredded chicken - Keto Crack Chicken Thigh Batch - Shredder","0","BRAISER, BRINE, HAND MIX, HOT SHREDDER, IMMERSION BLENDER, MARINADE, OVEN, SPICE PORTIONING","2","2995","-2993","Staged","","Post Blast","","WIP 2"
"2026-08-03 - 1","33-115","REC-013537-4-007","FV0485A - Rosemary-tomato chicken - [DE]","Compound butter - Parmesan-Chive","0","PLANETARY MIXER, SCOOPER (BUTTER)","","1836","-1836","Staged","","Pre Blast","",""
"2026-08-03 - 1","33-116","REC-013537-4-007","FV0485A - Rosemary-tomato chicken - [DE]","Courgette - Herb Roasted Zucchini + more salt","0","OVEN","","1836","-1836","Staged","","Pre Blast","",""
"2026-08-03 - 1","33-117","REC-013537-4-007","FV0485A - Rosemary-tomato chicken - [DE]","FA-DE Cheese, Parmesan, Grated /Käse, Parmesan, gerieben","0","","","1836","-1836","Staged","","Pre Blast","",""
"2026-08-03 - 1","33-118","REC-013537-4-007","FV0485A - Rosemary-tomato chicken - [DE]","Red peppers - Roasted diced ¼ red bell peppers","0","OVEN","2125","1836","289","Staged","","Post Blast","",""
"2026-08-03 - 1","33-119","REC-013537-4-007","FV0485A - Rosemary-tomato chicken - [DE]","Sauce - Creamy Tomato Rosemary Marinara - keto","0","BRAISER, IMMERSION BLENDER, SPICE PORTIONING","","1836","-1836","Staged","","Pre Blast","",""
"2026-08-03 - 1","33-120","REC-013537-4-007","FV0485A - Rosemary-tomato chicken - [DE]","Shredded Chicken - naturel","0","HOT SHREDDER, MARINADE, OVEN","1","1836","-1835","Staged","","Post Blast","","WIP 2"
"2026-08-03 - 1","33-121","REC-013950-4-002","FV0713A - Cabbage in cheese sauce with minced beef [DE]","Cabbage - Cheesy Cabbage Casserole","0","BRAISER, OVEN, SPICE PORTIONING","","1530","-1530","Staged","","Pre Blast","","WIP 1"
"2026-08-03 - 1","33-122","REC-013950-4-002","FV0713A - Cabbage in cheese sauce with minced beef [DE]","FA-DE Cheese, White Cheddar, Shredded /Käse, weißer Cheddar, gerieben","0","","","1530","-1530","Staged","","Pre Blast","",""
"2026-08-03 - 1","33-123","REC-013950-4-002","FV0713A - Cabbage in cheese sauce with minced beef [DE]","Mixed veg - Garlic Chili Green Beans & Red Bell Peppers","0","IMMERSION BLENDER, OVEN","1","1530","-1529","Staged","","Post Blast","",""
"2026-08-03 - 1","33-124","REC-013950-4-002","FV0713A - Cabbage in cheese sauce with minced beef [DE]","Tomato Ground Beef Mix","0","BRAISER, IMMERSION BLENDER, SPICE PORTIONING","","1530","-1530","Staged","","Not Started","","WIP 2"
"2026-08-04 - 1","33-153","REC-013637-4-004","FV4012A - Souvlaki style pork tenderloin  [DE}","Compound butter - Oregano-Tomato","0","PLANETARY MIXER, SCOOPER (BUTTER)","","1542","-1542","Staged","","Not Started","",""
"2026-08-04 - 1","33-154","REC-013637-4-004","FV4012A - Souvlaki style pork tenderloin  [DE}","Mixed peppers - Roasted diced red and green bell peppers","0","OVEN","","1542","-1542","Staged","","Not Started","",""
"2026-08-04 - 1","33-155","REC-013637-4-004","FV4012A - Souvlaki style pork tenderloin  [DE}","Rice - Lemon Brown Basmati Rice with Almonds + Apricots","0","HAND MARINADE, HAND MIX, OVEN","","1542","-1542","Staged","","Not Started","",""
"2026-08-04 - 1","33-156","REC-013637-4-004","FV4012A - Souvlaki style pork tenderloin  [DE}","Sauce - Lemon Dill Yogurt","0","HAND MIX","","1542","-1542","Staged","","Not Started","",""
"2026-08-04 - 1","33-157","REC-013637-4-004","FV4012A - Souvlaki style pork tenderloin  [DE}","Souvlaki Pork Tenderloin Batch","0","BRINE, GRILL, IMMERSION BLENDER, MARINADE, OVEN, SLICER","","1542","-1542","Staged","","Pre Blast","",""
"2026-08-04 - 1","33-158","REC-013637-4-004","FV4012A - Souvlaki style pork tenderloin  [DE}","Tomatoes - Roasted cherry tomatoes","0","OVEN","","1542","-1542","Staged","","Not Started","",""
"2026-08-04 - 1","33-159","REC-013637-4-004","FV4012A - Souvlaki style pork tenderloin  [DE}","Zucchini - Garlic Roasted Zucchini","0","OVEN","","1542","-1542","Staged","","Not Started","",""
"2026-08-04 - 1","33-85","REC-014040-4-004","FV0565A - [DE] - Bacon & Onion Pork Tenderloin","Bacon Onion Jam - No sweetener","0","BRAISER, OVEN, SPICE PORTIONING","","3194","-3194","Partially Staged","","Not Started","",""
"2026-08-04 - 1","33-86","REC-014040-4-004","FV0565A - [DE] - Bacon & Onion Pork Tenderloin","Garlic Chili Marinated Green Beans","0","OVEN","","3194","-3194","Staged","","Not Started","",""
"2026-08-04 - 1","33-87","REC-014040-4-004","FV0565A - [DE] - Bacon & Onion Pork Tenderloin","Mash - Swiss Cauliflower Mash - Rice","0","BRAISER, IMMERSION BLENDER, OVEN, SPICE PORTIONING","","3194","-3194","Staged","","Not Started","",""
"2026-08-04 - 1","33-88","REC-014040-4-004","FV0565A - [DE] - Bacon & Onion Pork Tenderloin","Pork tenderloin - herb marinade","0","BRINE, GRILL, MARINADE, OVEN, SLICER","","3194","-3194","Staged","","Not Started","",""
"2026-08-04 - 1","33-89","REC-014040-4-004","FV0565A - [DE] - Bacon & Onion Pork Tenderloin","Sauce - Roasted Mushroom Cream (thick sliced)","0","IMMERSION BLENDER, OVEN","","3194","-3194","Partially Staged","","Pre Blast","",""
"2026-08-04 - 1","33-14","REC-014250-4-004","FV1169A - [DE] -Salmon and sweet soy dressing","B&W sesame seeds 30/70","0","OVEN","","5829","-5829","Open","","Not Started","",""
"2026-08-04 - 1","33-15","REC-014250-4-004","FV1169A - [DE] -Salmon and sweet soy dressing","Ginger Cabbage","0","OVEN","","5829","-5829","Staged","","Not Started","",""
"2026-08-04 - 1","33-16","REC-014250-4-004","FV1169A - [DE] -Salmon and sweet soy dressing","Green beans - Sesame roasted CUT green beans with onion slices","0","OVEN","","5829","-5829","Staged","","Not Started","",""
"2026-08-04 - 1","33-17","REC-014250-4-004","FV1169A - [DE] -Salmon and sweet soy dressing","Rice - Garlic and Ginger Brown Rice","0","BRAISER, HAND MIX, IMMERSION BLENDER, OVEN, SPICE PORTIONING","","5829","-5829","Staged","","Not Started","",""
"2026-08-04 - 1","33-18","REC-014250-4-004","FV1169A - [DE] -Salmon and sweet soy dressing","Salmon - Blackened Salmon Batch","0","HAND MARINADE, HAND MIX, OVEN, SPICE PORTIONING, THAW","","5829","-5829","Staged","","Not Started","",""
"2026-08-04 - 1","33-19","REC-014250-4-004","FV1169A - [DE] -Salmon and sweet soy dressing","Teriyaki - Sweet Soy","0","BRAISER, IMMERSION BLENDER, SPICE PORTIONING","","5829","-5829","Staged","","Not Started","",""
"2026-08-04 - 1","33-170","REC-029397-4-005","FV4065B- Spicy Beef & Black Bean Chili [DE]","Beef & Black Bean Chili Batch [Aji Amarillo Sub]","0","BRAISER, OVEN, SPICE PORTIONING","","2476","-2476","Partially Staged","","Not Started","",""
"2026-08-04 - 1","33-171","REC-029397-4-005","FV4065B- Spicy Beef & Black Bean Chili [DE]","Coriander-Jalapeno Sweet Potatoes","0","OVEN","","2476","-2476","Staged","","Not Started","",""
"2026-08-04 - 1","33-172","REC-029397-4-005","FV4065B- Spicy Beef & Black Bean Chili [DE]","Corn Salsa - Less Salt","0","OVEN","","2476","-2476","Staged","","Not Started","",""
"2026-08-04 - 1","33-173","REC-029397-4-005","FV4065B- Spicy Beef & Black Bean Chili [DE]","Roasted Green Onions","0","OVEN","","2476","-2476","Staged","","Not Started","",""
"2026-08-04 - 1","33-105","REC-033053-4-002","FV4091A - [DE] - Honey Mustard Pork Tenderloin","Garlic Chive Pork Tenderloin Batch","0","BRINE, GRILL, IMMERSION BLENDER, MARINADE, OVEN, SLICER","","1600","-1600","Staged","","Not Started","",""
"2026-08-04 - 1","33-106","REC-033053-4-002","FV4091A - [DE] - Honey Mustard Pork Tenderloin","Green beans - S&P Roasted Green Beans, Whole","0","OVEN","","1600","-1600","Staged","","Not Started","",""
"2026-08-04 - 1","33-107","REC-033053-4-002","FV4091A - [DE] - Honey Mustard Pork Tenderloin","Honey Mustard Sauce - 10% less Mayo","0","IMMERSION BLENDER","","1600","-1600","Staged","","Not Started","",""
"2026-08-04 - 1","33-108","REC-033053-4-002","FV4091A - [DE] - Honey Mustard Pork Tenderloin","Mashed Potatoes","0","OVEN, PLANETARY MIXER","","1600","-1600","Staged","","Not Started","",""
"2026-08-04 - 1","33-109","REC-033053-4-002","FV4091A - [DE] - Honey Mustard Pork Tenderloin","Onions - Caramelized Onions","0","BRAISER, SPICE PORTIONING","","1600","-1600","Staged","","Not Started","",""
"2026-08-04 - 1","33-95","REC-030830-4-005","FV4096B Zaatar Rub Salmon & Jeweled Rice [DE]","Apicius glazed Carrots","0","OVEN","","2570","-2570","Staged","","Not Started","",""
"2026-08-04 - 1","33-96","REC-030830-4-005","FV4096B Zaatar Rub Salmon & Jeweled Rice [DE]","Fire roasted Paprika with Cumin and Cilantro","0","OVEN","","2570","-2570","Staged","","Not Started","",""
"2026-08-04 - 1","33-97","REC-030830-4-005","FV4096B Zaatar Rub Salmon & Jeweled Rice [DE]","Jeweled Wild + Brown Jasmine Rice","0","PLANETARY MIXER","","2570","-2570","Partially Staged","","Not Started","",""
"2026-08-04 - 1","33-98","REC-030830-4-005","FV4096B Zaatar Rub Salmon & Jeweled Rice [DE]","Whipped Feta","0","PLANETARY MIXER","","2570","-2570","Staged","","Not Started","",""
"2026-08-04 - 1","33-99","REC-030830-4-005","FV4096B Zaatar Rub Salmon & Jeweled Rice [DE]","Zaatar Salmon","0","HAND MARINADE, HAND MIX, OVEN, SPICE PORTIONING, THAW","","2570","-2570","Staged","","Not Started","",""
"2026-08-04 - 1","33-148","REC-013455-4-002","FV4053A - Gochugaru Chicken [DE]","Cauliflower - Chili-Garlic Cauliflower Florets","0","OVEN","","1562","-1562","Partially Staged","","Not Started","",""
"2026-08-04 - 1","33-149","REC-013455-4-002","FV4053A - Gochugaru Chicken [DE]","Diced Chicken - Garlic & Herb Marinade","0","BRINE, IMMERSION BLENDER, MARINADE, OVEN","","1562","-1562","Partially Staged","","Not Started","",""
"2026-08-04 - 1","33-150","REC-013455-4-002","FV4053A - Gochugaru Chicken [DE]","FA-DE Cheese, Mozzarella, Shredded /Käse, Mozzarella, gerieben","0","","","1562","-1562","Released","","Not Started","",""
"2026-08-04 - 1","33-151","REC-013455-4-002","FV4053A - Gochugaru Chicken [DE]","Roasted Green Onions","0","OVEN","","1562","-1562","Allocation Pending","","Not Started","",""
"2026-08-04 - 1","33-152","REC-013455-4-002","FV4053A - Gochugaru Chicken [DE]","Sauce - Creamy Gochugaru Sauce","0","BRAISER, IMMERSION BLENDER, SPICE PORTIONING","","1562","-1562","Released","","Not Started","",""
"2026-08-05 - 1","33-25","REC-013943-4-004","FV0257A - Greek style ground beef and feta [DE]","Compound butter - Oregano-Tomato","0","PLANETARY MIXER, SCOOPER (BUTTER)","","1401","-1401","Staged","","Not Started","",""
"2026-08-05 - 1","33-26","REC-013943-4-004","FV0257A - Greek style ground beef and feta [DE]","Ground beef - Red Wine & Garlic Beef Ragu","0","BRAISER, IMMERSION BLENDER, SPICE PORTIONING","","1401","-1401","Staged","","Not Started","",""
"2026-08-05 - 1","33-27","REC-013943-4-004","FV0257A - Greek style ground beef and feta [DE]","Herbed feta","0","HAND MIX","","1401","-1401","Staged","","Not Started","",""
"2026-08-05 - 1","33-28","REC-013943-4-004","FV0257A - Greek style ground beef and feta [DE]","Red peppers - Roasted diced ¼ red bell peppers","0","OVEN","","1401","-1401","Staged","","Not Started","",""
"2026-08-05 - 1","33-29","REC-013943-4-004","FV0257A - Greek style ground beef and feta [DE]","Sauce - Yia Yia's Creamy Greek Sauce - sour cream","0","HAND MIX, SPICE PORTIONING","","1401","-1401","Picking","","Not Started","",""
"2026-08-05 - 1","33-30","REC-013943-4-004","FV0257A - Greek style ground beef and feta [DE]","Spinach - Garlic Spinach - Frzn Spinach - less garlic","0","HAND MIX, OVEN","","1401","-1401","Staged","","Not Started","",""
"2026-08-05 - 1","33-31","REC-013943-4-004","FV0257A - Greek style ground beef and feta [DE]","Tomatoes - Roasted cherry tomatoes","0","OVEN","","1401","-1401","Staged","","Not Started","",""
"2026-08-05 - 1","33-32","REC-013943-4-004","FV0257A - Greek style ground beef and feta [DE]","Zucchini - Garlic Roasted Zucchini","0","OVEN","","1401","-1401","Allocation Pending","","Not Started","",""
"2026-08-05 - 1","33-39","REC-014197-4-004","FV0281A - Baja Salmon [DE]","Broccoli - S&P Broccoli FLORETS - less salt","0","HAND MIX, IMMERSION BLENDER","","3523","-3523","Allocation Pending","","Not Started","",""
"2026-08-05 - 1","33-40","REC-014197-4-004","FV0281A - Baja Salmon [DE]","Compound butter - Chili-Garlic Butter - master batch","0","PLANETARY MIXER, SCOOPER (BUTTER)","","3523","-3523","Staged","","Not Started","",""
"2026-08-05 - 1","33-41","REC-014197-4-004","FV0281A - Baja Salmon [DE]","Mexican Cauliflower Rice","0","OVEN","","3523","-3523","Allocation Pending","","Not Started","",""
"2026-08-05 - 1","33-42","REC-014197-4-004","FV0281A - Baja Salmon [DE]","Salmon - BAJA Salmon - Batch","0","HAND MARINADE, IMMERSION BLENDER, OVEN, THAW","","3523","-3523","Staged","","Not Started","",""
"2026-08-05 - 1","33-43","REC-014197-4-004","FV0281A - Baja Salmon [DE]","Sauce - Cilantro Sour Cream","0","CUPPING, IMMERSION BLENDER","","3523","-3523","Picking","","Not Started","",""
"2026-08-05 - 1","33-20","REC-030756-4-002","FV0576A - Creamy Lemon Pepper Chicken [DE]","Carrot & Pea Brown Rice Pilaf","0","BRAISER, OVEN, SPICE PORTIONING","","1603","-1603","Allocation Pending","","Not Started","",""
"2026-08-05 - 1","33-21","REC-030756-4-002","FV0576A - Creamy Lemon Pepper Chicken [DE]","Chicken Breast Marinade #4 - NO GRILL","0","IMMERSION BLENDER","","1603","-1603","Staged","","Not Started","",""
"2026-08-05 - 1","33-22","REC-030756-4-002","FV0576A - Creamy Lemon Pepper Chicken [DE]","Grated Parmesan Broccoli","0","","","1603","-1603","Staged","","Not Started","",""
"2026-08-05 - 1","33-23","REC-030756-4-002","FV0576A - Creamy Lemon Pepper Chicken [DE]","Lemon Herb Cream Cheese Sauce - Low Fat","0","BRAISER, HAND MIX, IMMERSION BLENDER, SPICE PORTIONING","","1603","-1603","Staged","","Not Started","",""
"2026-08-05 - 1","33-24","REC-030756-4-002","FV0576A - Creamy Lemon Pepper Chicken [DE]","Rosemary Carrot Coins","0","OVEN","","1603","-1603","Allocation Pending","","Not Started","",""
"2026-08-05 - 1","33-125","REC-013950-4-002","FV0713A - Cabbage in cheese sauce with minced beef [DE]","Cabbage - Cheesy Cabbage Casserole","0","BRAISER, OVEN, SPICE PORTIONING","","618","-618","Allocation Pending","","Not Started","",""
"2026-08-05 - 1","33-126","REC-013950-4-002","FV0713A - Cabbage in cheese sauce with minced beef [DE]","FA-DE Cheese, White Cheddar, Shredded /Käse, weißer Cheddar, gerieben","0","","","618","-618","Partially Staged","","Not Started","",""
"2026-08-05 - 1","33-127","REC-013950-4-002","FV0713A - Cabbage in cheese sauce with minced beef [DE]","Mixed veg - Garlic Chili Green Beans & Red Bell Peppers","0","IMMERSION BLENDER, OVEN","","618","-618","Allocation Pending","","Not Started","",""
"2026-08-05 - 1","33-128","REC-013950-4-002","FV0713A - Cabbage in cheese sauce with minced beef [DE]","Tomato Ground Beef Mix","0","BRAISER, IMMERSION BLENDER, SPICE PORTIONING","","618","-618","Partially Staged","","Not Started","",""
"2026-08-05 - 1","33-63","REC-014186-4-002","FV0970A - Caramelized Onion & Emmental Fondue Chicken [DE]","Chicken breast - Herb Grilled Chicken Breast","0","BRINE, GRILL, MARINADE, OVEN","","2830","-2830","Partially Staged","","Not Started","",""
"2026-08-05 - 1","33-64","REC-014186-4-002","FV0970A - Caramelized Onion & Emmental Fondue Chicken [DE]","Emmental Cheese Sauce - More Salt/Fat","0","BRAISER, IMMERSION BLENDER, SPICE PORTIONING","","2830","-2830","Partially Staged","","Not Started","",""
"2026-08-05 - 1","33-65","REC-014186-4-002","FV0970A - Caramelized Onion & Emmental Fondue Chicken [DE]","Garlic Herb Butter","0","BRAISER, PLANETARY MIXER, SCOOPER (BUTTER), SPICE PORTIONING","","2830","-2830","Partially Staged","","Not Started","",""
"2026-08-05 - 1","33-66","REC-014186-4-002","FV0970A - Caramelized Onion & Emmental Fondue Chicken [DE]","Keto French Onion Burger Onions - More Salt - no wine","0","BRAISER, SPICE PORTIONING","","2830","-2830","Allocation Pending","","Not Started","",""
"2026-08-05 - 1","33-67","REC-014186-4-002","FV0970A - Caramelized Onion & Emmental Fondue Chicken [DE]","Roasted Green Onions","0","OVEN","","2830","-2830","Allocation Pending","","Not Started","",""
"2026-08-05 - 1","33-68","REC-014186-4-002","FV0970A - Caramelized Onion & Emmental Fondue Chicken [DE]","S&P Roasted Green Beans 1","0","OVEN","","2830","-2830","Partially Staged","","Not Started","",""
"2026-08-05 - 1","33-69","REC-014186-4-002","FV0970A - Caramelized Onion & Emmental Fondue Chicken [DE]","Thyme Roasted Mushrooms (less pepper, more salt)","0","OVEN","","2830","-2830","Allocation Pending","","Not Started","",""
"2026-08-05 - 1","33-129","REC-013601-4-001","FV1347A - Pot Roast Shredded Beef & Mash [DE]","Broccoli - Onion Powder Broccoli FLORETS - More Salt","0","OVEN","","2009","-2009","Staged","","Not Started","",""
"2026-08-05 - 1","33-130","REC-013601-4-001","FV1347A - Pot Roast Shredded Beef & Mash [DE]","Chicken Jus Lie + cream cheese","0","BRAISER, IMMERSION BLENDER, SPICE PORTIONING","","2009","-2009","Staged","","Not Started","",""
"2026-08-05 - 1","33-131","REC-013601-4-001","FV1347A - Pot Roast Shredded Beef & Mash [DE]","Compound butter - Parmesan-Chive","0","PLANETARY MIXER, SCOOPER (BUTTER)","","2009","-2009","Staged","","Not Started","",""
"2026-08-05 - 1","33-132","REC-013601-4-001","FV1347A - Pot Roast Shredded Beef & Mash [DE]","French Onion Mashed Potatoes","0","BRAISER, OVEN, PLANETARY MIXER, SPICE PORTIONING","","2009","-2009","Staged","","Not Started","",""
"2026-08-05 - 1","33-133","REC-013601-4-001","FV1347A - Pot Roast Shredded Beef & Mash [DE]","Pearl onions - Roasted Pearl Onions","0","OVEN","","2009","-2009","Staged","","Not Started","",""
"2026-08-05 - 1","33-134","REC-013601-4-001","FV1347A - Pot Roast Shredded Beef & Mash [DE]","Rosemary Carrot Coins","0","OVEN","","2009","-2009","Allocation Pending","","Not Started","",""
"2026-08-05 - 1","33-135","REC-013601-4-001","FV1347A - Pot Roast Shredded Beef & Mash [DE]","Shredded Sous Vide Beef","0","COLD SHREDDER, HAND MIX","","2009","-2009","Staged","","Not Started","",""
"2026-08-05 - 1","33-160","REC-032214-4-005","FV1481B - [DE] - Thai Coconut Curry Barramundi","Asian Brown Jasmine with GGS","0","BRAISER, HAND MIX, OVEN, SPICE PORTIONING","","1715","-1715","Released","","Not Started","",""
"2026-08-05 - 1","33-161","REC-032214-4-005","FV1481B - [DE] - Thai Coconut Curry Barramundi","Asian Spiced Barramundi Batch","0","HAND MARINADE, OVEN","","1715","-1715","Partially Staged","","Not Started","",""
"2026-08-05 - 1","33-162","REC-032214-4-005","FV1481B - [DE] - Thai Coconut Curry Barramundi","Gochugaru - Lemon - Green Onion roasted Cashews","0","OVEN","","1715","-1715","Allocation Pending","","Not Started","",""
"2026-08-05 - 1","33-163","REC-032214-4-005","FV1481B - [DE] - Thai Coconut Curry Barramundi","Lemongrass Broccoli Florets","0","OVEN","","1715","-1715","Allocation Pending","","Not Started","",""
"2026-08-05 - 1","33-164","REC-032214-4-005","FV1481B - [DE] - Thai Coconut Curry Barramundi","Thai Yellow Curry Sauce","0","","","1715","-1715","Partially Staged","","Not Started","",""
"2026-08-06 - 1","33-90","REC-014040-4-004","FV0565A - [DE] - Bacon & Onion Pork Tenderloin","Bacon Onion Jam - No sweetener","2158","BRAISER, OVEN, SPICE PORTIONING","","1384","-1384","Open","","Not Started","",""
"2026-08-06 - 1","33-91","REC-014040-4-004","FV0565A - [DE] - Bacon & Onion Pork Tenderloin","Garlic Chili Marinated Green Beans","2158","OVEN","","1384","-1384","Open","","Not Started","",""
"2026-08-06 - 1","33-92","REC-014040-4-004","FV0565A - [DE] - Bacon & Onion Pork Tenderloin","Mash - Swiss Cauliflower Mash - Rice","2158","BRAISER, IMMERSION BLENDER, OVEN, SPICE PORTIONING","","1384","-1384","Open","","Not Started","",""
"2026-08-06 - 1","33-93","REC-014040-4-004","FV0565A - [DE] - Bacon & Onion Pork Tenderloin","Pork tenderloin - herb marinade","2158","BRINE, GRILL, MARINADE, OVEN, SLICER","","1384","-1384","Open","","Not Started","",""
"2026-08-06 - 1","33-94","REC-014040-4-004","FV0565A - [DE] - Bacon & Onion Pork Tenderloin","Sauce - Roasted Mushroom Cream (thick sliced)","2158","IMMERSION BLENDER, OVEN","","1384","-1384","Open","","Not Started","",""
"2026-08-06 - 1","33-110","REC-033053-4-002","FV4091A - [DE] - Honey Mustard Pork Tenderloin","Garlic Chive Pork Tenderloin Batch","1108","BRINE, GRILL, IMMERSION BLENDER, MARINADE, OVEN, SLICER","","761","-761","Open","","Not Started","",""
"2026-08-06 - 1","33-111","REC-033053-4-002","FV4091A - [DE] - Honey Mustard Pork Tenderloin","Green beans - S&P Roasted Green Beans, Whole","1108","OVEN","","761","-761","Open","","Not Started","",""
"2026-08-06 - 1","33-112","REC-033053-4-002","FV4091A - [DE] - Honey Mustard Pork Tenderloin","Honey Mustard Sauce - 10% less Mayo","1108","IMMERSION BLENDER","","761","-761","Open","","Not Started","",""
"2026-08-06 - 1","33-113","REC-033053-4-002","FV4091A - [DE] - Honey Mustard Pork Tenderloin","Mashed Potatoes","1108","OVEN, PLANETARY MIXER","","761","-761","Open","","Not Started","",""
"2026-08-06 - 1","33-114","REC-033053-4-002","FV4091A - [DE] - Honey Mustard Pork Tenderloin","Onions - Caramelized Onions","1108","BRAISER, SPICE PORTIONING","","761","-761","Open","","Not Started","",""