Week	Bereich	Zugaenge_kg	Bewegungen_kg	Differenz_kg	Netto_kg	Kategorie
102614	A-02-59-1	9600.0	0.0	9600.0	9600.0	Andere
102614	FALEHMANNM	9600.0	0.0	9600.0	9600.0	Andere
201617	UNBEKANNT	879.6	0.0	879.6	879.6	Andere
201617	ADJ LOC	639.6	0.0	639.6	639.6	Andere
201617	FAENDERST	639.6	0.0	639.6	639.6	Andere
201617	BULKLIQUID	565.82	0.0	565.82	565.82	Andere
201617	D-06-09-1	390.0	90.0	300.0	300.0	Andere
201617	FASADEKM	270.0	0.0	270.0	270.0	Andere
201617	A-01-04-1	240.0	0.0	240.0	240.0	Andere
201617	FAGEVERSF	240.0	0.0	240.0	240.0	Andere
201617	FALEHMANNM	240.0	0.0	240.0	240.0	Andere
201617	PROD RTN	240.0	0.0	240.0	240.0	Andere
201617	D-06-09-4	135.0	0.0	135.0	135.0	Andere
201617	D-06-05-1	67.2	0.0	67.2	67.2	Andere
201617	D-06-08-1	11.2	11.2	0.0	0.0	Andere
202603	A-01-41-1	0.0	150.0	-150.0	-150.0	Andere
202603	A-01-42-1	0.0	0.0	0.0	0.0	Andere
202603	A-01-44-1	0.0	0.0	0.0	0.0	Andere
202604	FAWIEGHOLDD	18900.0	0.0	18900.0	18900.0	Andere
202604	FAGEVERSF	13360.0	0.0	13360.0	13360.0	Andere
202604	A-01-41-4	0.0	6300.0	-6300.0	-6300.0	Andere
202604	A-01-43-1	0.0	6300.0	-6300.0	-6300.0	Andere
202604	A-01-43-2	0.0	6300.0	-6300.0	-6300.0	Andere
202604	A-01-44-2	0.0	6300.0	-6300.0	-6300.0	Andere
202604	A-01-45-1	0.0	6300.0	-6300.0	-6300.0	Andere
202604	A-01-45-2	0.0	6300.0	-6300.0	-6300.0	Andere
202604	A-01-46-1	0.0	6300.0	-6300.0	-6300.0	Andere
202604	A-01-47-1	6300.0	0.0	6300.0	6300.0	Andere
202604	A-01-48-1	6300.0	0.0	6300.0	6300.0	Andere
202604	A-01-49-1	6300.0	0.0	6300.0	6300.0	Andere
202604	A-01-62-1	6300.0	0.0	6300.0	6300.0	Andere
202604	A-01-63-1	6300.0	0.0	6300.0	6300.0	Andere
202604	A-01-32-2	400.0	0.0	400.0	400.0	Andere
202604	A-01-28-2	360.0	0.0	360.0	360.0	Andere
202604	FALEHMANNM	240.0	0.0	240.0	240.0	Andere
202604	D-06-50-1	150.0	0.0	150.0	150.0	Andere
202604	A-01-04-1	120.0	0.0	120.0	120.0	Andere
202604	A-01-14-3	120.0	0.0	120.0	120.0	Andere
202604	FZ-01-20-1	126.0	28.0	98.0	98.0	Andere
202604	D-06-06-1	0.0	25.0	-25.0	-25.0	Andere
202604	D-06-48-1	0.0	25.0	-25.0	-25.0	Andere
202604	D-06-04-1	115.0	103.0	12.0	12.0	Andere
202604	A-01-08-3	0.0	0.0	0.0	0.0	Andere
202604	A-01-09-2	180.0	180.0	0.0	0.0	Andere
202604	A-01-11-2	180.0	180.0	0.0	0.0	Andere
202604	A-01-12-2	180.0	180.0	0.0	0.0	Andere
202604	A-01-13-2	180.0	180.0	0.0	0.0	Andere
202604	A-01-27-2	180.0	180.0	0.0	0.0	Andere
202604	A-01-29-2	400.0	400.0	0.0	0.0	Andere
202604	A-01-50-1	0.0	0.0	0.0	0.0	Andere
202604	A-01-51-1	0.0	0.0	0.0	0.0	Andere
202604	A-01-55-1	0.0	0.0	0.0	0.0	Andere
202604	A-01-57-1	0.0	0.0	0.0	0.0	Andere
202604	A-01-64-1	6300.0	6300.0	0.0	0.0	Andere
202604	FZ-01-21-1	0.0	0.0	0.0	0.0	Andere
202604	UNBEKANNT	0.0	0.0	0.0	0.0	Andere
202605	FAHABAYEBM	8892.0	0.0	8892.0	8892.0	Andere
202605	FAZALOGD	8736.0	0.0	8736.0	8736.0	Andere
202605	FAGEVERSF	3164.0	0.0	3164.0	3164.0	Andere
202605	FALEHMANNM	2696.0	0.0	2696.0	2696.0	Andere
202605	NORDICS	2496.0	0.0	2496.0	2496.0	Andere
202605	FZ-01-17-2	1248.0	0.0	1248.0	1248.0	Andere
202605	FZ-01-18-2	1248.0	0.0	1248.0	1248.0	Andere
202605	FZ-01-20-2	1248.0	0.0	1248.0	1248.0	Andere
202605	FZ-01-21-2	1248.0	0.0	1248.0	1248.0	Andere
202605	FZ-01-22-2	1248.0	0.0	1248.0	1248.0	Andere
202605	FZ-01-23-2	1248.0	0.0	1248.0	1248.0	Andere
202605	FZ-01-24-2	1248.0	0.0	1248.0	1248.0	Andere
202605	FZ-01-25-2	1248.0	0.0	1248.0	1248.0	Andere
202605	FZ-01-26-2	1248.0	0.0	1248.0	1248.0	Andere
202605	FZ-01-27-2	1248.0	0.0	1248.0	1248.0	Andere
202605	FZ-01-28-2	1248.0	0.0	1248.0	1248.0	Andere
202605	FZ-01-29-2	1248.0	0.0	1248.0	1248.0	Andere
202605	FZ-01-30-2	1248.0	0.0	1248.0	1248.0	Andere
202605	FZ-01-31-2	1248.0	0.0	1248.0	1248.0	Andere
202605	FZ-01-33-3	1248.0	0.0	1248.0	1248.0	Andere
202605	FZ-01-17-4	810.0	0.0	810.0	810.0	Andere
202605	FZ-01-18-4	810.0	0.0	810.0	810.0	Andere
202605	FZ-01-21-3	490.0	0.0	490.0	490.0	Andere
202605	FZ-01-10-4	468.0	0.0	468.0	468.0	Andere
202605	FZ-01-11-4	468.0	0.0	468.0	468.0	Andere
202605	FZ-01-12-4	468.0	0.0	468.0	468.0	Andere
202605	FZ-02-01-1	468.0	0.0	468.0	468.0	Andere
202605	FAWIEGHOLDD	400.0	0.0	400.0	400.0	Andere
202605	FZ-01-23-3	400.0	0.0	400.0	400.0	Andere
202605	A-02-33-2	200.0	0.0	200.0	200.0	Andere
202605	A-02-62-2	200.0	0.0	200.0	200.0	Andere
202605	A-02-64-2	200.0	0.0	200.0	200.0	Andere
202605	A-02-65-3	200.0	0.0	200.0	200.0	Andere
202605	FZ-01-20-3	110.0	0.0	110.0	110.0	Andere
202605	FZ-01-22-3	70.0	0.0	70.0	70.0	Andere
202605	FZ-01-18-3	60.0	0.0	60.0	60.0	Andere
202605	FZ-01-19-4	60.0	0.0	60.0	60.0	Andere
202605	FZ-01-17-3	410.0	400.0	10.0	10.0	Andere
202605	FZ-01-19-3	99460.0	99470.0	-10.0	-10.0	Andere
202605	A-02-34-2	200.0	200.0	0.0	0.0	Andere
202605	A-02-52-1	200.0	200.0	0.0	0.0	Andere
202605	A-02-53-1	200.0	200.0	0.0	0.0	Andere
202605	FZ-01-24-3	0.0	0.0	0.0	0.0	Andere
202605	FZ-01-31-3	1248.0	1248.0	0.0	0.0	Andere
202606	FALEHMANNM	2140.0	0.0	2140.0	2140.0	Andere
202606	FAGEVERSF	2048.0	0.0	2048.0	2048.0	Andere
202606	FAWIEGHOLDD	780.0	0.0	780.0	780.0	Andere
202606	A-02-99-1	504.0	0.0	504.0	504.0	Andere
202606	A-01-33-2	400.0	0.0	400.0	400.0	Andere
202606	A-01-36-2	400.0	0.0	400.0	400.0	Andere
202606	A-01-40-1	800.0	400.0	400.0	400.0	Andere
202606	A-02-59-3	400.0	0.0	400.0	400.0	Andere
202606	A-02-80-2	336.0	0.0	336.0	336.0	Andere
202606	FASCHRADERS	336.0	0.0	336.0	336.0	Andere
202606	A-02-108-1	264.0	0.0	264.0	264.0	Andere
202606	A-02-87-1	264.0	0.0	264.0	264.0	Andere
202606	FALUHRSP	264.0	0.0	264.0	264.0	Andere
202606	A-02-63-2	200.0	0.0	200.0	200.0	Andere
202606	A-01-11-1	180.0	0.0	180.0	180.0	Andere
202606	A-01-19-2	180.0	0.0	180.0	180.0	Andere
202606	A-01-20-2	180.0	0.0	180.0	180.0	Andere
202606	A-01-30-1	180.0	0.0	180.0	180.0	Andere
202606	A-01-31-1	180.0	0.0	180.0	180.0	Andere
202606	A-01-32-1	180.0	0.0	180.0	180.0	Andere
202606	A-01-38-1	180.0	0.0	180.0	180.0	Andere
202606	A-01-39-2	180.0	0.0	180.0	180.0	Andere
202606	A-01-40-2	180.0	0.0	180.0	180.0	Andere
202606	A-01-41-2	180.0	0.0	180.0	180.0	Andere
202606	A-02-119-1	168.0	0.0	168.0	168.0	Andere
202606	A-02-45-1	168.0	0.0	168.0	168.0	Andere
202606	A-02-107-1	132.0	0.0	132.0	132.0	Andere
202606	A-02-112-1	132.0	0.0	132.0	132.0	Andere
202606	A-01-06-3	0.0	0.0	0.0	0.0	Andere
202606	A-01-10-3	0.0	0.0	0.0	0.0	Andere
202606	A-01-14-2	400.0	400.0	0.0	0.0	Andere
202606	A-01-15-2	0.0	0.0	0.0	0.0	Andere
202606	A-01-16-2	0.0	0.0	0.0	0.0	Andere
202606	A-01-17-2	0.0	0.0	0.0	0.0	Andere
202606	A-01-23-4	186.0	186.0	0.0	0.0	Andere
202606	A-01-28-3	0.0	0.0	0.0	0.0	Andere
202606	A-01-29-3	0.0	0.0	0.0	0.0	Andere
202606	A-01-37-2	400.0	400.0	0.0	0.0	Andere
202606	A-01-38-2	800.0	800.0	0.0	0.0	Andere
202606	A-01-39-1	800.0	800.0	0.0	0.0	Andere
202606	A-01-42-4	186.0	186.0	0.0	0.0	Andere
202606	A-01-43-4	186.0	186.0	0.0	0.0	Andere
202606	A-01-44-4	186.0	186.0	0.0	0.0	Andere
202606	A-01-46-3	186.0	186.0	0.0	0.0	Andere
202606	A-02-07-3	200.0	200.0	0.0	0.0	Andere
202606	A-02-103-1	132.0	132.0	0.0	0.0	Andere
202606	A-02-109-2	132.0	132.0	0.0	0.0	Andere
202606	A-02-17-3	400.0	400.0	0.0	0.0	Andere
202606	A-02-19-3	400.0	400.0	0.0	0.0	Andere
202606	A-02-20-3	400.0	400.0	0.0	0.0	Andere
202606	A-02-29-3	400.0	400.0	0.0	0.0	Andere
202606	A-02-88-3	96.0	96.0	0.0	0.0	Andere
202607	FAWIEGHOLDD	4250.0	0.0	4250.0	4250.0	Andere
202607	A-02-03-3	2250.0	0.0	2250.0	2250.0	Andere
202607	A-02-01-3	2000.0	0.0	2000.0	2000.0	Andere
202607	FAZALOGD	1872.0	0.0	1872.0	1872.0	Andere
202607	FASCHRADERS	864.0	0.0	864.0	864.0	Andere
202607	GERMANY	732.0	0.0	732.0	732.0	Andere
202607	FAFURMANNB	600.0	0.0	600.0	600.0	Andere
202607	FAGEVERSF	468.0	0.0	468.0	468.0	Andere
202607	FAHABAYEBM	468.0	0.0	468.0	468.0	Andere
202607	FAHANSENMA	468.0	0.0	468.0	468.0	Andere
202607	FZ-01-09-4	468.0	0.0	468.0	468.0	Andere
202607	FZ-01-25-3	468.0	0.0	468.0	468.0	Andere
202607	FZ-01-26-3	468.0	0.0	468.0	468.0	Andere
202607	FZ-01-27-3	468.0	0.0	468.0	468.0	Andere
202607	FZ-01-28-3	468.0	0.0	468.0	468.0	Andere
202607	FZ-01-33-4	468.0	0.0	468.0	468.0	Andere
202607	A-02-75-2	336.0	0.0	336.0	336.0	Andere
202607	A-02-81-2	336.0	0.0	336.0	336.0	Andere
202607	A-02-85-2	264.0	0.0	264.0	264.0	Andere
202607	A-02-86-2	264.0	0.0	264.0	264.0	Andere
202607	A-02-107-2	372.0	372.0	0.0	0.0	Andere
202607	A-02-109-2	132.0	132.0	0.0	0.0	Andere
202608	FALEHMANNM	40009.0	0.0	40009.0	40009.0	Andere
202608	A-02-63-1	20009.0	0.0	20009.0	20009.0	Andere
202608	A-02-64-1	20000.0	0.0	20000.0	20000.0	Andere
202608	A-02-51-1	200.0	200.0	0.0	0.0	Andere
202608	FZ-01-19-1	90.0	90.0	0.0	0.0	Andere
202609	UNBEKANNT	22970.0	0.0	22970.0	22970.0	Andere
202609	STGDR-27	4570.0	0.0	4570.0	4570.0	Lager
202609	A-02-19-1	4000.0	0.0	4000.0	4000.0	Andere
202609	FAWIEGHOLDD	2300.0	0.0	2300.0	2300.0	Andere
202609	FAHANSENMA	2270.0	0.0	2270.0	2270.0	Andere
202609	FAGEVERSF	1248.0	0.0	1248.0	1248.0	Andere
202609	FZ-02-42-1	1248.0	0.0	1248.0	1248.0	Andere
202609	FZ-02-14-2	420.0	0.0	420.0	420.0	Andere
202609	GC-02-01-1	240.0	0.0	240.0	240.0	Andere
202609	FALEHMANNM	200.0	0.0	200.0	200.0	Andere
202609	FAMATTICKT	120.0	0.0	120.0	120.0	Andere
202609	FAGROTHEERF	110.0	0.0	110.0	110.0	Andere
202609	A-02-39-1	100.0	0.0	100.0	100.0	Andere
202609	D-06-56-1	100.0	0.0	100.0	100.0	Andere
202609	D-06-47-3	90.0	0.0	90.0	90.0	Andere
202609	D-06-06-3	60.0	0.0	60.0	60.0	Andere
202609	D-06-08-3	60.0	0.0	60.0	60.0	Andere
202609	D-06-48-3	70.0	10.0	60.0	60.0	Andere
202609	D-06-26-3	50.0	0.0	50.0	50.0	Andere
202609	GC-02-02-1	50.0	0.0	50.0	50.0	Andere
202609	GC-02-03-2	50.0	0.0	50.0	50.0	Andere
202609	D-06-24-3	40.0	0.0	40.0	40.0	Andere
202609	D-06-46-3	30.0	0.0	30.0	30.0	Andere
202609	D-06-49-3	30.0	0.0	30.0	30.0	Andere
202609	D-06-50-3	30.0	0.0	30.0	30.0	Andere
202609	GC-02-01-3	30.0	0.0	30.0	30.0	Andere
202609	FZ-02-12-2	20.0	0.0	20.0	20.0	Andere
202609	SPI-WINDOW	20.0	0.0	20.0	20.0	Andere
202609	D-06-28-3	10.0	0.0	10.0	10.0	Andere
202609	D-06-40-2	10.0	0.0	10.0	10.0	Andere
202609	D-06-49-2	10.0	0.0	10.0	10.0	Andere
202609	FZ-01-22-1	10.0	0.0	10.0	10.0	Andere
202609	GC-02-02-3	10.0	0.0	10.0	10.0	Andere
202609	D-06-42-3	2.0	0.0	2.0	2.0	Andere
202609	A-01-04-1	400.0	400.0	0.0	0.0	Andere
202609	A-01-05-1	400.0	400.0	0.0	0.0	Andere
202609	A-01-06-1	200.0	200.0	0.0	0.0	Andere
202609	A-01-07-1	400.0	400.0	0.0	0.0	Andere
202609	A-01-31-1	0.0	0.0	0.0	0.0	Andere
202609	A-02-34-2	186.0	186.0	0.0	0.0	Andere
202609	A-02-40-1	180.0	180.0	0.0	0.0	Andere
202609	FZ-02-15-2	0.0	0.0	0.0	0.0	Andere
202609	GC-02-01-2	0.0	0.0	0.0	0.0	Andere
202609	GC-02-02-2	0.0	0.0	0.0	0.0	Andere
202609	GC-02-03-3	0.0	0.0	0.0	0.0	Andere
202610	FALEHMANNM	167312.0	0.0	167312.0	167312.0	Andere
202610	FAWIEGHOLDD	76820.0	0.0	76820.0	76820.0	Andere
202610	FAGEVERSF	50080.0	0.0	50080.0	50080.0	Andere
202610	FAGROTHEERF	16732.0	0.0	16732.0	16732.0	Andere
202610	A-02-05-1	16100.0	0.0	16100.0	16100.0	Andere
202610	A-02-06-1	16100.0	0.0	16100.0	16100.0	Andere
202610	A-02-07-1	16100.0	0.0	16100.0	16100.0	Andere
202610	A-02-08-1	16100.0	0.0	16100.0	16100.0	Andere
202610	A-02-09-1	16100.0	0.0	16100.0	16100.0	Andere
202610	A-02-10-1	16100.0	0.0	16100.0	16100.0	Andere
202610	A-02-11-1	16100.0	0.0	16100.0	16100.0	Andere
202610	A-02-12-1	16100.0	0.0	16100.0	16100.0	Andere
202610	A-02-16-1	16100.0	0.0	16100.0	16100.0	Andere
202610	A-02-18-1	16100.0	0.0	16100.0	16100.0	Andere
202610	A-02-21-1	16100.0	0.0	16100.0	16100.0	Andere
202610	A-02-22-1	16100.0	0.0	16100.0	16100.0	Andere
202610	A-02-31-1	16100.0	0.0	16100.0	16100.0	Andere
202610	A-02-32-1	16100.0	0.0	16100.0	16100.0	Andere
202610	A-02-33-1	16100.0	0.0	16100.0	16100.0	Andere
202610	A-02-34-1	16100.0	0.0	16100.0	16100.0	Andere
202610	A-02-35-1	16100.0	0.0	16100.0	16100.0	Andere
202610	A-02-04-1	15640.0	0.0	15640.0	15640.0	Andere
202610	A-02-02-2	7360.0	0.0	7360.0	7360.0	Andere
202610	A-02-02-3	5060.0	0.0	5060.0	5060.0	Andere
202610	GERMANY	5060.0	0.0	5060.0	5060.0	Andere
202610	FAMATTICKT	2575.0	0.0	2575.0	2575.0	Andere
202610	D-06-22-2	750.0	10.0	740.0	740.0	Andere
202610	D-06-01-2	700.0	0.0	700.0	700.0	Andere
202610	D-06-02-1	700.0	0.0	700.0	700.0	Andere
202610	D-06-28-2	650.0	0.0	650.0	650.0	Andere
202610	D-06-31-2	640.0	0.0	640.0	640.0	Andere
202610	A-01-12-3	400.0	0.0	400.0	400.0	Andere
202610	A-01-13-3	400.0	0.0	400.0	400.0	Andere
202610	A-01-19-3	400.0	0.0	400.0	400.0	Andere
202610	A-01-21-2	400.0	0.0	400.0	400.0	Andere
202610	A-01-22-2	400.0	0.0	400.0	400.0	Andere
202610	A-01-27-2	400.0	0.0	400.0	400.0	Andere
202610	FAFURMANNB	400.0	0.0	400.0	400.0	Andere
202610	A-02-68-3	372.0	0.0	372.0	372.0	Andere
202610	FASCHRADERS	360.0	0.0	360.0	360.0	Andere
202610	D-06-29-2	280.5	0.0	280.5	280.5	Andere
202610	D-06-32-2	240.0	0.0	240.0	240.0	Andere
202610	A-02-74-3	186.0	0.0	186.0	186.0	Andere
202610	A-02-77-3	186.0	0.0	186.0	186.0	Andere
202610	A-01-01-3	180.0	0.0	180.0	180.0	Andere
202610	A-01-02-3	180.0	0.0	180.0	180.0	Andere
202610	A-01-03-3	180.0	0.0	180.0	180.0	Andere
202610	A-01-04-2	180.0	0.0	180.0	180.0	Andere
202610	A-01-05-2	180.0	0.0	180.0	180.0	Andere
202610	A-01-06-2	180.0	0.0	180.0	180.0	Andere
202610	A-01-08-2	180.0	0.0	180.0	180.0	Andere
202610	A-01-10-2	180.0	0.0	180.0	180.0	Andere
202610	D-06-26-2	150.0	0.0	150.0	150.0	Andere
202610	D-06-35-2	150.0	0.0	150.0	150.0	Andere
202610	D-06-23-3	116.0	0.0	116.0	116.0	Andere
202610	D-06-22-3	110.0	0.0	110.0	110.0	Andere
202610	D-06-05-3	100.0	0.0	100.0	100.0	Andere
202610	D-06-06-3	100.0	0.0	100.0	100.0	Andere
202610	D-06-37-3	90.0	0.0	90.0	90.0	Andere
202610	SPI-WINDOW	60.0	0.0	60.0	60.0	Andere
202610	D-06-32-3	33.0	0.0	33.0	33.0	Andere
202610	D-06-44-3	30.8	0.0	30.8	30.8	Andere
202610	D-06-30-3	30.0	0.0	30.0	30.0	Andere
202610	D-06-31-3	40.0	10.0	30.0	30.0	Andere
202610	D-06-48-3	21.0	0.0	21.0	21.0	Andere
202610	A-01-18-1	20.0	0.0	20.0	20.0	Andere
202610	D-06-21-3	20.0	0.0	20.0	20.0	Andere
202610	D-06-34-3	20.0	0.0	20.0	20.0	Andere
202610	D-06-43-3	20.0	0.0	20.0	20.0	Andere
202610	D-06-47-1	18.9	0.0	18.9	18.9	Andere
202610	D-06-35-3	18.0	0.0	18.0	18.0	Andere
202610	D-06-33-3	13.0	0.0	13.0	13.0	Andere
202610	D-06-40-3	22.0	9.0	13.0	13.0	Andere
202610	D-06-27-3	12.0	0.0	12.0	12.0	Andere
202610	D-06-55-3	12.0	0.0	12.0	12.0	Andere
202610	A-01-19-1	10.0	0.0	10.0	10.0	Andere
202610	A-01-38-1	10.0	0.0	10.0	10.0	Andere
202610	D-06-16-1	10.0	0.0	10.0	10.0	Andere
202610	D-06-17-1	0.0	10.0	-10.0	-10.0	Andere
202610	D-06-18-3	10.0	0.0	10.0	10.0	Andere
202610	D-06-20-1	0.0	10.0	-10.0	-10.0	Andere
202610	D-06-20-3	10.0	0.0	10.0	10.0	Andere
202610	D-06-28-3	10.0	0.0	10.0	10.0	Andere
202610	D-06-45-3	10.0	0.0	10.0	10.0	Andere
202610	D-06-46-3	10.0	0.0	10.0	10.0	Andere
202610	D-06-54-3	10.0	0.0	10.0	10.0	Andere
202610	D-06-56-3	10.0	0.0	10.0	10.0	Andere
202610	LOST	9.0	0.0	9.0	9.0	Andere
202610	D-06-20-2	7.0	0.0	7.0	7.0	Andere
202610	D-06-36-1	0.0	6.3	-6.3	-6.3	Andere
202610	D-06-41-3	5.0	0.0	5.0	5.0	Andere
202610	D-06-42-3	5.0	0.0	5.0	5.0	Andere
202610	D-06-45-2	5.0	0.0	5.0	5.0	Andere
202610	D-06-50-3	5.0	0.0	5.0	5.0	Andere
202610	D-06-51-3	5.0	0.0	5.0	5.0	Andere
202610	D-06-53-3	4.0	0.0	4.0	4.0	Andere
202610	D-06-53-2	3.0	0.0	3.0	3.0	Andere
202610	D-06-14-1	0.0	2.5	-2.5	-2.5	Andere
202610	D-06-25-3	2.0	0.0	2.0	2.0	Andere
202610	D-06-15-2	1.0	0.0	1.0	1.0	Andere
202610	D-06-39-2	0.5	0.0	0.5	0.5	Andere
202610	A-01-07-2	0.0	0.0	0.0	0.0	Andere
202610	A-01-29-2	400.0	400.0	0.0	0.0	Andere
202610	A-02-71-3	372.0	372.0	0.0	0.0	Andere
202610	D-06-01-1	0.0	0.0	0.0	0.0	Andere
202610	D-06-03-1	0.0	0.0	0.0	0.0	Andere
202610	D-06-16-2	7.0	7.0	0.0	0.0	Andere
202610	D-06-19-1	742.5	742.5	0.0	0.0	Andere
202610	D-06-21-1	742.5	742.5	0.0	0.0	Andere
202610	D-06-22-1	742.5	742.5	0.0	0.0	Andere
202610	D-06-23-1	742.5	742.5	0.0	0.0	Andere
202610	D-06-24-1	742.5	742.5	0.0	0.0	Andere
202610	D-06-25-1	742.5	742.5	0.0	0.0	Andere
202610	D-06-26-1	742.5	742.5	0.0	0.0	Andere
202610	D-06-27-1	742.5	742.5	0.0	0.0	Andere
202610	D-06-28-1	567.0	567.0	0.0	0.0	Andere
202610	D-06-29-1	742.5	742.5	0.0	0.0	Andere
202610	D-06-29-3	10.0	10.0	0.0	0.0	Andere
202610	D-06-30-1	742.5	742.5	0.0	0.0	Andere
202610	D-06-31-1	742.5	742.5	0.0	0.0	Andere
202610	D-06-32-1	742.5	742.5	0.0	0.0	Andere
202610	D-06-33-1	742.5	742.5	0.0	0.0	Andere
202610	D-06-34-1	742.5	742.5	0.0	0.0	Andere
202610	D-06-35-1	742.5	742.5	0.0	0.0	Andere
202610	D-06-36-3	8.0	8.0	0.0	0.0	Andere
202610	D-06-37-1	0.0	0.0	0.0	0.0	Andere
202610	D-06-38-1	0.0	0.0	0.0	0.0	Andere
202610	D-06-39-1	0.0	0.0	0.0	0.0	Andere
202610	D-06-49-1	0.0	0.0	0.0	0.0	Andere
202610	D-06-49-3	21.0	21.0	0.0	0.0	Andere
202610	D-06-51-1	742.5	742.5	0.0	0.0	Andere
202610	D-06-52-3	10.0	10.0	0.0	0.0	Andere
202610	D-06-55-1	0.0	0.0	0.0	0.0	Andere
202610	D-06-57-3	21.0	21.0	0.0	0.0	Andere
202611	FAGEVERSF	155380.0	0.0	155380.0	155380.0	Andere
202611	D-06-40-1	6262500.0	6177500.0	85000.0	85000.0	Andere
202611	D-06-42-1	0.0	75000.0	-75000.0	-75000.0	Andere
202611	D-06-43-1	0.0	75000.0	-75000.0	-75000.0	Andere
202611	GERMANY	73432.0	0.0	73432.0	73432.0	Andere
202611	FALEHMANNM	18799.0	0.0	18799.0	18799.0	Andere
202611	A-02-62-1	12500.0	0.0	12500.0	12500.0	Andere
202611	FASADEKM	8736.0	0.0	8736.0	8736.0	Andere
202611	FAWIEGHOLDD	8006.0	0.0	8006.0	8006.0	Andere
202611	UNBEKANNT	5403.0	0.0	5403.0	5403.0	Andere
202611	FAMULLERT	3326.0	0.0	3326.0	3326.0	Andere
202611	STGDR-28	2840.0	0.0	2840.0	2840.0	Lager
202611	FAHABAYEBM	2592.0	0.0	2592.0	2592.0	Andere
202611	D-06-41-1	6175000.0	6177500.0	-2500.0	-2500.0	Andere
202611	FAMATTICKT	2270.0	0.0	2270.0	2270.0	Andere
202611	STGDR-27	2134.0	0.0	2134.0	2134.0	Lager
202611	D-06-52-2	1570.0	0.0	1570.0	1570.0	Andere
202611	FAGROTHEERF	1508.0	0.0	1508.0	1508.0	Andere
202611	D-06-56-2	1270.0	0.0	1270.0	1270.0	Andere
202611	FAFURMANNB	1248.0	0.0	1248.0	1248.0	Andere
202611	FZ-02-05-1	1248.0	0.0	1248.0	1248.0	Andere
202611	FZ-02-06-1	1248.0	0.0	1248.0	1248.0	Andere
202611	FZ-02-07-1	1248.0	0.0	1248.0	1248.0	Andere
202611	FZ-02-08-1	1248.0	0.0	1248.0	1248.0	Andere
202611	FZ-02-09-1	1248.0	0.0	1248.0	1248.0	Andere
202611	FZ-02-10-1	1248.0	0.0	1248.0	1248.0	Andere
202611	FZ-02-11-1	1248.0	0.0	1248.0	1248.0	Andere
202611	FZ-02-27-2	1248.0	0.0	1248.0	1248.0	Andere
202611	FZ-02-28-2	1248.0	0.0	1248.0	1248.0	Andere
202611	FZ-02-29-2	1248.0	0.0	1248.0	1248.0	Andere
202611	FZ-02-30-2	1248.0	0.0	1248.0	1248.0	Andere
202611	FZ-02-31-2	1248.0	0.0	1248.0	1248.0	Andere
202611	FZ-02-32-2	1248.0	0.0	1248.0	1248.0	Andere
202611	FZ-02-33-1	1248.0	0.0	1248.0	1248.0	Andere
202611	FZ-02-33-2	1248.0	0.0	1248.0	1248.0	Andere
202611	FZ-02-34-1	1248.0	0.0	1248.0	1248.0	Andere
202611	FZ-02-34-2	1248.0	0.0	1248.0	1248.0	Andere
202611	FZ-02-35-1	1248.0	0.0	1248.0	1248.0	Andere
202611	FZ-02-35-2	1248.0	0.0	1248.0	1248.0	Andere
202611	FZ-02-36-2	1248.0	0.0	1248.0	1248.0	Andere
202611	NORDICS	1248.0	0.0	1248.0	1248.0	Andere
202611	D-06-55-2	1850.0	700.0	1150.0	1150.0	Andere
202611	D-06-51-2	851.68	0.0	851.68	851.68	Andere
202611	D-06-53-2	850.0	0.0	850.0	850.0	Andere
202611	A-02-48-2	800.0	0.0	800.0	800.0	Andere
202611	GC-02-04-1	660.0	0.0	660.0	660.0	Andere
202611	FZ-01-10-2	630.0	0.0	630.0	630.0	Andere
202611	P-04-12-2	462.0	0.0	462.0	462.0	Andere
202611	FAHANSENMA	416.0	0.0	416.0	416.0	Andere
202611	A-02-28-2	400.0	0.0	400.0	400.0	Andere
202611	A-02-29-2	400.0	0.0	400.0	400.0	Andere
202611	A-02-37-2	400.0	0.0	400.0	400.0	Andere
202611	A-02-38-2	400.0	0.0	400.0	400.0	Andere
202611	A-02-54-1	400.0	0.0	400.0	400.0	Andere
202611	A-02-56-2	400.0	0.0	400.0	400.0	Andere
202611	A-02-57-2	400.0	0.0	400.0	400.0	Andere
202611	A-02-58-2	400.0	0.0	400.0	400.0	Andere
202611	A-02-59-2	800.0	400.0	400.0	400.0	Andere
202611	A-02-60-2	400.0	0.0	400.0	400.0	Andere
202611	ADJ LOC	360.0	0.0	360.0	360.0	Andere
202611	FZ-01-04-2	360.0	0.0	360.0	360.0	Andere
202611	FZ-01-06-2	360.0	0.0	360.0	360.0	Andere
202611	FZ-01-07-2	360.0	0.0	360.0	360.0	Andere
202611	FZ-01-09-2	360.0	0.0	360.0	360.0	Andere
202611	FZ-01-11-2	360.0	0.0	360.0	360.0	Andere
202611	FZ-01-12-2	360.0	0.0	360.0	360.0	Andere
202611	FZ-01-19-1	360.0	0.0	360.0	360.0	Andere
202611	FZ-02-03-3	360.0	0.0	360.0	360.0	Andere
202611	FZ-02-06-2	360.0	0.0	360.0	360.0	Andere
202611	FZ-02-09-2	360.0	0.0	360.0	360.0	Andere
202611	FZ-02-10-2	360.0	0.0	360.0	360.0	Andere
202611	FZ-02-17-2	360.0	0.0	360.0	360.0	Andere
202611	FZ-02-40-3	360.0	0.0	360.0	360.0	Andere
202611	LOST	360.0	0.0	360.0	360.0	Andere
202611	A-01-05-1	280.0	0.0	280.0	280.0	Andere
202611	A-02-114-2	264.0	0.0	264.0	264.0	Andere
202611	A-02-80-1	264.0	0.0	264.0	264.0	Andere
202611	A-02-95-1	264.0	0.0	264.0	264.0	Andere
202611	A-02-102-2	192.0	0.0	192.0	192.0	Andere
202611	A-02-103-2	192.0	0.0	192.0	192.0	Andere
202611	A-02-93-1	192.0	0.0	192.0	192.0	Andere
202611	A-02-96-1	192.0	0.0	192.0	192.0	Andere
202611	D-06-09-1	21700.04	21512.26	187.78	187.78	Andere
202611	A-02-52-2	180.0	0.0	180.0	180.0	Andere
202611	A-02-55-1	132.0	0.0	132.0	132.0	Andere
202611	A-02-85-1	264.0	132.0	132.0	132.0	Andere
202611	A-02-89-1	132.0	0.0	132.0	132.0	Andere
202611	A-02-90-1	264.0	132.0	132.0	132.0	Andere
202611	A-02-105-1	96.0	0.0	96.0	96.0	Andere
202611	A-02-94-1	96.0	0.0	96.0	96.0	Andere
202611	A-02-56-1	80.0	0.0	80.0	80.0	Andere
202611	A-02-57-1	80.0	0.0	80.0	80.0	Andere
202611	GC-02-06-1	66.0	0.0	66.0	66.0	Andere
202611	P-04-07-2	56.0	0.0	56.0	56.0	Andere
202611	A-02-44-1	50.0	0.0	50.0	50.0	Andere
202611	STGDR-85	45.0	0.0	45.0	45.0	Lager
202611	D-06-11-1	45.0	5.0	40.0	40.0	Andere
202611	D-06-13-1	30.0	0.0	30.0	30.0	Andere
202611	PH-02-07	0.0	24.0	-24.0	-24.0	Andere
202611	PROD RTN	24.0	0.0	24.0	24.0	Andere
202611	D-06-54-2	15.0	0.0	15.0	15.0	Andere
202611	D-06-05-1	156.8	162.4	-5.6	-5.6	Andere
202611	D-06-10-1	815.24	819.82	-4.58	-4.58	Andere
202611	A-01-01-1	180.0	180.0	0.0	0.0	Andere
202611	A-01-04-1	45.0	45.0	0.0	0.0	Andere
202611	D-06-07-1	600.0	600.0	0.0	0.0	Andere
202611	D-06-08-1	336.0	336.0	0.0	0.0	Andere
202611	D-06-12-1	819.82	819.82	0.0	0.0	Andere
202611	D-06-15-1	0.0	0.0	0.0	0.0	Andere
202611	D-06-18-1	0.0	0.0	0.0	0.0	Andere
202611	FZ-01-05-2	0.0	0.0	0.0	0.0	Andere
202611	FZ-01-08-2	0.0	0.0	0.0	0.0	Andere
202611	FZ-01-12-3	0.0	0.0	0.0	0.0	Andere
202611	FZ-02-01-2	360.0	360.0	0.0	0.0	Andere
202611	FZ-02-01-3	0.0	0.0	0.0	0.0	Andere
202611	FZ-02-02-3	0.0	0.0	0.0	0.0	Andere
202611	FZ-02-16-2	0.0	0.0	0.0	0.0	Andere
202611	FZ-02-17-3	0.0	0.0	0.0	0.0	Andere
202611	FZ-02-26-1	0.0	0.0	0.0	0.0	Andere
202611	FZ-02-27-1	0.0	0.0	0.0	0.0	Andere
202611	STGDR-29	0.0	0.0	0.0	0.0	Lager
202612	FAHANSENMA	924.0	0.0	924.0	924.0	Andere
202612	P-04-02-2	462.0	0.0	462.0	462.0	Andere
202612	P-04-08-2	462.0	0.0	462.0	462.0	Andere
202612	D-06-18-3	320.0	70.0	250.0	250.0	Andere
202612	FAMULLERT	172.0	0.0	172.0	172.0	Andere
202612	P-04-03-2	172.0	0.0	172.0	172.0	Andere
202612	FAGROTHEERF	165.0	0.0	165.0	165.0	Andere
202612	D-06-19-3	195.0	35.0	160.0	160.0	Andere
202612	FAMATTICKT	138.0	0.0	138.0	138.0	Andere
202612	FALEHMANNM	108.0	0.0	108.0	108.0	Andere
202612	D-06-17-3	90.0	0.0	90.0	90.0	Andere
202612	D-06-13-2	84.0	0.0	84.0	84.0	Andere
202612	LOST	84.0	0.0	84.0	84.0	Andere
202612	A-01-43-1	72.0	0.0	72.0	72.0	Andere
202612	D-06-17-2	60.0	0.0	60.0	60.0	Andere
202612	A-02-41-1	36.0	0.0	36.0	36.0	Andere
202612	D-06-15-2	36.0	0.0	36.0	36.0	Andere
202612	D-06-20-3	18.0	0.0	18.0	18.0	Andere
202612	FZ-01-28-1	14.0	0.0	14.0	14.0	Andere
202612	D-06-45-1	0.0	10.0	-10.0	-10.0	Andere
202612	FZ-01-24-1	0.0	10.0	-10.0	-10.0	Andere
202612	D-06-16-2	84.0	84.0	0.0	0.0	Andere
202612	FZ-01-25-1	0.0	0.0	0.0	0.0	Andere
202612	FZ-01-27-1	0.0	0.0	0.0	0.0	Andere
202612	FZ-01-29-1	0.0	0.0	0.0	0.0	Andere
202612	FZ-01-30-1	0.0	0.0	0.0	0.0	Andere
202612	FZ-01-31-1	0.0	0.0	0.0	0.0	Andere
202612	P-04-04-2	0.0	0.0	0.0	0.0	Andere
202612	P-04-05-2	0.0	0.0	0.0	0.0	Andere
202612	P-04-06-2	0.0	0.0	0.0	0.0	Andere
202612	STGDR-27	0.0	0.0	0.0	0.0	Lager
202613	PCK-GER	430000000.0	0.0	430000000.0	430000000.0	Andere
202613	PCK-NO	140000000.0	0.0	140000000.0	140000000.0	Andere
202613	FAWIEGHOLDD	15872.5	0.0	15872.5	15872.5	Andere
202613	FAGEVERSF	8726.0	0.0	8726.0	8726.0	Andere
202613	UNBEKANNT	8277.5	0.0	8277.5	8277.5	Andere
202613	A-01-02-1	7560.0	0.0	7560.0	7560.0	Andere
202613	A-01-03-1	7560.0	0.0	7560.0	7560.0	Andere
202613	FALEHMANNM	6228.0	0.0	6228.0	6228.0	Andere
202613	FAGROTHEERF	4860.0	0.0	4860.0	4860.0	Andere
202613	A-02-101-1	2800.0	0.0	2800.0	2800.0	Andere
202613	FAMATTICKT	752.5	0.0	752.5	752.5	Andere
202613	STGDR-27	752.5	0.0	752.5	752.5	Lager
202613	D-06-37-2	682.5	0.0	682.5	682.5	Andere
202613	LOST	637.5	0.0	637.5	637.5	Andere
202613	A-01-01-2	400.0	0.0	400.0	400.0	Andere
202613	A-01-01-4	400.0	0.0	400.0	400.0	Andere
202613	A-01-02-2	400.0	0.0	400.0	400.0	Andere
202613	A-01-02-4	400.0	0.0	400.0	400.0	Andere
202613	A-01-03-2	400.0	0.0	400.0	400.0	Andere
202613	A-01-08-1	400.0	0.0	400.0	400.0	Andere
202613	A-01-09-1	400.0	0.0	400.0	400.0	Andere
202613	A-01-11-1	400.0	0.0	400.0	400.0	Andere
202613	A-01-13-1	400.0	0.0	400.0	400.0	Andere
202613	A-01-14-1	400.0	0.0	400.0	400.0	Andere
202613	A-01-18-1	400.0	0.0	400.0	400.0	Andere
202613	A-01-26-1	400.0	0.0	400.0	400.0	Andere
202613	A-01-26-2	400.0	0.0	400.0	400.0	Andere
202613	A-01-27-1	400.0	0.0	400.0	400.0	Andere
202613	A-01-29-1	400.0	0.0	400.0	400.0	Andere
202613	A-01-37-2	400.0	0.0	400.0	400.0	Andere
202613	A-02-39-2	400.0	0.0	400.0	400.0	Andere
202613	A-02-41-2	400.0	0.0	400.0	400.0	Andere
202613	A-02-47-3	400.0	0.0	400.0	400.0	Andere
202613	A-02-49-3	400.0	0.0	400.0	400.0	Andere
202613	A-02-53-3	400.0	0.0	400.0	400.0	Andere
202613	A-02-54-2	400.0	0.0	400.0	400.0	Andere
202613	NORDICS	400.0	0.0	400.0	400.0	Andere
202613	A-02-29-4	372.0	0.0	372.0	372.0	Andere
202613	A-02-34-4	372.0	0.0	372.0	372.0	Andere
202613	A-02-67-2	372.0	0.0	372.0	372.0	Andere
202613	A-02-70-2	372.0	0.0	372.0	372.0	Andere
202613	A-02-72-2	372.0	0.0	372.0	372.0	Andere
202613	A-02-73-3	372.0	0.0	372.0	372.0	Andere
202613	A-02-77-1	372.0	0.0	372.0	372.0	Andere
202613	A-02-79-2	372.0	0.0	372.0	372.0	Andere
202613	A-02-82-1	372.0	0.0	372.0	372.0	Andere
202613	A-02-93-2	372.0	0.0	372.0	372.0	Andere
202613	A-02-120-1	336.0	0.0	336.0	336.0	Andere
202613	FADIKELISA	325.5	0.0	325.5	325.5	Andere
202613	P-04-15-2	614.0	308.0	306.0	306.0	Andere
202613	A-02-110-1	264.0	0.0	264.0	264.0	Andere
202613	SPI-WINDOW	216.5	0.0	216.5	216.5	Andere
202613	A-01-10-1	200.0	0.0	200.0	200.0	Andere
202613	A-02-14-3	200.0	0.0	200.0	200.0	Andere
202613	A-02-15-3	200.0	0.0	200.0	200.0	Andere
202613	A-01-12-1	180.0	0.0	180.0	180.0	Andere
202613	A-01-15-1	180.0	0.0	180.0	180.0	Andere
202613	A-01-16-1	180.0	0.0	180.0	180.0	Andere
202613	A-01-27-3	180.0	0.0	180.0	180.0	Andere
202613	A-01-28-1	180.0	0.0	180.0	180.0	Andere
202613	A-02-45-2	180.0	0.0	180.0	180.0	Andere
202613	A-02-53-2	180.0	0.0	180.0	180.0	Andere
202613	A-02-119-1	168.0	0.0	168.0	168.0	Andere
202613	A-01-21-1	160.0	0.0	160.0	160.0	Andere
202613	A-01-24-1	140.0	0.0	140.0	140.0	Andere
202613	A-02-109-1	132.0	0.0	132.0	132.0	Andere
202613	A-02-43-1	132.0	0.0	132.0	132.0	Andere
202613	A-02-50-1	120.0	0.0	120.0	120.0	Andere
202613	A-02-52-1	120.0	0.0	120.0	120.0	Andere
202613	FAHANSENMA	111.0	0.0	111.0	111.0	Andere
202613	A-01-25-1	100.0	0.0	100.0	100.0	Andere
202613	A-02-49-1	100.0	0.0	100.0	100.0	Andere
202613	GERMANY	100.0	0.0	100.0	100.0	Andere
202613	A-02-94-1	96.0	0.0	96.0	96.0	Andere
202613	A-01-22-1	70.0	0.0	70.0	70.0	Andere
202613	D-06-38-2	70.0	0.0	70.0	70.0	Andere
202613	D-06-39-2	682.5	612.5	70.0	70.0	Andere
202613	FAKOCHMAT	66.0	0.0	66.0	66.0	Andere
202613	D-06-22-3	50.0	0.0	50.0	50.0	Andere
202613	A-01-23-1	40.0	0.0	40.0	40.0	Andere
202613	A-02-55-1	40.0	0.0	40.0	40.0	Andere
202613	FAMYTKOVF1	31.0	0.0	31.0	31.0	Andere
202613	A-02-53-1	30.0	0.0	30.0	30.0	Andere
202613	D-06-06-1	25.0	0.0	25.0	25.0	Andere
202613	PRODUCTION	22.5	0.0	22.5	22.5	Andere
202613	D-06-52-1	21.0	0.0	21.0	21.0	Andere
202613	D-06-57-2	21.0	0.0	21.0	21.0	Andere
202613	A-02-42-1	20.0	0.0	20.0	20.0	Andere
202613	D-06-05-3	20.0	0.0	20.0	20.0	Andere
202613	D-06-06-3	20.0	0.0	20.0	20.0	Andere
202613	D-06-18-2	20.0	0.0	20.0	20.0	Andere
202613	D-06-28-3	20.0	0.0	20.0	20.0	Andere
202613	D-06-33-3	20.0	0.0	20.0	20.0	Andere
202613	D-06-41-3	20.0	0.0	20.0	20.0	Andere
202613	FAVOSSPAS	20.0	0.0	20.0	20.0	Andere
202613	D-06-12-3	17.0	0.0	17.0	17.0	Andere
202613	D-06-35-3	16.0	0.0	16.0	16.0	Andere
202613	D-06-38-3	14.0	0.0	14.0	14.0	Andere
202613	D-06-56-2	11.0	0.0	11.0	11.0	Andere
202613	PROD RTN	11.0	0.0	11.0	11.0	Andere
202613	A-02-76-1	10.0	0.0	10.0	10.0	Andere
202613	D-01-02-1	10.0	0.0	10.0	10.0	Andere
202613	D-01-03-1	10.0	0.0	10.0	10.0	Andere
202613	D-06-16-1	10.0	0.0	10.0	10.0	Andere
202613	D-06-17-3	10.0	0.0	10.0	10.0	Andere
202613	D-06-24-3	10.0	0.0	10.0	10.0	Andere
202613	D-06-26-2	10.0	0.0	10.0	10.0	Andere
202613	D-06-36-3	10.0	0.0	10.0	10.0	Andere
202613	D-06-37-3	10.0	0.0	10.0	10.0	Andere
202613	D-06-51-3	10.0	0.0	10.0	10.0	Andere
202613	D-06-09-3	9.0	0.0	9.0	9.0	Andere
202613	D-06-08-3	8.0	0.0	8.0	8.0	Andere
202613	D-06-09-2	8.0	0.0	8.0	8.0	Andere
202613	D-06-13-3	9.0	1.0	8.0	8.0	Andere
202613	P-04-01-2	12.0	4.0	8.0	8.0	Andere
202613	FADKLOMP	4.8	0.0	4.8	4.8	Andere
202613	D-06-15-3	4.0	0.0	4.0	4.0	Andere
202613	D-06-39-3	4.0	0.0	4.0	4.0	Andere
202613	D-06-16-3	3.0	0.0	3.0	3.0	Andere
202613	PLH-01-09	2.8	0.0	2.8	2.8	Fulfillment
202613	PREB-01	3.0	0.2	2.8	2.8	Prep/Plating
202613	PostB-01	2.8	0.0	2.8	2.8	Prep/Plating
202613	D-06-14-1	2.5	0.0	2.5	2.5	Andere
202613	DEBOXWIP	0.0	1.36	-1.36	-1.36	Prep/Plating
202613	D-06-07-3	1.0	0.0	1.0	1.0	Andere
202613	D-06-10-3	1.0	0.0	1.0	1.0	Andere
202613	D-06-14-3	1.0	0.0	1.0	1.0	Andere
202613	D-06-55-2	1.0	0.0	1.0	1.0	Andere
202613	D-06-29-3	0.5	0.0	0.5	0.5	Andere
202613	ASL1-STG1	0.01	0.0	0.01	0.01	Andere
202613	SP-01-01-1	0.01	0.0	0.01	0.01	Andere
202613	SP-01-02-1	0.0	0.0	0.0	0.0	Andere
202613	SP-01-01-2	0.0	0.0	0.0	0.0	Andere
202613	SP-02-01-2	0.0	0.0	0.0	0.0	Andere
202613	SP-02-03-2	0.0	0.0	0.0	0.0	Andere
202613	SP-02-04-2	0.0	0.0	0.0	0.0	Andere
202613	SP-01-02-2	0.0	0.0	0.0	0.0	Andere
202613	SP-01-03-1	0.0	0.0	0.0	0.0	Andere
202613	SP-01-03-2	0.0	0.0	0.0	0.0	Andere
202613	SP-01-03-3	0.0	0.0	0.0	0.0	Andere
202613	SP-02-01-1	0.0	0.0	0.0	0.0	Andere
202613	SP-02-03-1	0.0	0.0	0.0	0.0	Andere
202613	SP-02-04-1	0.0	0.0	0.0	0.0	Andere
202613	SP-01-01-3	0.0	0.0	0.0	0.0	Andere
202613	SP-01-02-3	0.0	0.0	0.0	0.0	Andere
202613	SP-01-04-1	0.0	0.0	0.0	0.0	Andere
202613	SP-02-01-3	0.0	0.0	0.0	0.0	Andere
202613	SP-02-02-1	0.0	0.0	0.0	0.0	Andere
202613	SP-02-02-2	0.0	0.0	0.0	0.0	Andere
202613	SP-02-02-3	0.0	0.0	0.0	0.0	Andere
202613	SP-02-03-3	0.0	0.0	0.0	0.0	Andere
202613	SP-02-04-3	0.0	0.0	0.0	0.0	Andere
202613	SP-02-05-1	0.0	0.0	0.0	0.0	Andere
202613	SP-02-05-2	0.0	0.0	0.0	0.0	Andere
202613	SP-02-05-3	0.0	0.0	0.0	0.0	Andere
202613	A-01-03-4	0.0	0.0	0.0	0.0	Andere
202613	A-01-07-4	0.0	0.0	0.0	0.0	Andere
202613	A-01-08-4	0.0	0.0	0.0	0.0	Andere
202613	A-01-09-3	0.0	0.0	0.0	0.0	Andere
202613	A-01-09-4	0.0	0.0	0.0	0.0	Andere
202613	A-01-10-4	0.0	0.0	0.0	0.0	Andere
202613	A-01-11-4	0.0	0.0	0.0	0.0	Andere
202613	A-01-12-4	0.0	0.0	0.0	0.0	Andere
202613	A-01-14-4	0.0	0.0	0.0	0.0	Andere
202613	A-01-15-4	0.0	0.0	0.0	0.0	Andere
202613	A-01-16-4	0.0	0.0	0.0	0.0	Andere
202613	A-01-18-3	0.0	0.0	0.0	0.0	Andere
202613	A-01-26-3	0.0	0.0	0.0	0.0	Andere
202613	D-06-04-3	1.0	1.0	0.0	0.0	Andere
202613	D-06-11-3	1.0	1.0	0.0	0.0	Andere
202613	D-06-46-1	0.0	0.0	0.0	0.0	Andere
202613	P-04-14-2	2.0	2.0	0.0	0.0	Andere
202613	STGDR-29	0.0	0.0	0.0	0.0	Lager
202614	PRODUCTION	45904.0	0.0	45904.0	45904.0	Andere
202614	FALEHMANNM	37521.0	0.0	37521.0	37521.0	Andere
202614	A-01-01-1	19360.0	0.0	19360.0	19360.0	Andere
202614	FAGEVERSF	9554.0	0.0	9554.0	9554.0	Andere
202614	FAWIEGHOLDD	9228.0	0.0	9228.0	9228.0	Andere
202614	UNBEKANNT	8189.1	0.0	8189.1	8189.1	Andere
202614	STGDR-85	5468.0	0.0	5468.0	5468.0	Lager
202614	A-02-60-1	5248.0	0.0	5248.0	5248.0	Andere
202614	A-01-14-1	5000.0	0.0	5000.0	5000.0	Andere
202614	FAZALOGD	4680.0	0.0	4680.0	4680.0	Andere
202614	FAGROTHEERF	4547.0	0.0	4547.0	4547.0	Andere
202614	A-02-61-1	4210.0	0.0	4210.0	4210.0	Andere
202614	PROD RTN	3011.0	0.0	3011.0	3011.0	Andere
202614	GERMANY	1952.0	0.0	1952.0	1952.0	Andere
202614	LOST	1082.0	0.0	1082.0	1082.0	Andere
202614	FAHANSENMA	744.0	0.0	744.0	744.0	Andere
202614	FAHABAYEBM	654.0	0.0	654.0	654.0	Andere
202614	A-02-76-2	558.0	0.0	558.0	558.0	Andere
202614	A-01-17-1	500.0	0.0	500.0	500.0	Andere
202614	FABURAUK	468.0	0.0	468.0	468.0	Fulfillment
202614	FZ-01-04-1	468.0	0.0	468.0	468.0	Andere
202614	FZ-01-05-1	468.0	0.0	468.0	468.0	Andere
202614	FZ-01-06-1	468.0	0.0	468.0	468.0	Andere
202614	FZ-01-07-1	468.0	0.0	468.0	468.0	Andere
202614	FZ-01-08-1	468.0	0.0	468.0	468.0	Andere
202614	FZ-01-09-1	468.0	0.0	468.0	468.0	Andere
202614	FZ-01-10-1	468.0	0.0	468.0	468.0	Andere
202614	FZ-01-11-1	468.0	0.0	468.0	468.0	Andere
202614	FZ-01-12-1	468.0	0.0	468.0	468.0	Andere
202614	FZ-02-02-1	468.0	0.0	468.0	468.0	Andere
202614	FZ-02-03-1	468.0	0.0	468.0	468.0	Andere
202614	FZ-02-32-1	468.0	0.0	468.0	468.0	Andere
202614	FZ-02-36-1	468.0	0.0	468.0	468.0	Andere
202614	FZ-02-37-1	468.0	0.0	468.0	468.0	Andere
202614	FZ-02-38-1	468.0	0.0	468.0	468.0	Andere
202614	FZ-02-39-1	468.0	0.0	468.0	468.0	Andere
202614	FZ-02-40-1	468.0	0.0	468.0	468.0	Andere
202614	FZ-02-41-1	468.0	0.0	468.0	468.0	Andere
202614	FZ-02-42-2	468.0	0.0	468.0	468.0	Andere
202614	D-06-11-2	420.0	0.0	420.0	420.0	Andere
202614	A-01-07-3	400.0	0.0	400.0	400.0	Andere
202614	A-01-12-1	400.0	0.0	400.0	400.0	Andere
202614	A-02-36-2	400.0	0.0	400.0	400.0	Andere
202614	A-02-54-1	400.0	0.0	400.0	400.0	Andere
202614	A-02-66-2	400.0	0.0	400.0	400.0	Andere
202614	FASCHRADERS	400.0	0.0	400.0	400.0	Andere
202614	A-02-106-1	372.0	0.0	372.0	372.0	Andere
202614	A-02-114-1	372.0	0.0	372.0	372.0	Andere
202614	A-02-67-1	372.0	0.0	372.0	372.0	Andere
202614	A-02-68-1	372.0	0.0	372.0	372.0	Andere
202614	A-02-69-1	372.0	0.0	372.0	372.0	Andere
202614	A-02-69-2	372.0	0.0	372.0	372.0	Andere
202614	A-02-70-1	372.0	0.0	372.0	372.0	Andere
202614	A-02-71-1	372.0	0.0	372.0	372.0	Andere
202614	A-02-71-3	372.0	0.0	372.0	372.0	Andere
202614	A-02-72-1	372.0	0.0	372.0	372.0	Andere
202614	A-02-73-1	372.0	0.0	372.0	372.0	Andere
202614	A-02-74-1	372.0	0.0	372.0	372.0	Andere
202614	A-02-75-1	372.0	0.0	372.0	372.0	Andere
202614	A-02-76-1	372.0	0.0	372.0	372.0	Andere
202614	A-02-83-1	372.0	0.0	372.0	372.0	Andere
202614	A-02-84-1	372.0	0.0	372.0	372.0	Andere
202614	A-02-86-1	372.0	0.0	372.0	372.0	Andere
202614	A-02-92-1	372.0	0.0	372.0	372.0	Andere
202614	A-02-98-1	372.0	0.0	372.0	372.0	Andere
202614	FAMULLERT	351.0	0.0	351.0	351.0	Andere
202614	A-02-57-1	342.0	0.0	342.0	342.0	Andere
202614	P-04-09-2	308.0	0.0	308.0	308.0	Andere
202614	A-01-11-1	280.0	0.0	280.0	280.0	Andere
202614	FZ-01-32-2	270.0	0.0	270.0	270.0	Andere
202614	A-02-59-1	266.0	0.0	266.0	266.0	Andere
202614	FAMATTICKT	265.0	0.0	265.0	265.0	Andere
202614	A-02-47-1	220.0	0.0	220.0	220.0	Andere
202614	FZ-01-33-2	440.0	220.0	220.0	220.0	Andere
202614	A-02-46-1	200.0	0.0	200.0	200.0	Andere
202614	A-02-65-2	200.0	0.0	200.0	200.0	Andere
202614	A-02-78-1	186.0	0.0	186.0	186.0	Andere
202614	A-02-79-1	186.0	0.0	186.0	186.0	Andere
202614	A-02-48-1	160.0	0.0	160.0	160.0	Andere
202614	A-02-55-1	160.0	0.0	160.0	160.0	Andere
202614	A-01-10-1	150.0	0.0	150.0	150.0	Andere
202614	A-02-53-1	150.0	0.0	150.0	150.0	Andere
202614	A-01-08-1	140.0	0.0	140.0	140.0	Andere
202614	A-01-20-1	120.0	0.0	120.0	120.0	Andere
202614	A-02-56-1	115.0	0.0	115.0	115.0	Andere
202614	P-04-10-2	112.0	0.0	112.0	112.0	Andere
202614	A-01-05-1	100.0	0.0	100.0	100.0	Andere
202614	A-01-19-1	100.0	0.0	100.0	100.0	Andere
202614	A-01-23-2	100.0	0.0	100.0	100.0	Andere
202614	A-02-39-1	100.0	0.0	100.0	100.0	Andere
202614	A-02-41-1	100.0	0.0	100.0	100.0	Andere
202614	P-04-12-3	110.0	10.0	100.0	100.0	Andere
202614	P-04-06-1	90.0	0.0	90.0	90.0	Andere
202614	STGDR-27	87.0	0.0	87.0	87.0	Lager
202614	A-02-37-1	80.0	0.0	80.0	80.0	Andere
202614	A-02-52-2	80.0	0.0	80.0	80.0	Andere
202614	P-04-11-3	90.0	10.0	80.0	80.0	Andere
202614	P-04-14-3	74.0	0.0	74.0	74.0	Andere
202614	A-02-64-1	70.0	0.0	70.0	70.0	Andere
202614	D-06-07-2	66.0	0.0	66.0	66.0	Andere
202614	D-06-57-1	66.0	0.0	66.0	66.0	Andere
202614	A-02-62-1	65.0	0.0	65.0	65.0	Andere
202614	GC-02-05-2	63.0	0.0	63.0	63.0	Andere
202614	A-02-38-1	60.0	0.0	60.0	60.0	Andere
202614	A-02-51-1	60.0	0.0	60.0	60.0	Andere
202614	A-02-40-1	50.0	0.0	50.0	50.0	Andere
202614	A-02-58-1	50.0	0.0	50.0	50.0	Andere
202614	P-04-15-3	43.0	0.0	43.0	43.0	Andere
202614	A-02-66-1	40.0	0.0	40.0	40.0	Andere
202614	A-01-45-1	0.0	30.0	-30.0	-30.0	Andere
202614	D-06-14-2	24.0	0.0	24.0	24.0	Andere
202614	A-02-63-1	20.0	0.0	20.0	20.0	Andere
202614	D-06-06-2	15.0	0.0	15.0	15.0	Andere
202614	FASADEKM	14.0	0.0	14.0	14.0	Andere
202614	P-04-13-2	14.0	0.0	14.0	14.0	Andere
202614	D-06-12-2	3.0	0.0	3.0	3.0	Andere
202614	ADJ LOC	1.1	0.0	1.1	1.1	Andere
202614	FADKLOMP	1.1	0.0	1.1	1.1	Andere
202614	VH-03-01	0.1	0.0	0.1	0.1	Andere
202614	DEBOXWIP	0.04	0.0	0.04	0.04	Prep/Plating
202614	A-01-13-4	0.0	0.0	0.0	0.0	Andere
202614	A-02-28-4	186.0	186.0	0.0	0.0	Andere
202614	D-06-10-2	24.0	24.0	0.0	0.0	Andere
202614	D-06-13-2	6.0	6.0	0.0	0.0	Andere
202614	D-06-15-2	20.0	20.0	0.0	0.0	Andere
202614	GC-02-04-2	0.0	0.0	0.0	0.0	Andere
202614	P-04-10-3	449.0	449.0	0.0	0.0	Andere
202614	P-04-13-3	586.0	586.0	0.0	0.0	Andere
202614	PH-02-08	0.0	0.0	0.0	0.0	Andere
202614	Sleeving	0.0	0.0	0.0	0.0	Prep/Plating
202615	UNBEKANNT	510539.0	0.0	510539.0	510539.0	Andere
202615	FALEHMANNM	448348.0	0.0	448348.0	448348.0	Andere
202615	STGDR-85	419818.0	0.0	419818.0	419818.0	Lager
202615	FAHANSENMA	79888.0	0.0	79888.0	79888.0	Andere
202615	STGDR-27	45328.0	0.0	45328.0	45328.0	Lager
202615	PRODUCTION	44825.0	0.0	44825.0	44825.0	Andere
202615	FAWIEGHOLDD	42130.0	0.0	42130.0	42130.0	Andere
202615	SLEEVING	20336.0	0.0	20336.0	20336.0	Prep/Plating
202615	A-02-123-1	19880.0	0.0	19880.0	19880.0	Andere
202615	A-02-120-3	11760.0	0.0	11760.0	11760.0	Andere
202615	A-02-122-1	11760.0	0.0	11760.0	11760.0	Andere
202615	FAMULLERT	8755.0	0.0	8755.0	8755.0	Andere
202615	FATRAOREDA	7296.0	0.0	7296.0	7296.0	Andere
202615	GERMANY	7225.0	0.0	7225.0	7225.0	Andere
202615	A-01-57-2	7000.0	0.0	7000.0	7000.0	Andere
202615	A-01-64-1	7000.0	0.0	7000.0	7000.0	Andere
202615	A-02-127-1	7000.0	0.0	7000.0	7000.0	Andere
202615	STGDR-29	6620.0	0.0	6620.0	6620.0	Lager
202615	A-01-15-3	6856.0	856.0	6000.0	6000.0	Andere
202615	A-01-58-2	5880.0	0.0	5880.0	5880.0	Andere
202615	A-01-62-1	5880.0	0.0	5880.0	5880.0	Andere
202615	FAKUPERWO	3840.0	0.0	3840.0	3840.0	Andere
202615	PH-03-28	1536.0	0.0	1536.0	1536.0	Andere
202615	PROD RTN	1450.0	0.0	1450.0	1450.0	Andere
202615	A-01-15-1	1000.0	0.0	1000.0	1000.0	Andere
202615	FAENDERST	1000.0	0.0	1000.0	1000.0	Andere
202615	A-02-51-1	800.0	0.0	800.0	800.0	Andere
202615	PH-02-02	768.0	0.0	768.0	768.0	Andere
202615	PH-02-03	768.0	0.0	768.0	768.0	Andere
202615	PH-02-04	768.0	0.0	768.0	768.0	Andere
202615	PH-02-10	768.0	0.0	768.0	768.0	Andere
202615	PH-03-01	768.0	0.0	768.0	768.0	Andere
202615	PH-03-19	768.0	0.0	768.0	768.0	Andere
202615	PH-03-20	768.0	0.0	768.0	768.0	Andere
202615	PH-03-21	768.0	0.0	768.0	768.0	Andere
202615	PH-02-06	768.0	12.0	756.0	756.0	Andere
202615	PH-02-11	768.0	64.0	704.0	704.0	Andere
202615	PH-02-07	768.0	100.0	668.0	668.0	Andere
202615	PH-02-09	768.0	101.0	667.0	667.0	Andere
202615	STGDR-28	520.0	0.0	520.0	520.0	Lager
202615	LOST	403.0	0.0	403.0	403.0	Andere
202615	D-06-36-2	400.0	0.0	400.0	400.0	Andere
202615	FAMATTICKT	400.0	0.0	400.0	400.0	Andere
202615	NORDICS	384.0	0.0	384.0	384.0	Andere
202615	PH-02-12	384.0	25.0	359.0	359.0	Andere
202615	PH-02-08	0.0	346.0	-346.0	-346.0	Andere
202615	P-04-02-2	273.0	0.0	273.0	273.0	Andere
202615	GC-02-07-2	260.0	0.0	260.0	260.0	Andere
202615	P-04-07-2	214.0	0.0	214.0	214.0	Andere
202615	GC-02-09-2	0.0	200.0	-200.0	-200.0	Andere
202615	PH-02-21	0.0	183.0	-183.0	-183.0	Andere
202615	A-02-52-1	150.0	0.0	150.0	150.0	Andere
202615	A-02-58-1	150.0	0.0	150.0	150.0	Andere
202615	P-04-08-2	73.0	0.0	73.0	73.0	Andere
202615	FAALIZADEHA	70.0	0.0	70.0	70.0	Andere
202615	PH-02-20	0.0	48.0	-48.0	-48.0	Andere
202615	FADKLOMP	16.0	0.0	16.0	16.0	Andere
202615	GC-02-09-1	16.0	0.0	16.0	16.0	Andere
202615	SPERRLAGER P	192.0	176.0	16.0	16.0	Lager
202615	FZ-01-18-2	14.0	0.0	14.0	14.0	Andere
202615	PH-02-19	0.0	6.0	-6.0	-6.0	Andere
202615	P-04-10-2	5.0	0.0	5.0	5.0	Andere
202615	FABURAUK	4.0	0.0	4.0	4.0	Fulfillment
202615	ADJ LOC	2.0	0.0	2.0	2.0	Andere
202615	D-06-01-2	1.0	0.0	1.0	1.0	Andere
202615	A-01-01-1	0.0	0.0	0.0	0.0	Andere
202615	A-01-04-4	0.0	0.0	0.0	0.0	Andere
202615	A-02-50-1	280.0	280.0	0.0	0.0	Andere
202615	A-02-68-1	352.0	352.0	0.0	0.0	Andere
202615	FZ-01-04-1	0.0	0.0	0.0	0.0	Andere
202615	FZ-01-05-1	0.0	0.0	0.0	0.0	Andere
202615	FZ-01-06-1	0.0	0.0	0.0	0.0	Andere
202615	FZ-01-07-1	0.0	0.0	0.0	0.0	Andere
202615	FZ-01-17-2	0.0	0.0	0.0	0.0	Andere
202615	FZ-01-19-2	0.0	0.0	0.0	0.0	Andere
202615	FZ-01-27-2	0.0	0.0	0.0	0.0	Andere
202615	FZ-01-28-2	0.0	0.0	0.0	0.0	Andere
202615	FZ-01-32-2	0.0	0.0	0.0	0.0	Andere
202615	FZ-02-02-2	0.0	0.0	0.0	0.0	Andere
202615	FZ-02-03-2	0.0	0.0	0.0	0.0	Andere
202615	GC-02-08-2	0.0	0.0	0.0	0.0	Andere
202616	UNBEKANNT	39965.93	0.0	39965.93	39965.93	Andere
202616	FAGROTHEERF	15027.49	0.0	15027.49	15027.49	Andere
202616	D-01-01-1	13128.18	0.0	13128.18	13128.18	Andere
202616	ADJ LOC	12932.92	0.0	12932.92	12932.92	Andere
202616	STGDR-85	12276.0	0.0	12276.0	12276.0	Lager
202616	FAHANSENMA	8518.0	0.0	8518.0	8518.0	Andere
202616	FAALIZADEHA	8436.0	0.0	8436.0	8436.0	Andere
202616	FALEHMANNM	7612.0	0.0	7612.0	7612.0	Andere
202616	STGDR-27	6751.0	0.0	6751.0	6751.0	Lager
202616	P-04-05-1	12641.1	6296.7	6344.4	6344.4	Andere
202616	FZ-01-17-1	12475.0	6225.0	6250.0	6250.0	Andere
202616	LOST	6296.7	400.0	5896.7	5896.7	Andere
202616	FAMULLERT	5507.0	0.0	5507.0	5507.0	Andere
202616	FASCHRADERS	4836.0	0.0	4836.0	4836.0	Andere
202616	PROD RTN	3805.0	0.0	3805.0	3805.0	Andere
202616	STGDR-29	3610.0	0.0	3610.0	3610.0	Lager
202616	PRODUCTION	2832.0	0.0	2832.0	2832.0	Andere
202616	FASADEKM	1860.0	0.0	1860.0	1860.0	Andere
202616	SLEEVING	1746.0	0.0	1746.0	1746.0	Prep/Plating
202616	FAWIEGHOLDD	987.0	0.0	987.0	987.0	Andere
202616	D-06-33-1	742.5	0.0	742.5	742.5	Andere
202616	GC-02-12-1	1000.0	400.0	600.0	600.0	Andere
202616	GC-02-18-1	600.0	35.0	565.0	565.0	Andere
202616	GC-02-13-1	560.0	0.0	560.0	560.0	Andere
202616	GC-02-14-1	560.0	0.0	560.0	560.0	Andere
202616	GC-02-15-1	560.0	0.0	560.0	560.0	Andere
202616	PREB-01	476.69	19.94	456.75	456.75	Prep/Plating
202616	GC-02-10-2	420.0	0.0	420.0	420.0	Andere
202616	A-02-47-1	400.0	0.0	400.0	400.0	Andere
202616	GC-02-19-1	400.0	10.0	390.0	390.0	Andere
202616	A-02-69-2	372.0	0.0	372.0	372.0	Andere
202616	A-02-70-1	372.0	0.0	372.0	372.0	Andere
202616	A-02-71-1	372.0	0.0	372.0	372.0	Andere
202616	A-02-73-1	372.0	0.0	372.0	372.0	Andere
202616	A-02-74-1	372.0	0.0	372.0	372.0	Andere
202616	A-02-75-1	372.0	0.0	372.0	372.0	Andere
202616	A-02-76-1	372.0	0.0	372.0	372.0	Andere
202616	A-02-77-1	372.0	0.0	372.0	372.0	Andere
202616	A-02-78-1	372.0	0.0	372.0	372.0	Andere
202616	A-02-79-1	372.0	0.0	372.0	372.0	Andere
202616	A-02-80-1	372.0	0.0	372.0	372.0	Andere
202616	A-02-81-1	372.0	0.0	372.0	372.0	Andere
202616	A-02-82-1	372.0	0.0	372.0	372.0	Andere
202616	A-02-83-1	372.0	0.0	372.0	372.0	Andere
202616	A-02-84-1	372.0	0.0	372.0	372.0	Andere
202616	A-02-86-1	372.0	0.0	372.0	372.0	Andere
202616	A-02-90-1	372.0	0.0	372.0	372.0	Andere
202616	GC-02-16-1	370.0	0.0	370.0	370.0	Andere
202616	GC-02-10-1	330.0	0.0	330.0	330.0	Andere
202616	GC-02-17-2	315.0	0.0	315.0	315.0	Andere
202616	P-04-02-2	308.0	0.0	308.0	308.0	Andere
202616	GC-02-20-2	285.16	0.0	285.16	285.16	Andere
202616	GC-02-15-2	290.0	15.0	275.0	275.0	Andere
202616	PH-01-12	0.0	269.0	-269.0	-269.0	Andere
202616	PH-01-14	0.0	248.0	-248.0	-248.0	Andere
202616	GC-02-11-1	247.5	0.0	247.5	247.5	Andere
202616	PH-01-13	0.0	222.0	-222.0	-222.0	Andere
202616	GC-02-17-1	400.0	180.0	220.0	220.0	Andere
202616	A-01-09-1	200.0	0.0	200.0	200.0	Andere
202616	GC-02-06-2	200.0	0.0	200.0	200.0	Andere
202616	GC-02-23-1	200.0	5.0	195.0	195.0	Andere
202616	A-02-96-1	186.0	0.0	186.0	186.0	Andere
202616	GERMANY	186.0	0.0	186.0	186.0	Andere
202616	PH-01-11	0.0	176.0	-176.0	-176.0	Andere
202616	A-02-42-1	168.0	0.0	168.0	168.0	Andere
202616	A-01-13-1	160.0	0.0	160.0	160.0	Andere
202616	P-04-08-2	154.0	0.0	154.0	154.0	Andere
202616	A-02-45-1	150.0	0.0	150.0	150.0	Andere
202616	GC-02-04-3	150.0	0.0	150.0	150.0	Andere
202616	GC-02-19-2	150.0	0.0	150.0	150.0	Andere
202616	P-04-07-2	146.0	0.0	146.0	146.0	Andere
202616	A-02-49-1	140.0	0.0	140.0	140.0	Andere
202616	A-02-39-1	132.0	0.0	132.0	132.0	Andere
202616	A-02-41-1	132.0	0.0	132.0	132.0	Andere
202616	GC-02-14-2	120.0	16.0	104.0	104.0	Andere
202616	A-01-08-1	100.0	0.0	100.0	100.0	Andere
202616	A-01-14-1	100.0	0.0	100.0	100.0	Andere
202616	A-02-48-1	100.0	0.0	100.0	100.0	Andere
202616	GC-02-22-2	180.0	80.0	100.0	100.0	Andere
202616	A-02-72-1	96.0	0.0	96.0	96.0	Andere
202616	FAGEVERSF	96.0	0.0	96.0	96.0	Andere
202616	FAKOCHMAT	86.5	0.0	86.5	86.5	Andere
202616	A-02-43-1	80.0	0.0	80.0	80.0	Andere
202616	A-02-44-1	80.0	0.0	80.0	80.0	Andere
202616	FAPETERJ	62.61	0.0	62.61	62.61	Andere
202616	PostB-01	62.61	0.0	62.61	62.61	Prep/Plating
202616	GC-02-16-2	60.0	0.0	60.0	60.0	Andere
202616	PLH-01-09	60.0	0.0	60.0	60.0	Fulfillment
202616	FAMYTKOVF1	52.0	0.0	52.0	52.0	Andere
202616	GC-02-24-2	50.0	0.0	50.0	50.0	Andere
202616	GC-02-20-1	52.0	12.0	40.0	40.0	Andere
202616	GC-02-11-2	555.47	520.0	35.47	35.47	Andere
202616	A-02-60-1	30.0	0.0	30.0	30.0	Andere
202616	GC-02-12-2	40.0	10.0	30.0	30.0	Andere
202616	FADIKELISA	29.23	0.0	29.23	29.23	Andere
202616	A-02-46-1	20.0	0.0	20.0	20.0	Andere
202616	A-02-54-1	20.0	0.0	20.0	20.0	Andere
202616	P-04-03-2	17.0	0.0	17.0	17.0	Andere
202616	GC-02-18-2	15.0	0.0	15.0	15.0	Andere
202616	D-06-28-1	13.5	0.0	13.5	13.5	Andere
202616	P-04-04-1	11.5	0.0	11.5	11.5	Andere
202616	GC-02-21-2	10.0	0.0	10.0	10.0	Andere
202616	GC-02-23-2	100.0	90.0	10.0	10.0	Andere
202616	D-01-02-1	9.1	0.0	9.1	9.1	Andere
202616	FAENDERST	8.0	0.0	8.0	8.0	Andere
202616	P-04-10-2	8.0	0.0	8.0	8.0	Andere
202616	D-06-35-2	7.5	0.0	7.5	7.5	Andere
202616	P-04-06-1	7.1	0.0	7.1	7.1	Andere
202616	GC-02-22-1	13.0	6.0	7.0	7.0	Andere
202616	DEBOXWIP	8.0	1.81	6.19	6.19	Prep/Plating
202616	D-06-44-2	5.0	0.0	5.0	5.0	Andere
202616	FAMATTICKT	5.0	0.0	5.0	5.0	Andere
202616	D-06-07-2	4.2	0.0	4.2	4.2	Andere
202616	PLH-01-03	5.22	2.61	2.61	2.61	Fulfillment
202616	FADKLOMP	1.0	0.0	1.0	1.0	Andere
202616	FAVOSSPAS	1.0	0.0	1.0	1.0	Andere
202616	D-06-29-1	0.0	0.0	0.0	0.0	Andere
202616	PH-02-03	8.0	8.0	0.0	0.0	Andere
202616	PLH-01-10	60.0	60.0	0.0	0.0	Fulfillment
202617	PREB-01	1159985.13	590553.64	569431.49	569431.49	Prep/Plating
202617	DEBOXWIP	91.98	428786.74	-428694.77	-428694.77	Prep/Plating
202617	PostB-01	374126.63	0.0	374126.63	374126.63	Prep/Plating
202617	FAMOHAMMADA	309244.0	0.0	309244.0	309244.0	Andere
202617	FASAUERJAN	154861.07	0.0	154861.07	154861.07	Andere
202617	UNBEKANNT	97899.45	0.0	97899.45	97899.45	Andere
202617	PreB-01	81367.74	0.0	81367.74	81367.74	Prep/Plating
202617	FAHANSENMA	66619.19	0.0	66619.19	66619.19	Andere
202617	PRODUCTION	33312.0	0.0	33312.0	33312.0	Andere
202617	STGDR-27	31144.0	0.0	31144.0	31144.0	Lager
202617	STGDR-85	26579.0	0.0	26579.0	26579.0	Lager
202617	PROD RTN	23244.01	0.0	23244.01	23244.01	Andere
202617	SLEEVING	18144.0	0.0	18144.0	18144.0	Prep/Plating
202617	FAWIEGHOLDD	17318.0	0.0	17318.0	17318.0	Andere
202617	FALEHMANNM	14165.4	0.0	14165.4	14165.4	Andere
202617	FAMULLERT	11449.0	0.0	11449.0	11449.0	Andere
202617	PLH-01-19	10.0	10104.0	-10094.0	-10094.0	Fulfillment
202617	FAGEVERSF	9661.0	0.0	9661.0	9661.0	Andere
202617	STGDR-29	8027.4	0.0	8027.4	8027.4	Lager
202617	FAENDERST	6779.7	0.0	6779.7	6779.7	Andere
202617	ADJ LOC	5914.48	0.0	5914.48	5914.48	Andere
202617	FAHABAYEBM	2854.0	0.0	2854.0	2854.0	Andere
202617	STGDR-30	2652.0	0.0	2652.0	2652.0	Lager
202617	FAGROTHEERF	1570.0	0.0	1570.0	1570.0	Andere
202617	VFBIN-LINE-01	1520.0	0.0	1520.0	1520.0	Andere
202617	PH-03-15	1376.0	0.0	1376.0	1376.0	Andere
202617	LOST	1357.33	10.0	1347.33	1347.33	Andere
202617	FASADEKM	1232.0	0.0	1232.0	1232.0	Andere
202617	PH-03-28	1152.0	0.0	1152.0	1152.0	Andere
202617	P-04-03-2	1000.0	0.0	1000.0	1000.0	Andere
202617	FASAADIB	883.11	0.0	883.11	883.11	Andere
202617	P-04-03-1	824.0	0.0	824.0	824.0	Andere
202617	PH-03-16	768.0	0.0	768.0	768.0	Andere
202617	PH-03-17	768.0	0.0	768.0	768.0	Andere
202617	PH-03-18	768.0	0.0	768.0	768.0	Andere
202617	PH-03-19	768.0	0.0	768.0	768.0	Andere
202617	PH-03-20	768.0	0.0	768.0	768.0	Andere
202617	PH-03-21	768.0	0.0	768.0	768.0	Andere
202617	PH-03-22	768.0	0.0	768.0	768.0	Andere
202617	PH-03-23	768.0	0.0	768.0	768.0	Andere
202617	PH-03-24	768.0	0.0	768.0	768.0	Andere
202617	PH-03-25	768.0	0.0	768.0	768.0	Andere
202617	PLH-01-06	1432.0	708.0	724.0	724.0	Fulfillment
202617	PLH-01-07	1421.0	753.0	668.0	668.0	Fulfillment
202617	P-04-01-1	654.0	0.0	654.0	654.0	Andere
202617	P-04-01-2	616.0	0.0	616.0	616.0	Andere
202617	P-04-13-3	616.0	0.0	616.0	616.0	Andere
202617	P-04-07-2	538.0	0.0	538.0	538.0	Andere
202617	STGDR-28	520.0	0.0	520.0	520.0	Lager
202617	FZ-02-03-1	478.0	0.0	478.0	478.0	Andere
202617	FZ-02-02-1	468.02	0.0	468.02	468.02	Andere
202617	FZ-01-10-1	468.0	0.0	468.0	468.0	Andere
202617	FZ-01-11-3	468.0	0.0	468.0	468.0	Andere
202617	FZ-02-01-1	468.0	0.0	468.0	468.0	Andere
202617	FZ-02-04-1	468.0	0.0	468.0	468.0	Andere
202617	FZ-02-05-1	468.0	0.0	468.0	468.0	Andere
202617	FZ-02-10-1	468.0	0.0	468.0	468.0	Andere
202617	FZ-02-11-1	468.0	0.0	468.0	468.0	Andere
202617	FZ-02-12-1	468.0	0.0	468.0	468.0	Andere
202617	FZ-02-14-1	468.0	0.0	468.0	468.0	Andere
202617	FZ-02-15-1	468.0	0.0	468.0	468.0	Andere
202617	FZ-02-38-1	468.0	0.0	468.0	468.0	Andere
202617	FZ-02-39-1	468.0	0.0	468.0	468.0	Andere
202617	FZ-02-40-1	468.0	0.0	468.0	468.0	Andere
202617	FZ-02-41-1	468.0	0.0	468.0	468.0	Andere
202617	FZ-02-42-1	468.0	0.0	468.0	468.0	Andere
202617	P-04-10-2	462.0	0.0	462.0	462.0	Andere
202617	GC-02-24-2	545.0	105.0	440.0	440.0	Andere
202617	PH-03-14	440.0	0.0	440.0	440.0	Andere
202617	GC-02-16-3	430.0	20.0	410.0	410.0	Andere
202617	GC-02-18-1	435.0	25.0	410.0	410.0	Andere
202617	FAJHOFFVF	401.65	0.0	401.65	401.65	Andere
202617	A-01-05-1	400.0	0.0	400.0	400.0	Andere
202617	A-02-35-2	400.0	0.0	400.0	400.0	Andere
202617	A-02-39-2	400.0	0.0	400.0	400.0	Andere
202617	A-02-40-2	400.0	0.0	400.0	400.0	Andere
202617	A-02-40-3	400.0	0.0	400.0	400.0	Andere
202617	A-02-41-2	400.0	0.0	400.0	400.0	Andere
202617	A-02-43-2	400.0	0.0	400.0	400.0	Andere
202617	A-02-59-4	400.0	0.0	400.0	400.0	Andere
202617	FASCHRADERS	400.0	0.0	400.0	400.0	Andere
202617	PH-02-02	390.0	0.0	390.0	390.0	Andere
202617	NORDICS	384.0	0.0	384.0	384.0	Andere
202617	P-04-01-3	384.0	0.0	384.0	384.0	Andere
202617	P-04-02-3	384.0	0.0	384.0	384.0	Andere
202617	P-04-03-3	384.0	0.0	384.0	384.0	Andere
202617	P-04-04-3	384.0	0.0	384.0	384.0	Andere
202617	P-04-05-3	384.0	0.0	384.0	384.0	Andere
202617	P-04-07-3	384.0	0.0	384.0	384.0	Andere
202617	P-04-08-3	384.0	0.0	384.0	384.0	Andere
202617	P-04-09-3	384.0	0.0	384.0	384.0	Andere
202617	P-04-12-3	384.0	0.0	384.0	384.0	Andere
202617	PH-03-27	384.0	0.0	384.0	384.0	Andere
202617	FZ-01-30-2	380.0	0.0	380.0	380.0	Andere
202617	GC-02-24-3	360.0	0.0	360.0	360.0	Andere
202617	VF-LINE-02	350.0	0.0	350.0	350.0	Fulfillment
202617	P-04-06-3	374.0	26.4	347.6	347.6	Andere
202617	P-04-14-2	308.0	0.0	308.0	308.0	Andere
202617	P-04-15-2	308.0	0.0	308.0	308.0	Andere
202617	FAFURMANNB	300.0	0.0	300.0	300.0	Andere
202617	P-04-09-2	290.0	0.0	290.0	290.0	Andere
202617	P-04-11-2	290.0	0.0	290.0	290.0	Andere
202617	P-04-11-3	290.0	0.0	290.0	290.0	Andere
202617	P-04-12-2	290.0	0.0	290.0	290.0	Andere
202617	A-02-55-1	280.0	0.0	280.0	280.0	Andere
202617	D-06-09-1	250.0	0.0	250.0	250.0	Andere
202617	P-04-02-2	224.0	0.0	224.0	224.0	Andere
202617	FABENIKE	220.0	0.0	220.0	220.0	Fulfillment
202617	PLH-01-02	326.33	114.22	212.12	212.12	Fulfillment
202617	GC-02-19-2	200.0	0.0	200.0	200.0	Andere
202617	PLH-01-08	462.1	262.55	199.55	199.55	Fulfillment
202617	A-01-09-1	180.0	0.0	180.0	180.0	Andere
202617	A-02-36-2	180.0	0.0	180.0	180.0	Andere
202617	A-02-40-4	180.0	0.0	180.0	180.0	Andere
202617	A-02-42-2	180.0	0.0	180.0	180.0	Andere
202617	A-02-61-4	180.0	0.0	180.0	180.0	Andere
202617	A-02-65-4	180.0	0.0	180.0	180.0	Andere
202617	A-02-66-3	360.0	180.0	180.0	180.0	Andere
202617	PLH-02-06	173.0	0.0	173.0	173.0	Fulfillment
202617	FASAUERJ	170.0	0.0	170.0	170.0	Andere
202617	PLH-02-11	369.0	200.0	169.0	169.0	Fulfillment
202617	FZ-01-29-2	160.0	0.0	160.0	160.0	Andere
202617	GC-02-22-2	160.0	0.0	160.0	160.0	Andere
202617	PLH-01-05	252.9	103.95	148.95	148.95	Fulfillment
202617	A-01-06-1	140.0	0.0	140.0	140.0	Andere
202617	FADKLOMP	135.05	0.0	135.05	135.05	Andere
202617	GC-02-23-2	400.0	275.0	125.0	125.0	Andere
202617	GC-03-17-1	0.0	104.0	-104.0	-104.0	Andere
202617	PLH-02-17	188.0	85.0	103.0	103.0	Fulfillment
202617	FAMATTICKT	102.03	0.0	102.03	102.03	Andere
202617	A-01-07-1	100.0	0.0	100.0	100.0	Andere
202617	A-01-08-1	100.0	0.0	100.0	100.0	Andere
202617	PLH-01-12	182.64	84.82	97.82	97.82	Fulfillment
202617	PLH-02-18	154.0	59.0	95.0	95.0	Fulfillment
202617	PLH-04-17	151.0	57.0	94.0	94.0	Fulfillment
202617	GC-02-10-1	102.0	10.0	92.0	92.0	Andere
202617	PLH-01-04	182.3	91.15	91.15	91.15	Fulfillment
202617	GC-02-06-2	90.0	0.0	90.0	90.0	Andere
202617	P-04-08-2	437.0	526.0	-89.0	-89.0	Andere
202617	PLH-01-15	412.57	326.28	86.29	86.28	Fulfillment
202617	PLH-03-01	80.85	0.0	80.85	80.85	Fulfillment
202617	A-02-56-1	80.0	0.0	80.0	80.0	Andere
202617	GC-02-11-3	85.0	5.0	80.0	80.0	Andere
202617	GC-02-14-2	80.0	0.0	80.0	80.0	Andere
202617	PLH-01-03	151.13	75.57	75.57	75.57	Fulfillment
202617	FAPETERJ	71.15	0.0	71.15	71.15	Andere
202617	PLH-01-11	160.67	90.33	70.33	70.33	Fulfillment
202617	A-02-57-1	70.0	0.0	70.0	70.0	Andere
202617	FAFERMAND	70.0	0.0	70.0	70.0	Andere
202617	PLH-04-18	68.0	0.0	68.0	68.0	Fulfillment
202617	PLH-02-09	169.0	103.0	66.0	66.0	Fulfillment
202617	PLH-04-19	66.0	0.0	66.0	66.0	Fulfillment
202617	GC-02-24-1	70.0	5.0	65.0	65.0	Andere
202617	PLH-02-07	166.0	101.0	65.0	65.0	Fulfillment
202617	PLH-03-04	61.1	0.0	61.1	61.1	Fulfillment
202617	PLH-04-16	188.0	128.0	60.0	60.0	Fulfillment
202617	A-02-60-1	50.0	0.0	50.0	50.0	Andere
202617	GC-02-17-1	50.0	0.0	50.0	50.0	Andere
202617	SPI-WINDOW	48.0	0.0	48.0	48.0	Andere
202617	A-02-27-1	45.0	0.0	45.0	45.0	Andere
202617	PLH-04-14	88.0	44.0	44.0	44.0	Fulfillment
202617	PLH-02-04	43.0	0.0	43.0	43.0	Fulfillment
202617	ProDebox-01	555.0	512.0	43.0	43.0	Andere
202617	PLH-03-10	271.85	229.85	42.0	42.0	Fulfillment
202617	PLH-03-09	40.7	0.0	40.7	40.7	Fulfillment
202617	A-02-62-1	40.0	0.0	40.0	40.0	Andere
202617	GC-02-21-1	40.0	0.0	40.0	40.0	Andere
202617	GC-02-23-1	80.0	40.0	40.0	40.0	Andere
202617	PLH-02-16	80.0	40.0	40.0	40.0	Fulfillment
202617	FAKOCHMAT	35.5	0.0	35.5	35.5	Andere
202617	GC-02-20-2	65.0	30.0	35.0	35.0	Andere
202617	PLH-01-13	113.0	80.0	33.0	33.0	Fulfillment
202617	PLH-03-05	32.05	0.0	32.05	32.05	Fulfillment
202617	PLH-03-02	31.85	0.0	31.85	31.85	Fulfillment
202617	A-02-61-1	30.0	0.0	30.0	30.0	Andere
202617	GC-02-08-3	70.0	40.0	30.0	30.0	Andere
202617	PLH-04-13	82.0	52.0	30.0	30.0	Fulfillment
202617	PLH-04-15	58.0	29.0	29.0	29.0	Fulfillment
202617	PLH-02-05	56.0	28.0	28.0	28.0	Fulfillment
202617	GC-02-13-2	30.0	3.0	27.0	27.0	Andere
202617	PLH-03-03	26.66	0.0	26.66	26.66	Fulfillment
202617	FAVOSSPAS	26.04	0.0	26.04	26.04	Andere
202617	PLH-01-09	36.0	10.0	26.0	26.0	Fulfillment
202617	GC-02-17-2	35.0	10.0	25.0	25.0	Andere
202617	PLH-02-14	70.9	48.9	22.0	22.0	Fulfillment
202617	GC-02-16-2	23.0	2.0	21.0	21.0	Andere
202617	PLH-01-10	31.0	10.0	21.0	21.0	Fulfillment
202617	D-06-36-3	20.0	0.0	20.0	20.0	Andere
202617	D-06-39-3	20.0	0.0	20.0	20.0	Andere
202617	D-06-47-3	20.0	0.0	20.0	20.0	Andere
202617	FACAPK	20.0	0.0	20.0	20.0	Fulfillment
202617	FADIKELISA	20.0	0.0	20.0	20.0	Andere
202617	GC-02-10-3	60.0	40.0	20.0	20.0	Andere
202617	GC-02-20-1	40.0	20.0	20.0	20.0	Andere
202617	PLH-02-08	40.0	20.0	20.0	20.0	Fulfillment
202617	GC-02-21-2	219.0	200.0	19.0	19.0	Andere
202617	A-02-59-1	15.0	0.0	15.0	15.0	Andere
202617	GC-03-20-2	15.0	0.0	15.0	15.0	Andere
202617	GC-03-21-2	15.0	0.0	15.0	15.0	Andere
202617	PLH-02-12	59.0	44.0	15.0	15.0	Fulfillment
202617	PLH-02-15	33.18	18.18	15.0	15.0	Fulfillment
202617	GC-03-19-2	13.0	0.0	13.0	13.0	Andere
202617	PLH-02-03	33.0	20.0	13.0	13.0	Fulfillment
202617	SP-01-01-1	12.1	0.0	12.1	12.1	Andere
202617	A-01-45-2	11.0	0.0	11.0	11.0	Andere
202617	FA1HAHMEYERT	10.02	0.0	10.02	10.02	Andere
202617	D-06-08-2	10.0	0.0	10.0	10.0	Andere
202617	D-06-41-3	10.0	0.0	10.0	10.0	Andere
202617	GC-02-18-2	10.0	0.0	10.0	10.0	Andere
202617	PLATING-LINE-01	10.0	0.0	10.0	10.0	Prep/Plating
202617	PLH-02-01	0.0	10.0	-10.0	-10.0	Fulfillment
202617	PLH-02-02	0.0	10.0	-10.0	-10.0	Fulfillment
202617	GC-02-05-2	8.6	0.0	8.6	8.6	Andere
202617	PLH-02-10	120.0	113.0	7.0	7.0	Fulfillment
202617	D-06-52-1	41.25	35.0	6.25	6.25	Andere
202617	D-06-16-2	6.0	0.0	6.0	6.0	Andere
202617	GC-02-09-3	21.0	15.0	6.0	6.0	Andere
202617	D-06-46-2	5.0	0.0	5.0	5.0	Andere
202617	GC-02-13-3	5.0	0.0	5.0	5.0	Andere
202617	PH-02-03	20.0	15.0	5.0	5.0	Andere
202617	GC-02-15-2	4.0	0.0	4.0	4.0	Andere
202617	PLSTG-01	2.02	0.0	2.02	2.02	Andere
202617	VEGGIE	1.0	0.0	1.0	1.0	Fulfillment
202617	PH-02-14	0.04	0.0	0.04	0.04	Andere
202617	PLSTG-03	0.01	0.0	0.01	0.01	Andere
202617	PLSTG-02	0.0	0.0	0.0	0.0	Andere
202617	SP-01-01-3	0.0	0.0	0.0	0.0	Andere
202617	SP-01-02-2	0.0	0.0	0.0	0.0	Andere
202617	SP-01-04-2	0.0	0.0	0.0	0.0	Andere
202617	A-02-39-1	0.0	0.0	0.0	0.0	Andere
202617	D-06-05-1	84.8	84.8	0.0	0.0	Andere
202617	D-06-07-1	0.0	0.0	0.0	0.0	Andere
202617	D-06-08-1	666.4	666.4	0.0	0.0	Andere
202617	D-06-10-1	0.0	0.0	0.0	0.0	Andere
202617	GC-02-04-2	20.0	20.0	0.0	0.0	Andere
202617	GC-02-12-1	400.0	400.0	0.0	0.0	Andere
202617	GC-02-12-3	50.0	50.0	0.0	0.0	Andere
202617	GC-02-22-3	200.0	200.0	0.0	0.0	Andere
202617	GC-03-16-1	210.0	210.0	0.0	0.0	Andere
202617	GC-03-18-1	25.0	25.0	0.0	0.0	Andere
202617	GC-03-19-1	104.0	104.0	0.0	0.0	Andere
202617	GC-03-20-1	170.0	170.0	0.0	0.0	Andere
202617	GC-03-21-1	400.0	400.0	0.0	0.0	Andere
202617	P-04-06-2	0.0	0.0	0.0	0.0	Andere
202617	PLH-01-18	10.0	10.0	0.0	0.0	Fulfillment
202617	PLH-02-13	23.4	23.4	0.0	0.0	Fulfillment
202617	SPERRLAGER P	128.0	128.0	0.0	0.0	Lager
202618	PCK-GER	110000000.0	0.0	110000000.0	110000000.0	Andere
202618	PCK-NO	90000000.0	0.0	90000000.0	90000000.0	Andere
202618	DEBOXWIP	1.34	1645962.4	-1645961.06	-1645961.06	Prep/Plating
202618	UNBEKANNT	1058943.58	0.0	1058943.58	1058943.58	Andere
202618	STGDR-85	856084.0	0.0	856084.0	856084.0	Lager
202618	FAWIEGHOLDD	484965.5	0.0	484965.5	484965.5	Andere
202618	FAKOCHMAT	195175.0	0.0	195175.0	195175.0	Andere
202618	FABENIKE	143163.0	0.0	143163.0	143163.0	Fulfillment
202618	FAGEVERSF	118484.0	0.0	118484.0	118484.0	Andere
202618	FAHABAYEBM	50559.0	0.0	50559.0	50559.0	Andere
202618	ADJ LOC	50044.45	0.0	50044.45	50044.45	Andere
202618	FAJHOFFVF	50025.79	0.0	50025.79	50025.79	Andere
202618	FASCHRADERS	50010.0	0.0	50010.0	50010.0	Andere
202618	FAFURMANNB	27444.0	0.0	27444.0	27444.0	Andere
202618	FASADEKM	25737.0	0.0	25737.0	25737.0	Andere
202618	PRODUCTION	24564.0	0.0	24564.0	24564.0	Andere
202618	STGDR-27	22264.0	0.0	22264.0	22264.0	Lager
202618	STGDR-30	18220.0	0.0	18220.0	18220.0	Lager
202618	STGDR-31	17792.0	0.0	17792.0	17792.0	Lager
202618	FALEHMANNM	17522.0	0.0	17522.0	17522.0	Andere
202618	FAENDERST	16884.0	0.0	16884.0	16884.0	Andere
202618	A-02-01-1	16100.0	0.0	16100.0	16100.0	Andere
202618	A-02-02-1	16100.0	0.0	16100.0	16100.0	Andere
202618	A-02-04-1	16100.0	0.0	16100.0	16100.0	Andere
202618	A-02-05-1	16100.0	0.0	16100.0	16100.0	Andere
202618	A-02-16-1	16100.0	0.0	16100.0	16100.0	Andere
202618	A-02-41-1	16100.0	0.0	16100.0	16100.0	Andere
202618	A-02-46-1	16100.0	0.0	16100.0	16100.0	Andere
202618	A-02-47-1	16100.0	0.0	16100.0	16100.0	Andere
202618	A-02-51-1	16100.0	0.0	16100.0	16100.0	Andere
202618	A-02-13-1	12880.0	0.0	12880.0	12880.0	Andere
202618	A-02-17-1	10120.0	0.0	10120.0	10120.0	Andere
202618	A-02-10-1	5060.0	0.0	5060.0	5060.0	Andere
202618	PROD RTN	4270.56	0.0	4270.56	4270.56	Andere
202618	FZ-02-01-3	2496.0	0.0	2496.0	2496.0	Andere
202618	FZ-02-01-4	2496.0	0.0	2496.0	2496.0	Andere
202618	PH-03-20	2304.0	0.0	2304.0	2304.0	Andere
202618	FAWAHIDM	2010.0	0.0	2010.0	2010.0	Andere
202618	SLEEVING	1568.0	0.0	1568.0	1568.0	Prep/Plating
202618	PH-03-17	1536.0	0.0	1536.0	1536.0	Andere
202618	FAHANSENMA	1418.0	0.0	1418.0	1418.0	Andere
202618	STGDR-29	1258.0	0.0	1258.0	1258.0	Lager
202618	FZ-02-01-1	1248.0	0.0	1248.0	1248.0	Andere
202618	FZ-02-03-4	1248.0	0.0	1248.0	1248.0	Andere
202618	FZ-02-36-2	1248.0	0.0	1248.0	1248.0	Andere
202618	GERMANY	1224.0	0.0	1224.0	1224.0	Andere
202618	PH-03-25	1152.0	0.0	1152.0	1152.0	Andere
202618	PH-03-28	1152.0	0.0	1152.0	1152.0	Andere
202618	PH-01-12	0.0	1005.0	-1005.0	-1005.0	Andere
202618	A-01-12-1	1000.0	0.0	1000.0	1000.0	Andere
202618	A-01-15-1	1000.0	0.0	1000.0	1000.0	Andere
202618	A-02-52-1	1000.0	0.0	1000.0	1000.0	Andere
202618	PostB-01	793.0	0.0	793.0	793.0	Prep/Plating
202618	PREB-01	2737.0	1946.0	791.0	791.0	Prep/Plating
202618	P-04-07-1	780.0	0.0	780.0	780.0	Andere
202618	P-04-08-1	780.0	0.0	780.0	780.0	Andere
202618	PH-03-10	768.0	0.0	768.0	768.0	Andere
202618	PH-03-18	768.0	0.0	768.0	768.0	Andere
202618	PH-03-23	768.0	0.0	768.0	768.0	Andere
202618	PH-03-24	768.0	0.0	768.0	768.0	Andere
202618	FAELMIE	741.13	0.0	741.13	741.13	Andere
202618	P-04-09-1	600.0	30.0	570.0	570.0	Andere
202618	A-02-53-1	500.0	0.0	500.0	500.0	Andere
202618	FZ-02-29-1	468.0	0.0	468.0	468.0	Andere
202618	FZ-02-31-1	468.0	0.0	468.0	468.0	Andere
202618	FZ-02-32-1	468.0	0.0	468.0	468.0	Andere
202618	FZ-02-33-1	468.0	0.0	468.0	468.0	Andere
202618	FZ-02-34-1	468.0	0.0	468.0	468.0	Andere
202618	FZ-02-35-1	468.0	0.0	468.0	468.0	Andere
202618	FZ-02-36-1	468.0	0.0	468.0	468.0	Andere
202618	FZ-02-37-1	468.0	0.0	468.0	468.0	Andere
202618	FZ-02-38-1	468.0	0.0	468.0	468.0	Andere
202618	FZ-02-39-1	468.0	0.0	468.0	468.0	Andere
202618	FZ-02-40-1	468.0	0.0	468.0	468.0	Andere
202618	FZ-02-41-1	468.0	0.0	468.0	468.0	Andere
202618	FZ-02-42-1	468.0	0.0	468.0	468.0	Andere
202618	A-01-34-2	400.0	0.0	400.0	400.0	Andere
202618	A-01-35-2	400.0	0.0	400.0	400.0	Andere
202618	A-02-39-3	400.0	0.0	400.0	400.0	Andere
202618	A-02-55-2	400.0	0.0	400.0	400.0	Andere
202618	A-02-62-4	400.0	0.0	400.0	400.0	Andere
202618	A-02-66-2	400.0	0.0	400.0	400.0	Andere
202618	FAGROTHEERF	400.0	0.0	400.0	400.0	Andere
202618	FATRAOREDA	384.0	0.0	384.0	384.0	Andere
202618	P-04-06-4	384.0	0.0	384.0	384.0	Andere
202618	P-04-07-3	384.0	0.0	384.0	384.0	Andere
202618	P-04-07-4	384.0	0.0	384.0	384.0	Andere
202618	P-04-08-3	384.0	0.0	384.0	384.0	Andere
202618	P-04-08-4	384.0	0.0	384.0	384.0	Andere
202618	P-04-09-3	384.0	0.0	384.0	384.0	Andere
202618	P-04-09-4	384.0	0.0	384.0	384.0	Andere
202618	PH-03-07	384.0	0.0	384.0	384.0	Andere
202618	PH-03-11	384.0	0.0	384.0	384.0	Andere
202618	PH-03-12	384.0	0.0	384.0	384.0	Andere
202618	PH-03-13	384.0	0.0	384.0	384.0	Andere
202618	PH-03-14	384.0	0.0	384.0	384.0	Andere
202618	PH-03-22	384.0	0.0	384.0	384.0	Andere
202618	PH-03-27	384.0	0.0	384.0	384.0	Andere
202618	A-02-70-1	558.0	186.0	372.0	372.0	Andere
202618	FZ-01-31-2	370.0	0.0	370.0	370.0	Andere
202618	A-01-17-3	360.0	0.0	360.0	360.0	Andere
202618	GC-02-19-1	309.15	0.0	309.15	309.15	Andere
202618	A-02-54-1	300.0	0.0	300.0	300.0	Andere
202618	GC-02-22-1	449.57	192.0	257.57	257.57	Andere
202618	FASAADIB	327.0	72.0	255.0	255.0	Andere
202618	PH-01-13	0.0	241.0	-241.0	-241.0	Andere
202618	GC-02-18-1	205.0	0.0	205.0	205.0	Andere
202618	A-02-19-2	200.0	0.0	200.0	200.0	Andere
202618	A-02-28-4	186.0	0.0	186.0	186.0	Andere
202618	FAFERMAND	181.0	0.0	181.0	181.0	Andere
202618	A-01-10-1	180.0	0.0	180.0	180.0	Andere
202618	A-01-18-2	180.0	0.0	180.0	180.0	Andere
202618	A-01-32-3	180.0	0.0	180.0	180.0	Andere
202618	A-02-49-4	180.0	0.0	180.0	180.0	Andere
202618	A-02-58-4	180.0	0.0	180.0	180.0	Andere
202618	A-02-64-2	180.0	0.0	180.0	180.0	Andere
202618	PH-01-14	0.0	172.0	-172.0	-172.0	Andere
202618	A-02-118-1	168.0	0.0	168.0	168.0	Andere
202618	P-04-12-2	151.0	0.0	151.0	151.0	Andere
202618	P-04-08-2	141.0	0.0	141.0	141.0	Andere
202618	GC-02-17-1	171.0	32.0	139.0	139.0	Andere
202618	D-06-09-1	135.0	0.0	135.0	135.0	Andere
202618	A-02-109-1	132.0	0.0	132.0	132.0	Andere
202618	A-02-89-1	132.0	0.0	132.0	132.0	Andere
202618	A-02-99-1	132.0	0.0	132.0	132.0	Andere
202618	VH-02-20	100.0	0.0	100.0	100.0	Andere
202618	GC-02-04-2	104.94	5.0	99.94	99.94	Andere
202618	A-02-72-1	96.0	0.0	96.0	96.0	Andere
202618	PLH-01-10	125.0	31.01	93.99	93.99	Fulfillment
202618	PLH-02-17	72.0	0.0	72.0	72.0	Fulfillment
202618	PLH-01-09	77.0	10.0	67.0	67.0	Fulfillment
202618	SPI-WINDOW	57.5	0.0	57.5	57.5	Andere
202618	PLH-02-09	57.0	0.0	57.0	57.0	Fulfillment
202618	FAMATIKT	50.0	0.0	50.0	50.0	Andere
202618	PLH-01-06	50.0	0.0	50.0	50.0	Fulfillment
202618	PLH-01-11	44.0	0.06	43.94	43.94	Fulfillment
202618	PLH-01-19	42.0	0.0	42.0	42.0	Fulfillment
202618	PLH-01-07	41.0	0.0	41.0	41.0	Fulfillment
202618	PLH-01-13	39.0	0.0	39.0	39.0	Fulfillment
202618	PLH-01-12	36.0	0.0	36.0	36.0	Fulfillment
202618	PLH-02-01	64.0	32.0	32.0	32.0	Fulfillment
202618	GC-02-24-1	30.0	0.0	30.0	30.0	Andere
202618	PLH-01-15	28.0	0.0	28.0	28.0	Fulfillment
202618	D-06-47-2	20.0	0.0	20.0	20.0	Andere
202618	PLH-01-17	20.0	0.0	20.0	20.0	Fulfillment
202618	FACHIRANI	17.5	0.0	17.5	17.5	Fulfillment
202618	PLH-01-05	11.0	0.0	11.0	11.0	Fulfillment
202618	A-01-31-1	10.0	0.0	10.0	10.0	Andere
202618	D-06-37-3	10.0	0.0	10.0	10.0	Andere
202618	D-06-50-3	10.0	0.0	10.0	10.0	Andere
202618	D-06-56-3	10.0	0.0	10.0	10.0	Andere
202618	P-04-01-2	10.0	0.0	10.0	10.0	Andere
202618	SP-01-01-3	10.0	0.0	10.0	10.0	Andere
202618	D-06-35-2	7.5	0.0	7.5	7.5	Andere
202618	PLSTG-03	1.0	0.0	1.0	1.0	Andere
202618	PLH-01-04	17.0	16.02	0.98	0.98	Fulfillment
202618	PLH-01-02	0.0	0.02	-0.02	-0.02	Fulfillment
202618	PLH-01-03	0.0	0.02	-0.02	-0.02	Fulfillment
202618	PLSTG-01	0.01	0.0	0.01	0.01	Andere
202618	SP-01-01-1	0.01	0.0	0.01	0.01	Andere
202618	PLSTG-02	0.01	0.0	0.01	0.01	Andere
202618	SP-01-08-1	0.01	0.0	0.01	0.01	Andere
202618	SP-01-08-3	0.0	0.0	0.0	0.0	Andere
202618	SP-01-05-1	0.0	0.0	0.0	0.0	Andere
202618	SP-01-06-2	0.0	0.0	0.0	0.0	Andere
202618	SP-02-01-1	0.0	0.0	0.0	0.0	Andere
202618	SP-02-01-3	0.0	0.0	0.0	0.0	Andere
202618	SP-02-08-3	0.0	0.0	0.0	0.0	Andere
202618	A-01-02-1	0.0	0.0	0.0	0.0	Andere
202618	A-02-03-1	16100.0	16100.0	0.0	0.0	Andere
202618	A-02-40-1	0.0	0.0	0.0	0.0	Andere
202618	A-02-49-1	0.0	0.0	0.0	0.0	Andere
202618	A-02-50-1	0.0	0.0	0.0	0.0	Andere
202618	P-04-01-1	90.0	90.0	0.0	0.0	Andere
202618	PH-03-03	0.0	0.0	0.0	0.0	Andere
202618	PH-03-04	0.0	0.0	0.0	0.0	Andere
202618	PH-03-05	0.0	0.0	0.0	0.0	Andere
202618	PH-03-06	0.0	0.0	0.0	0.0	Andere
202618	PH-03-09	0.0	0.0	0.0	0.0	Andere
202618	PLH-02-04	19.0	19.0	0.0	0.0	Fulfillment
202618	PLH-02-06	17.0	17.0	0.0	0.0	Fulfillment
202618	PLH-02-13	56.0	56.0	0.0	0.0	Fulfillment
202619	DEBOXWIP	39.0	2842806.74	-2842767.74	-2842767.74	Prep/Plating
202619	UNBEKANNT	213006.0	0.0	213006.0	213006.0	Andere
202619	STGDR-85	133112.0	0.0	133112.0	133112.0	Lager
202619	FAHABAYEBM	120000.0	0.0	120000.0	120000.0	Andere
202619	PLH-02-15	236009.0	118000.0	118009.0	118009.0	Fulfillment
202619	PLH-02-16	120185.0	60097.0	60088.0	60088.0	Fulfillment
202619	FAWAHIDM	49435.5	0.0	49435.5	49435.5	Andere
202619	A-02-64-2	40000.0	0.0	40000.0	40000.0	Andere
202619	FAELMIE	32208.0	0.0	32208.0	32208.0	Andere
202619	FAFURMANNB	18269.0	0.0	18269.0	18269.0	Andere
202619	FASCHRADERS	17114.0	0.0	17114.0	17114.0	Andere
202619	FAWIEGHOLDD	14592.0	0.0	14592.0	14592.0	Andere
202619	STGDR-30	14320.0	0.0	14320.0	14320.0	Lager
202619	STGDR-27	14006.0	0.0	14006.0	14006.0	Lager
202619	FASADEKM	13934.0	0.0	13934.0	13934.0	Andere
202619	PLATING-LINE-01	11040.0	0.0	11040.0	11040.0	Prep/Plating
202619	STGDR-29	10523.0	0.0	10523.0	10523.0	Lager
202619	ADJ LOC	7140.0	0.0	7140.0	7140.0	Andere
202619	PREB-01	6353.0	130.0	6223.0	6223.0	Prep/Plating
202619	VF-LINE-02	6146.0	0.0	6146.0	6146.0	Fulfillment
202619	PostB-01	6070.0	0.0	6070.0	6070.0	Prep/Plating
202619	FAFERMAND	5819.0	0.0	5819.0	5819.0	Andere
202619	PLATING-LINE-03	4643.0	0.0	4643.0	4643.0	Prep/Plating
202619	PROD RTN	3875.0	0.0	3875.0	3875.0	Andere
202619	LOST	3251.0	0.0	3251.0	3251.0	Andere
202619	FAFRANKENT	3216.0	0.0	3216.0	3216.0	Andere
202619	FARIVERAZVF	2898.0	0.0	2898.0	2898.0	Andere
202619	FAGEVERSF	2688.0	0.0	2688.0	2688.0	Andere
202619	STGDR-28	2516.0	0.0	2516.0	2516.0	Lager
202619	FAIZAREAN	2380.0	0.0	2380.0	2380.0	Andere
202619	PH-03-19	1536.0	0.0	1536.0	1536.0	Andere
202619	SLEEVING	1444.0	0.0	1444.0	1444.0	Prep/Plating
202619	GERMANY	1338.0	0.0	1338.0	1338.0	Andere
202619	FATRAOREDA	1194.0	0.0	1194.0	1194.0	Andere
202619	BULKLIQUID	1111.19	0.0	1111.19	1111.19	Andere
202619	FAMOHAMMADA	1029.0	0.0	1029.0	1029.0	Andere
202619	FAHANSENMA	809.0	0.0	809.0	809.0	Andere
202619	PH-02-01	0.0	809.0	-809.0	-809.0	Andere
202619	PH-03-10	768.0	0.0	768.0	768.0	Andere
202619	PH-03-12	768.0	0.0	768.0	768.0	Andere
202619	PH-03-18	768.0	0.0	768.0	768.0	Andere
202619	PH-03-22	768.0	0.0	768.0	768.0	Andere
202619	PH-03-24	768.0	0.0	768.0	768.0	Andere
202619	PLH-02-07	31700.0	31132.0	568.0	568.0	Fulfillment
202619	A-01-04-1	540.0	0.0	540.0	540.0	Andere
202619	PLATING-LINE-02	512.0	0.0	512.0	512.0	Prep/Plating
202619	FASAUERJ	468.0	0.0	468.0	468.0	Andere
202619	PH-03-15	432.0	0.0	432.0	432.0	Andere
202619	FALUHRSP	410.0	0.0	410.0	410.0	Andere
202619	A-01-10-1	400.0	0.0	400.0	400.0	Andere
202619	A-01-13-1	400.0	0.0	400.0	400.0	Andere
202619	A-01-14-1	400.0	0.0	400.0	400.0	Andere
202619	A-01-15-1	400.0	0.0	400.0	400.0	Andere
202619	A-01-16-1	400.0	0.0	400.0	400.0	Andere
202619	A-01-17-1	400.0	0.0	400.0	400.0	Andere
202619	A-01-19-1	400.0	0.0	400.0	400.0	Andere
202619	PH-03-05	384.0	0.0	384.0	384.0	Andere
202619	PH-03-06	384.0	0.0	384.0	384.0	Andere
202619	PH-03-20	384.0	0.0	384.0	384.0	Andere
202619	PH-03-23	384.0	0.0	384.0	384.0	Andere
202619	PRODUCTION	384.0	0.0	384.0	384.0	Andere
202619	A-02-71-1	372.0	0.0	372.0	372.0	Andere
202619	A-02-72-1	372.0	0.0	372.0	372.0	Andere
202619	A-02-73-1	372.0	0.0	372.0	372.0	Andere
202619	A-02-85-1	372.0	0.0	372.0	372.0	Andere
202619	A-02-86-1	372.0	0.0	372.0	372.0	Andere
202619	A-02-87-1	558.0	186.0	372.0	372.0	Andere
202619	FAMOHAMMEDA	330.0	0.0	330.0	330.0	Andere
202619	P-04-04-1	330.0	0.0	330.0	330.0	Andere
202619	VF-LINE-01	290.0	0.0	290.0	290.0	Fulfillment
202619	PLH-04-03	269.0	0.0	269.0	269.0	Fulfillment
202619	A-02-74-1	264.0	0.0	264.0	264.0	Andere
202619	A-02-75-1	264.0	0.0	264.0	264.0	Andere
202619	PLH-02-02	455.0	240.0	215.0	215.0	Fulfillment
202619	PLH-04-02	210.0	0.0	210.0	210.0	Fulfillment
202619	GC-03-11-1	200.0	0.0	200.0	200.0	Andere
202619	GC-03-13-1	200.0	0.0	200.0	200.0	Andere
202619	GC-03-18-1	194.81	0.0	194.81	194.81	Andere
202619	A-02-103-1	192.0	0.0	192.0	192.0	Andere
202619	A-02-104-1	192.0	0.0	192.0	192.0	Andere
202619	A-02-98-2	192.0	0.0	192.0	192.0	Andere
202619	A-02-114-1	186.0	0.0	186.0	186.0	Andere
202619	A-01-03-1	180.0	0.0	180.0	180.0	Andere
202619	A-01-05-1	180.0	0.0	180.0	180.0	Andere
202619	A-01-06-1	180.0	0.0	180.0	180.0	Andere
202619	A-01-07-1	180.0	0.0	180.0	180.0	Andere
202619	A-01-08-1	0.0	180.0	-180.0	-180.0	Andere
202619	PLH-02-01	398.0	226.0	172.0	172.0	Fulfillment
202619	PLH-04-09	291.0	141.0	150.0	150.0	Fulfillment
202619	GC-03-19-1	135.0	0.0	135.0	135.0	Andere
202619	SPI-WINDOW	131.5	0.0	131.5	131.5	Andere
202619	PLH-01-09	126.0	0.0	126.0	126.0	Fulfillment
202619	PLH-03-01	253.0	133.0	120.0	120.0	Fulfillment
202619	PLH-02-13	141.0	23.0	118.0	118.0	Fulfillment
202619	GC-02-23-1	100.0	0.0	100.0	100.0	Andere
202619	A-02-100-2	96.0	0.0	96.0	96.0	Andere
202619	A-02-108-1	96.0	0.0	96.0	96.0	Andere
202619	PLH-01-11	95.0	0.0	95.0	95.0	Fulfillment
202619	PLH-01-13	209.0	115.0	94.0	94.0	Fulfillment
202619	PLH-01-14	126.0	33.0	93.0	93.0	Fulfillment
202619	PLH-02-10	184.0	92.0	92.0	92.0	Fulfillment
202619	PLH-02-14	145.0	53.0	92.0	92.0	Fulfillment
202619	PLH-01-12	84.0	0.0	84.0	84.0	Fulfillment
202619	PLH-02-09	276.0	193.0	83.0	83.0	Fulfillment
202619	PLH-03-05	82.0	0.0	82.0	82.0	Fulfillment
202619	FACHIRANI	80.0	0.0	80.0	80.0	Fulfillment
202619	GC-02-18-1	80.0	0.0	80.0	80.0	Andere
202619	PLH-04-10	254.0	175.0	79.0	79.0	Fulfillment
202619	PLH-02-05	230.0	160.0	70.0	70.0	Fulfillment
202619	PLH-01-03	295.0	227.0	68.0	68.0	Fulfillment
202619	PLH-01-06	178.0	113.0	65.0	65.0	Fulfillment
202619	FARIVERAZ	64.0	0.0	64.0	64.0	Andere
202619	PLH-04-04	64.0	0.0	64.0	64.0	Fulfillment
202619	PLH-01-08	112.0	54.0	58.0	58.0	Fulfillment
202619	PLH-01-16	114.0	169.0	-55.0	-55.0	Fulfillment
202619	GC-03-20-1	52.98	0.0	52.98	52.98	Andere
202619	FACAPK	51.5	0.0	51.5	51.5	Fulfillment
202619	PLH-01-07	147.0	100.0	47.0	47.0	Fulfillment
202619	PLH-01-04	156.0	110.0	46.0	46.0	Fulfillment
202619	FADKLOMP	31.0	0.0	31.0	31.0	Andere
202619	D-06-47-2	30.0	0.0	30.0	30.0	Andere
202619	GC-02-01-1	30.0	0.0	30.0	30.0	Andere
202619	PLH-01-05	123.0	93.0	30.0	30.0	Fulfillment
202619	PLH-01-10	58.0	34.0	24.0	24.0	Fulfillment
202619	PLH-04-01	120.0	99.0	21.0	21.0	Fulfillment
202619	D-06-16-1	20.0	0.0	20.0	20.0	Andere
202619	D-06-48-3	20.0	0.0	20.0	20.0	Andere
202619	GC-02-19-1	20.0	0.0	20.0	20.0	Andere
202619	PLH-02-03	256.0	273.0	-17.0	-17.0	Fulfillment
202619	D-06-04-2	10.0	0.0	10.0	10.0	Andere
202619	D-06-37-3	10.0	0.0	10.0	10.0	Andere
202619	D-06-40-2	10.0	0.0	10.0	10.0	Andere
202619	D-06-42-3	10.0	0.0	10.0	10.0	Andere
202619	D-06-48-2	10.0	0.0	10.0	10.0	Andere
202619	FAMATIKT	10.0	0.0	10.0	10.0	Andere
202619	D-06-15-2	9.0	0.0	9.0	9.0	Andere
202619	FADIKELISA	9.0	0.0	9.0	9.0	Andere
202619	FH-01-01	0.0	9.0	-9.0	-9.0	Andere
202619	PLATINGWIP	3.01	0.0	3.01	3.01	Prep/Plating
202619	D-06-14-1	2.5	0.0	2.5	2.5	Andere
202619	VEGGIE	2.0	0.0	2.0	2.0	Fulfillment
202619	PLSTG-01	0.03	0.0	0.03	0.03	Andere
202619	SP-02-03-3	0.0	0.0	0.0	0.0	Andere
202619	SP-01-01-1	0.0	0.0	0.0	0.0	Andere
202619	PLSTG-02	0.0	0.0	0.0	0.0	Andere
202619	PLSTG-03	0.0	0.0	0.0	0.0	Andere
202619	SP-01-01-2	0.0	0.0	0.0	0.0	Andere
202619	SP-01-02-3	0.0	0.0	0.0	0.0	Andere
202619	SP-01-06-1	0.0	0.0	0.0	0.0	Andere
202619	SP-02-01-3	0.0	0.0	0.0	0.0	Andere
202619	SP-02-02-2	0.0	0.0	0.0	0.0	Andere
202619	SP-02-04-2	0.0	0.0	0.0	0.0	Andere
202619	SP-02-06-2	0.0	0.0	0.0	0.0	Andere
202619	SP-02-06-3	0.0	0.0	0.0	0.0	Andere
202619	A-01-02-2	0.0	0.0	0.0	0.0	Andere
202619	A-01-03-2	0.0	0.0	0.0	0.0	Andere
202619	A-01-09-1	0.0	0.0	0.0	0.0	Andere
202619	A-01-11-1	0.0	0.0	0.0	0.0	Andere
202619	A-01-14-2	0.0	0.0	0.0	0.0	Andere
202619	A-01-20-1	0.0	0.0	0.0	0.0	Andere
202619	A-01-21-1	0.0	0.0	0.0	0.0	Andere
202619	A-01-22-1	0.0	0.0	0.0	0.0	Andere
202619	A-01-23-1	0.0	0.0	0.0	0.0	Andere
202619	A-01-24-1	0.0	0.0	0.0	0.0	Andere
202619	A-01-25-1	0.0	0.0	0.0	0.0	Andere
202619	A-01-26-1	0.0	0.0	0.0	0.0	Andere
202619	A-01-27-1	0.0	0.0	0.0	0.0	Andere
202619	A-01-28-1	0.0	0.0	0.0	0.0	Andere
202619	A-01-29-1	0.0	0.0	0.0	0.0	Andere
202619	A-01-34-1	0.0	0.0	0.0	0.0	Andere
202619	A-01-35-1	400.0	400.0	0.0	0.0	Andere
202619	A-01-36-1	0.0	0.0	0.0	0.0	Andere
202619	A-01-37-1	0.0	0.0	0.0	0.0	Andere
202619	A-01-38-1	0.0	0.0	0.0	0.0	Andere
202619	A-01-39-1	0.0	0.0	0.0	0.0	Andere
202619	FH-01-04	0.0	0.0	0.0	0.0	Andere
202619	GC-02-04-2	9.0	9.0	0.0	0.0	Andere
202619	PLH-01-02	0.0	0.0	0.0	0.0	Fulfillment
202619	PLH-01-15	196.0	196.0	0.0	0.0	Fulfillment
202619	PLH-02-06	269.0	269.0	0.0	0.0	Fulfillment
202619	PLH-02-08	198.0	198.0	0.0	0.0	Fulfillment
202619	PLH-02-11	350.0	350.0	0.0	0.0	Fulfillment
202619	PLH-02-12	389.0	389.0	0.0	0.0	Fulfillment
202619	PLH-04-05	64.0	64.0	0.0	0.0	Fulfillment
202619	PLH-04-11	56.0	56.0	0.0	0.0	Fulfillment
202619	PLH-04-12	39.0	39.0	0.0	0.0	Fulfillment
202619	PLH-04-13	35.0	35.0	0.0	0.0	Fulfillment
202619	PLH-04-14	71.0	71.0	0.0	0.0	Fulfillment
202619	PLH-04-15	85.0	85.0	0.0	0.0	Fulfillment
202619	PLH-04-16	58.0	58.0	0.0	0.0	Fulfillment
202620	DEBOXWIP	0.0	1046052.48	-1046052.48	-1046052.48	Prep/Plating
202620	PREB-01	3034.0	0.0	3034.0	3034.0	Prep/Plating
202620	FADEKICHF	2825.0	0.0	2825.0	2825.0	Andere
202620	UNBEKANNT	2720.0	0.0	2720.0	2720.0	Andere
202620	STGDR-27	2714.0	0.0	2714.0	2714.0	Lager
202620	PostB-01	2220.0	0.0	2220.0	2220.0	Prep/Plating
202620	FAWIEGHOLDD	2140.0	0.0	2140.0	2140.0	Andere
202620	FAMOHAMMADA	702.0	0.0	702.0	702.0	Andere
202620	FATRAOREDA	680.0	0.0	680.0	680.0	Andere
202620	FAWAHIDM	650.0	0.0	650.0	650.0	Andere
202620	PreB-01	605.0	0.0	605.0	605.0	Prep/Plating
202620	FAELMIE	407.0	0.0	407.0	407.0	Andere
202620	GC-02-10-1	300.0	0.0	300.0	300.0	Andere
202620	GC-02-24-3	280.0	0.0	280.0	280.0	Andere
202620	FAGROTHEERF	250.0	0.0	250.0	250.0	Andere
202620	D-06-10-1	240.0	0.0	240.0	240.0	Andere
202620	GC-02-14-1	230.0	0.0	230.0	230.0	Andere
202620	GC-02-16-1	200.0	0.0	200.0	200.0	Andere
202620	GC-02-18-2	200.0	0.0	200.0	200.0	Andere
202620	GC-02-20-2	200.0	0.0	200.0	200.0	Andere
202620	GC-02-21-2	200.0	0.0	200.0	200.0	Andere
202620	GC-02-22-2	200.0	0.0	200.0	200.0	Andere
202620	GC-02-17-2	180.0	0.0	180.0	180.0	Andere
202620	PLH-01-16	174.0	0.0	174.0	174.0	Fulfillment
202620	PLSTG-01	162.02	0.0	162.02	162.02	Andere
202620	PLH-01-10	159.0	0.0	159.0	159.0	Fulfillment
202620	PLH-01-04	149.0	0.0	149.0	149.0	Fulfillment
202620	PLH-01-08	144.0	0.0	144.0	144.0	Fulfillment
202620	GC-02-19-3	110.0	0.0	110.0	110.0	Andere
202620	PLH-02-07	102.0	0.0	102.0	102.0	Fulfillment
202620	PLH-02-11	102.0	0.0	102.0	102.0	Fulfillment
202620	GC-02-24-2	80.0	0.0	80.0	80.0	Andere
202620	PLH-01-05	73.0	0.0	73.0	73.0	Fulfillment
202620	SPI-WINDOW	72.0	0.0	72.0	72.0	Andere
202620	PLH-01-12	61.0	0.0	61.0	61.0	Fulfillment
202620	PLH-02-01	61.0	0.0	61.0	61.0	Fulfillment
202620	PLH-02-02	58.0	0.0	58.0	58.0	Fulfillment
202620	PLH-02-10	58.0	0.0	58.0	58.0	Fulfillment
202620	GC-02-18-3	55.0	0.0	55.0	55.0	Andere
202620	GC-02-20-3	55.0	0.0	55.0	55.0	Andere
202620	FACAPK	49.5	0.0	49.5	49.5	Fulfillment
202620	FAHANSENMA	49.5	0.0	49.5	49.5	Andere
202620	PLH-01-03	49.0	0.0	49.0	49.0	Fulfillment
202620	GC-02-22-3	45.0	0.0	45.0	45.0	Andere
202620	GC-02-16-3	36.0	0.0	36.0	36.0	Andere
202620	GC-02-23-3	26.0	0.0	26.0	26.0	Andere
202620	FACHIRANI	22.5	0.0	22.5	22.5	Fulfillment
202620	GC-02-24-1	21.0	0.0	21.0	21.0	Andere
202620	D-06-04-2	20.0	0.0	20.0	20.0	Andere
202620	D-06-05-2	10.0	0.0	10.0	10.0	Andere
202620	D-06-16-1	10.0	0.0	10.0	10.0	Andere
202620	D-06-37-3	10.0	0.0	10.0	10.0	Andere
202620	D-06-53-2	10.0	0.0	10.0	10.0	Andere
202620	FAWEISSENM	10.0	0.0	10.0	10.0	Andere
202620	D-06-40-3	8.0	0.0	8.0	8.0	Andere
202620	D-06-39-2	2.5	0.0	2.5	2.5	Andere
202620	FAFURMANNB	2.5	0.0	2.5	2.5	Andere
202620	D-06-29-2	1.5	0.0	1.5	1.5	Andere
202620	SP-01-01-2	0.0	0.0	0.0	0.0	Andere
202620	SP-01-07-2	0.0	0.0	0.0	0.0	Andere
202620	SP-02-03-3	0.0	0.0	0.0	0.0	Andere
202620	PLSTG-02	0.0	0.0	0.0	0.0	Andere
202620	SP-01-07-1	0.0	0.0	0.0	0.0	Andere
202620	SP-02-01-3	0.0	0.0	0.0	0.0	Andere
202620	SP-02-03-1	0.0	0.0	0.0	0.0	Andere
202620	SP-02-07-2	0.0	0.0	0.0	0.0	Andere
202620	SP-02-07-3	0.0	0.0	0.0	0.0	Andere
202620	SP-02-08-1	0.0	0.0	0.0	0.0	Andere
202626	ADJ LOC	0.01	0.0	0.01	0.01	Andere
202626	UNBEKANNT	0.01	0.0	0.01	0.01	Andere
