Week	Produkt	Zugaenge_kg	Bewegungen_kg	Differenz_kg	Netto_kg	Grammatur_bis_BlastChiller_g	Transaktionen	Status
102614	FA-DE Welcome Booklet (TZ)	19200.0	0.0	19200.0	19200.0	0	2	EINGANG +
201617	Öl, Olivenöl	2800.82	90.0	2710.82	2710.82	0	30	EINGANG +
201617	FA-NO Small Half Box (B) - NORDICS	1200.0	0.0	1200.0	1200.0	0	5	EINGANG +
201617	FA-DE Capers, Preserved/Kapern, konserviert	512.4	0.0	512.4	512.4	0	6	EINGANG +
201617	Jalapeno-Paprikaschoten, Nacho in Scheiben geschnitten	44.8	11.2	33.6	33.6	0	5	EINGANG +
202603	FA-DE Rational Reiniger-Tabs	0.0	150.0	-150.0	-150.0	0	1	AUSGANG -
202603	FA-DE Pflege-Tabs Care-Tab	0.0	0.0	0.0	0.0	0	4	NEUTRAL
202604	Factor_ 2 Compartment Tray	69300.0	50400.0	18900.0	18900.0	0	27	EINGANG +
202604	FA-NO Nordics Box Size XS	1200.0	400.0	800.0	800.0	0	4	EINGANG +
202604	FA-NO Nordics Box Size M	1440.0	720.0	720.0	720.0	0	10	EINGANG +
202604	FA-NO Nordics Box Size S	480.0	0.0	480.0	480.0	0	4	EINGANG +
202604	Honig – Masse	150.0	25.0	125.0	125.0	0	7	EINGANG +
202604	Brühe, Huhn, Reduziert	126.0	28.0	98.0	98.0	0	11	EINGANG +
202604	Mandeln, geschnitten, blanchiert	0.0	25.0	-25.0	-25.0	0	2	AUSGANG -
202604	Öl, Sesamsamen, geröstet	115.0	103.0	12.0	12.0	0	9	EINGANG +
202604	FA-NO Nordics Box Size L	180.0	180.0	0.0	0.0	0	3	NEUTRAL
202605	FA-NO Ice Pack (500 ml)	43680.0	1248.0	42432.0	42432.0	0	36	EINGANG +
202605	FA-DE Chain Ice Pack (3 x 500 ml)	3744.0	0.0	3744.0	3744.0	0	8	EINGANG +
202605	Blumenkohl, Reis, IQF	2090.0	400.0	1690.0	1690.0	0	13	EINGANG +
202605	FA-DE Medium Box	2200.0	600.0	1600.0	1600.0	0	14	EINGANG +
202605	Spinat, gefrorener Blattspinat	490.0	0.0	490.0	490.0	0	4	EINGANG +
202605	Knoblauch, IQF, gewürfelt 4 mm	99860.0	99470.0	390.0	390.0	0	37	EINGANG +
202605	Ingwer, IQF, gewürfelt 4 mm	110.0	0.0	110.0	110.0	0	10	EINGANG +
202605	Edamame, Soja	70.0	0.0	70.0	70.0	0	2	EINGANG +
202605	Thymian, IQF	60.0	0.0	60.0	60.0	0	7	EINGANG +
202605	Salbei, IQF	0.0	0.0	0.0	0.0	0	1	NEUTRAL
202606	FA-NO Nordics Box Size M	2880.0	0.0	2880.0	2880.0	0	18	EINGANG +
202606	FA-DE Liner M1	2352.0	0.0	2352.0	2352.0	0	14	EINGANG +
202606	FA-NO Nordics Box Size S	2400.0	800.0	1600.0	1600.0	0	8	EINGANG +
202606	FA-NO Nordics Box Size XS	3600.0	2000.0	1600.0	1600.0	0	16	EINGANG +
202606	FA-DE Liner M2	1716.0	132.0	1584.0	1584.0	0	14	EINGANG +
202606	FA-NO Nordics Box Size L	720.0	0.0	720.0	720.0	0	7	EINGANG +
202606	FA-DE Medium Box	600.0	200.0	400.0	400.0	0	4	EINGANG +
202606	FA-DE Liner L1	96.0	96.0	0.0	0.0	0	2	NEUTRAL
202606	FA-DE Liner L2	132.0	132.0	0.0	0.0	0	2	NEUTRAL
202606	FA-DE Liner S	930.0	930.0	0.0	0.0	0	10	NEUTRAL
202606	FA-DE Small Box	1600.0	1600.0	0.0	0.0	0	8	NEUTRAL
202607	FA-DE Chain Ice Pack (3 x 500 ml)	6552.0	0.0	6552.0	6552.0	0	14	EINGANG +
202607	Seafood	4500.0	0.0	4500.0	4500.0	0	2	EINGANG +
202607	Poultry	4000.0	0.0	4000.0	4000.0	0	2	EINGANG +
202607	FA-DE Liner M2	1584.0	0.0	1584.0	1584.0	0	12	EINGANG +
202607	FA-DE Liner M1	1344.0	0.0	1344.0	1344.0	0	8	EINGANG +
202607	FA-DE Liner L2	132.0	132.0	0.0	0.0	0	2	NEUTRAL
202607	FA-DE Liner S	372.0	372.0	0.0	0.0	0	4	NEUTRAL
202608	FA-NO Welcome Booklet (TV)	40018.0	0.0	40018.0	40018.0	0	2	EINGANG +
202608	FA-NO Freebies (TK)	40000.0	0.0	40000.0	40000.0	0	2	EINGANG +
202608	FA-DE Chain Ice Pack (3 x 500 ml)	90.0	90.0	0.0	0.0	0	2	NEUTRAL
202608	FA-DE Medium Box	200.0	200.0	0.0	0.0	0	2	NEUTRAL
202609	Käse, Mozzarella, gerieben	25350.0	0.0	25350.0	25350.0	0	63	EINGANG +
202609	FA-DE Welcome Booklet (TZ)	4000.0	0.0	4000.0	4000.0	0	2	EINGANG +
202609	Käse, Roter Cheddar	3630.0	0.0	3630.0	3630.0	0	21	EINGANG +
202609	FA-NO Ice Pack (500 ml)	2496.0	0.0	2496.0	2496.0	0	2	EINGANG +
202609	Käse, Parmesan, gerieben	1440.0	0.0	1440.0	1440.0	0	14	EINGANG +
202609	Käse, weißer Cheddar, gerieben	1270.0	0.0	1270.0	1270.0	0	6	EINGANG +
202609	Käse, Emmentaler, gerieben	800.0	0.0	800.0	800.0	0	6	EINGANG +
202609	Spinat, gefrorener Blattspinat	420.0	0.0	420.0	420.0	0	2	EINGANG +
202609	Gewürz, Buttermilchpulver	400.0	0.0	400.0	400.0	0	7	EINGANG +
202609	Gewürz, geräucherter Paprika	330.0	10.0	320.0	320.0	0	15	EINGANG +
202609	Gewürz, Gochugaru-Chili-Pfefferflocken	180.0	0.0	180.0	180.0	0	4	EINGANG +
202609	Gewürz, Knoblauchpulver, geröstet	140.0	0.0	140.0	140.0	0	6	EINGANG +
202609	Gewürze, Guajillo-Paprikaschoten, gemahlen	92.0	0.0	92.0	92.0	0	5	EINGANG +
202609	Zuckermais-Supersüßkörner, IQF	20.0	0.0	20.0	20.0	0	1	EINGANG +
202609	Rosmarin, IQF	10.0	0.0	10.0	10.0	0	2	EINGANG +
202609	FA-DE Large Box	180.0	180.0	0.0	0.0	0	2	NEUTRAL
202609	FA-DE Liner S	186.0	186.0	0.0	0.0	0	2	NEUTRAL
202609	FA-NO Nordics Box Size S	1200.0	1200.0	0.0	0.0	0	6	NEUTRAL
202609	FA-NO Nordics Box Size XS	200.0	200.0	0.0	0.0	0	2	NEUTRAL
202610	Poultry	304520.0	0.0	304520.0	304520.0	0	20	EINGANG +
202610	Beef	128800.0	0.0	128800.0	128800.0	0	8	EINGANG +
202610	Seafood	127880.0	0.0	127880.0	127880.0	0	8	EINGANG +
202610	Pork	52440.0	0.0	52440.0	52440.0	0	6	EINGANG +
202610	Tomaten, zerkleinert	4630.0	10.0	4620.0	4620.0	0	21	EINGANG +
202610	FA-NO Nordics Box Size XS	3600.0	400.0	3200.0	3200.0	0	10	EINGANG +
202610	Tomaten, gewürfelt, BiB	1960.0	20.0	1940.0	1940.0	0	18	EINGANG +
202610	FA-NO Nordics Box Size S	1600.0	0.0	1600.0	1600.0	0	4	EINGANG +
202610	FA-DE Liner S	1860.0	372.0	1488.0	1488.0	0	12	EINGANG +
202610	FA-NO Nordics Box Size L	1440.0	0.0	1440.0	1440.0	0	9	EINGANG +
202610	FA-NO Nordics Box Size M	1440.0	0.0	1440.0	1440.0	0	8	EINGANG +
202610	Gewürz, schwarzer Pfeffer, gemahlen	300.0	0.0	300.0	300.0	0	4	EINGANG +
202610	Gewürze, Meersalz	300.0	0.0	300.0	300.0	0	4	EINGANG +
202610	Gewürz, Knoblauch granuliert	200.0	0.0	200.0	200.0	0	5	EINGANG +
202610	Gewürz, Sesam, Weiß	100.0	0.0	100.0	100.0	0	6	EINGANG +
202610	Gewürze, Paprika	93.0	0.0	93.0	93.0	0	5	EINGANG +
202610	Gewürz, Senfkörner gemahlen, Trockenmasse	79.0	9.0	70.0	70.0	0	10	EINGANG +
202610	Gewürze, Zwiebelpulver, geröstet	50.0	0.0	50.0	50.0	0	6	EINGANG +
202610	Gewürz, Ancho-Chili-Pulver	50.0	10.0	40.0	40.0	0	5	EINGANG +
202610	Gewürz, gehackter Knoblauch, geröstet, trocken	40.0	0.0	40.0	40.0	0	5	EINGANG +
202610	Gewürz, Jalapeno-Pulver	44.0	7.0	37.0	37.0	0	7	EINGANG +
202610	Gewürz, Steinpilzpulver	32.0	0.0	32.0	32.0	0	5	EINGANG +
202610	Gewürz, Zitronenpulver	31.0	0.0	31.0	31.0	0	5	EINGANG +
202610	Gewürze, getrocknete Zwiebelflocken	31.0	0.0	31.0	31.0	0	9	EINGANG +
202610	Gewürz, Tomatenpulver	30.0	0.0	30.0	30.0	0	4	EINGANG +
202610	Gewürz, zerkleinerte rote Pfefferflocken	30.0	0.0	30.0	30.0	0	4	EINGANG +
202610	Gewürz, Oregano trocken	24.8	0.0	24.8	24.8	0	4	EINGANG +
202610	Gewürz, Cayennepfeffer	21.0	0.0	21.0	21.0	0	4	EINGANG +
202610	Gewürz, grüne Zwiebel granuliert	42.0	21.0	21.0	21.0	0	3	EINGANG +
202610	Gewürz, Chilipulver	20.0	0.0	20.0	20.0	0	2	EINGANG +
202610	Gewürz, Kardamom, gemahlen	20.0	0.0	20.0	20.0	0	3	EINGANG +
202610	Gewürz, Majoran getrocknet	16.0	0.0	16.0	16.0	0	1	EINGANG +
202610	Gewürz, Dill getrocknet	15.5	0.0	15.5	15.5	0	5	EINGANG +
202610	Gewürz, gemahlener Kreuzkümmel	22.0	8.0	14.0	14.0	0	7	EINGANG +
202610	Tomatenmark	18.9	6.3	12.6	12.6	0	5	EINGANG +
202610	Gewürz, Lorbeerblattpulver	20.0	10.0	10.0	10.0	0	3	EINGANG +
202610	Gewürze, Zwiebeln granuliert	10.0	0.0	10.0	10.0	0	1	EINGANG +
202610	Gewürz, Basilikum, getrocknet	9.5	0.0	9.5	9.5	0	5	EINGANG +
202610	Gewürze, getrocknete Petersilie	0.0	2.5	-2.5	-2.5	0	1	AUSGANG -
202610	Gewürz, Thymian trocken	10.0	10.0	0.0	0.0	0	2	NEUTRAL
202610	Gewürze, italienische Gewürze	21.0	21.0	0.0	0.0	0	2	NEUTRAL
202610	Tomaten, konzentriert, zerkleinert	12447.0	12447.0	0.0	0.0	0	34	NEUTRAL
202611	Deckel für Dressingbecher 60ml	6480000.0	6252500.0	227500.0	227500.0	0	10	EINGANG +
202611	Dressingbecher 60 ml	6175000.0	6252500.0	-77500.0	-77500.0	0	4	AUSGANG -
202611	FA-NO Ice Pack (500 ml)	52416.0	0.0	52416.0	52416.0	0	42	EINGANG +
202611	FA-NO Freebies (TV)	25000.0	0.0	25000.0	25000.0	0	2	EINGANG +
202611	FA-DE Small Box	11760.0	400.0	11360.0	11360.0	0	32	EINGANG +
202611	Essig, Rotwein	9120.0	700.0	8420.0	8420.0	0	21	EINGANG +
202611	Lachs, ohne Haut, ohne Knochen, Filet - IQF	7110.0	360.0	6750.0	6750.0	0	50	EINGANG +
202611	Essig, Apfelwein	6400.0	0.0	6400.0	6400.0	0	13	EINGANG +
202611	Käse, Sahne, 13% Fett	4950.0	0.0	4950.0	4950.0	0	14	EINGANG +
202611	FA-DE Liner L2	3268.0	264.0	3004.0	3004.0	0	28	EINGANG +
202611	Käse, Sahne 22% Fett	2178.0	0.0	2178.0	2178.0	0	6	EINGANG +
202611	Essig, Weißwein	2101.68	0.0	2101.68	2101.68	0	8	EINGANG +
202611	FA-DE Liner L1	1920.0	0.0	1920.0	1920.0	0	20	EINGANG +
202611	Essig, Balsamico	1275.0	0.0	1275.0	1275.0	0	6	EINGANG +
202611	FA-DE Spirulina Ginger Lime Ginger Shot	1036.0	0.0	1036.0	1036.0	0	4	EINGANG +
202611	FA-NO Nordics Box Size XS	560.0	0.0	560.0	560.0	0	2	EINGANG +
202611	FA-DE Large Box	360.0	0.0	360.0	360.0	0	2	EINGANG +
202611	Öl, Olivenöl	23335.1	23151.9	183.2	183.2	0	25	EINGANG +
202611	FA-DE Medium Box	160.0	0.0	160.0	160.0	0	2	EINGANG +
202611	Factor_ Tray Film TER HB 50 PET EZ PEEL 62 μm - 550lm	180.0	45.0	135.0	135.0	0	6	EINGANG +
202611	FA-NO Cremet tomatrisotto (FE0031)	72.0	24.0	48.0	48.0	0	4	EINGANG +
202611	Senf, Dijon	45.0	5.0	40.0	40.0	0	5	EINGANG +
202611	Tomaten, sonnengetrocknete Julienne	30.0	0.0	30.0	30.0	0	6	EINGANG +
202611	FA-DE Capers, Preserved/Kapern, konserviert	156.8	162.4	-5.6	-5.6	0	4	AUSGANG -
202611	FA-NO Small Half Box (B) - NORDICS	180.0	180.0	0.0	0.0	0	2	NEUTRAL
202611	Jalapeno-Paprikaschoten, Nacho in Scheiben geschnitten	336.0	336.0	0.0	0.0	0	2	NEUTRAL
202611	Maisstärke (Maisstärke)	0.0	0.0	0.0	0.0	0	3	NEUTRAL
202611	Milch, Kokosnuss	600.0	600.0	0.0	0.0	0	4	NEUTRAL
202611	Sirup, Dattel - Großpackung	0.0	0.0	0.0	0.0	0	1	NEUTRAL
202612	FA-DE Ginger Lemon Apple Ginger Shot	1268.0	0.0	1268.0	1268.0	0	4	EINGANG +
202612	FA-DE Turmeric Cayenne Pineapple Ginger Shot	924.0	0.0	924.0	924.0	0	3	EINGANG +
202612	Reis, Basmati, braun	580.0	45.0	535.0	535.0	0	6	EINGANG +
202612	Tamari, natriumreduzierte Sojasauce	348.0	0.0	348.0	348.0	0	15	EINGANG +
202612	Reis, Jasmin, braun	336.0	84.0	252.0	252.0	0	6	EINGANG +
202612	Gewürz, Sesamsamen, geröstet	160.0	70.0	90.0	90.0	0	5	EINGANG +
202612	Essig, Reis	66.0	0.0	66.0	66.0	0	6	EINGANG +
202612	Stammkonzentrat, Mirepoix	14.0	0.0	14.0	14.0	0	5	EINGANG +
202612	Speck, gewürfelt	0.0	10.0	-10.0	-10.0	0	3	AUSGANG -
202612	FA-DE Blank Sleeve - All Black	0.0	0.0	0.0	0.0	0	1	NEUTRAL
202612	FA-DE Spirulina Ginger Lime Ginger Shot	0.0	0.0	0.0	0.0	0	2	NEUTRAL
202613	FA-DE Liner S	200007440.0	0.0	200007440.0	200007440.0	0	60	EINGANG +
202613	FA-NO Nordics Box Size XS	60012140.0	0.0	60012140.0	60012140.0	0	41	EINGANG +
202613	FA-DE Small Box	60005200.0	0.0	60005200.0	60005200.0	0	22	EINGANG +
202613	FA-NO Nordics Box Size M	40001280.0	0.0	40001280.0	40001280.0	0	17	EINGANG +
202613	FA-DE Liner L1	40000192.0	0.0	40000192.0	40000192.0	0	6	EINGANG +
202613	FA-DE Liner M1	30001248.0	0.0	30001248.0	30001248.0	0	11	EINGANG +
202613	FA-DE Liner M2	30001096.0	0.0	30001096.0	30001096.0	0	13	EINGANG +
202613	FA-DE Liner L2	30000060.0	0.0	30000060.0	30000060.0	0	5	EINGANG +
202613	FA-NO Nordics Box Size S	20002280.0	0.0	20002280.0	20002280.0	0	12	EINGANG +
202613	FA-NO Nordics Box Size L	20001120.0	0.0	20001120.0	20001120.0	0	13	EINGANG +
202613	FA-DE Large Box	20000960.0	0.0	20000960.0	20000960.0	0	8	EINGANG +
202613	FA-DE Medium Box	20000880.0	0.0	20000880.0	20000880.0	0	8	EINGANG +
202613	FA-DE Blank Sleeve - All Black	30240.0	0.0	30240.0	30240.0	0	4	EINGANG +
202613	Artischockenherzen , Dose	10412.5	612.5	9800.0	9800.0	0	11	EINGANG +
202613	FA-DE Tote Bag Black	5600.0	0.0	5600.0	5600.0	0	2	EINGANG +
202613	FA-DE Capers, Preserved/Kapern, konserviert	2170.0	0.0	2170.0	2170.0	0	17	EINGANG +
202613	FA-DE Turmeric Cayenne Pineapple Ginger Shot	614.0	308.0	306.0	306.0	0	3	EINGANG +
202613	Gewürze, Meersalz	160.01	0.0	160.01	160.01	0	22	EINGANG +
202613	Mandeln, geschnitten, blanchiert	100.0	0.0	100.0	100.0	0	10	EINGANG +
202613	Gewürz, Gochugaru-Chili-Pfefferflocken	80.0	0.0	80.0	80.0	0	10	EINGANG +
202613	Gewürz, gehackter Knoblauch, geröstet, trocken	80.0	0.0	80.0	80.0	0	10	EINGANG +
202613	Gewürze, Zwiebelpulver, geröstet	80.0	0.0	80.0	80.0	0	10	EINGANG +
202613	Stärke, Tapioka	80.0	0.0	80.0	80.0	0	5	EINGANG +
202613	Gewürz, Salbei, gerieben	72.0	0.0	72.0	72.0	0	16	EINGANG +
202613	Gewürz, schwarzer Pfeffer, gemahlen	60.0	0.0	60.0	60.0	0	16	EINGANG +
202613	Gewürz, Kurkuma	50.0	0.0	50.0	50.0	0	10	EINGANG +
202613	Gewürze, gemahlene Nelken	50.0	0.0	50.0	50.0	0	11	EINGANG +
202613	Gewürz, Chilipulver	50.0	0.0	50.0	50.0	0	7	EINGANG +
202613	Gewürz, Bockshornkleepulver	40.0	0.0	40.0	40.0	0	7	EINGANG +
202613	Gewürz, gemahlener Koriander	40.0	0.0	40.0	40.0	0	6	EINGANG +
202613	Zucker, Kokosnuss	40.0	0.0	40.0	40.0	0	3	EINGANG +
202613	Gewürz, Knoblauch granuliert	40.0	0.0	40.0	40.0	0	5	EINGANG +
202613	Gewürz, Knoblauchpulver, geröstet	40.0	0.0	40.0	40.0	0	5	EINGANG +
202613	Gewürz, Sesamsamen, geröstet	40.0	0.0	40.0	40.0	0	5	EINGANG +
202613	Gewürz, weißer Pfeffer	40.0	0.0	40.0	40.0	0	5	EINGANG +
202613	Gewürze, Zwiebeln granuliert	40.0	0.0	40.0	40.0	0	5	EINGANG +
202613	Gewürze, gemahlener Ingwer	40.0	0.0	40.0	40.0	0	5	EINGANG +
202613	Schnittlauch, getrocknet	33.5	0.0	33.5	33.5	0	14	EINGANG +
202613	Gewürz, gemahlener Kreuzkümmel	32.0	0.0	32.0	32.0	0	6	EINGANG +
202613	Sauerrahm	20.0	0.0	20.0	20.0	0	1	EINGANG +
202613	FA-DE Ginger Lemon Apple Ginger Shot	16.0	4.0	12.0	12.0	0	5	EINGANG +
202613	Roasted Green Onions	11.4	0.2	11.2	11.2	2800	6	EINGANG +
202613	Gewürze, getrocknete Petersilie	10.0	0.0	10.0	10.0	0	5	EINGANG +
202613	Gewürz, gemahlene Muskatnuss	7.0	0.0	7.0	7.0	0	10	EINGANG +
202613	Gewürz, Fenchel gemahlen	6.0	0.0	6.0	6.0	0	10	EINGANG +
202613	Gummi, Xanthan	4.0	0.0	4.0	4.0	0	5	EINGANG +
202613	Gewürz, gemahlener Zimt	2.0	0.0	2.0	2.0	0	7	EINGANG +
202613	Rosmarin getrocknet	3.0	1.0	2.0	2.0	0	4	EINGANG +
202613	Zwiebel, grün, in Scheiben geschnitten, 5 mm	0.0	1.36	-1.36	-1.36	0	1	AUSGANG -
202613	FA-DE Spirulina Ginger Lime Ginger Shot	2.0	2.0	0.0	0.0	0	2	NEUTRAL
202613	Gewürz, Harissa-Pulver	1.0	1.0	0.0	0.0	0	2	NEUTRAL
202613	Gewürz, Rosmarin, Pulver	1.0	1.0	0.0	0.0	0	3	NEUTRAL
202614	FA-DE Retention Flyer-1	38400.0	0.0	38400.0	38400.0	0	2	EINGANG +
202614	FA-DK Trust Pilot Flyer	25000.0	0.0	25000.0	25000.0	0	6	EINGANG +
202614	FA-DE Liner S	19920.0	186.0	19734.0	19734.0	0	115	EINGANG +
202614	FA-DE Chain Ice Pack (3 x 500 ml)	19656.0	0.0	19656.0	19656.0	0	47	EINGANG +
202614	FA-DE Freebies (TZ)	10000.0	0.0	10000.0	10000.0	0	2	EINGANG +
202614	FA-NO Welcome Booklet (TV)	8000.0	0.0	8000.0	8000.0	0	2	EINGANG +
202614	FA-DE Small Box	3800.0	0.0	3800.0	3800.0	0	13	EINGANG +
202614	FA-NO Grillet kylling og ratatouille (FE4015)	3504.0	0.0	3504.0	3504.0	0	9	EINGANG +
202614	FA-DE Medium Box	3470.0	0.0	3470.0	3470.0	0	17	EINGANG +
202614	FA-NO Pasta med oksekødsragù og soltørrede tomater (FE4075)	2992.0	0.0	2992.0	2992.0	0	8	EINGANG +
202614	FA-NO Nordics Box Size S	2750.0	0.0	2750.0	2750.0	0	10	EINGANG +
202614	FA-DE Grillhähnchen und Ratatouille (FE4015)	2688.0	0.0	2688.0	2688.0	0	7	EINGANG +
202614	FA-NO Chilensk inspireret kylling med salsa-quinoa (FE1636)	2400.0	0.0	2400.0	2400.0	0	7	EINGANG +
202614	FA-DE Rinderragù mit sonnengetrockneten Tomaten und Pasta (F	2368.0	0.0	2368.0	2368.0	0	6	EINGANG +
202614	FA-NO Vestfrikansk-inspireret peanut-kyllingecurry (FE1451)	2064.0	0.0	2064.0	2064.0	0	6	EINGANG +
202614	FA-NO Savoykål i ostesauce med hakket oksekød (FE0713)	1904.0	0.0	1904.0	1904.0	0	5	EINGANG +
202614	FA-NO Small Half Box (B) - NORDICS	1800.0	0.0	1800.0	1800.0	0	7	EINGANG +
202614	FA-NO Laks i cremet gochugaru sauce (FE4039)	1744.0	0.0	1744.0	1744.0	0	5	EINGANG +
202614	FA-NO Grillet kyllingefilet og pesto (FE4001)	1696.0	0.0	1696.0	1696.0	0	5	EINGANG +
202614	FA-NO Pulled chicken med bacon (FE0794)	1696.0	0.0	1696.0	1696.0	0	5	EINGANG +
202614	FA-DE Lachs in cremiger Gochugaru-Sauce (FE4039)	1680.0	0.0	1680.0	1680.0	0	5	EINGANG +
202614	FA-DE Liner M1	1680.0	0.0	1680.0	1680.0	0	16	EINGANG +
202614	FA-DE Westafrikanisches Hähnchen-Erdnuss-Curry (FE1451)	1680.0	0.0	1680.0	1680.0	0	5	EINGANG +
202614	FA-DE Grünes Chili-Hähnchen mit Quinoa-Salsa (FE1636)	1664.0	0.0	1664.0	1664.0	0	5	EINGANG +
202614	FA-DE Pulled Chicken mit Bacon (FE0794)	1584.0	0.0	1584.0	1584.0	0	4	EINGANG +
202614	FA-DE Kohl in Hackfleisch-Käsesauce (FE0713)	1552.0	0.0	1552.0	1552.0	0	5	EINGANG +
202614	FA-NO Laks i dild- og sennepssauce (FE4009)	1504.0	0.0	1504.0	1504.0	0	4	EINGANG +
202614	FA-DE Gegrilltes Hähnchenfilet mit Pesto (FE4001)	1440.0	0.0	1440.0	1440.0	0	4	EINGANG +
202614	FA-DE Lachs in Senf-Dill-Sauce (FE4009)	1424.0	0.0	1424.0	1424.0	0	4	EINGANG +
202614	FA-NO Nordics Box Size XS	1400.0	0.0	1400.0	1400.0	0	5	EINGANG +
202614	FA-DE Large Box	1390.0	0.0	1390.0	1390.0	0	9	EINGANG +
202614	FA-DE Liner M2	1315.0	0.0	1315.0	1315.0	0	14	EINGANG +
202614	FA-DE Hähnchenbrustfilet mit Knoblauch und Kräutern (FE0183)	1216.0	0.0	1216.0	1216.0	0	3	EINGANG +
202614	FA-NO Nordics Box Size L	1200.0	0.0	1200.0	1200.0	0	10	EINGANG +
202614	FA-NO Hvidløgs- & krydderurtekyllingebryst (FE0183)	1184.0	0.0	1184.0	1184.0	0	3	EINGANG +
202614	FA-DE Schweinefilet in cremiger Knoblauch-Senf-Sauce (FE0169	960.0	0.0	960.0	960.0	0	3	EINGANG +
202614	FA-NO Svinemørbrad i cremet hvidløg-sennepssauce (FE0169)	960.0	0.0	960.0	960.0	0	3	EINGANG +
202614	FA-DE Hähnchenbrust mit Citrus-Mojo-Sauce (FE1203)	912.0	0.0	912.0	912.0	0	3	EINGANG +
202614	Hähnchenbrust, in Stücken, ohne Knochen und ohne Haut	900.0	10.0	890.0	890.0	0	11	EINGANG +
202614	FA-DE Geschmortes Rindfleisch in Kräuterjus (FE0413)	800.0	0.0	800.0	800.0	0	3	EINGANG +
202614	FA-NO Nordics Box Size M	800.0	0.0	800.0	800.0	0	5	EINGANG +
202614	FA-DE Liner L1	760.0	0.0	760.0	760.0	0	12	EINGANG +
202614	FA-DE Turmeric Cayenne Pineapple Ginger Shot	1179.0	449.0	730.0	730.0	0	11	EINGANG +
202614	FA-NO Citrus-mojo kyllingebryst (FE1203)	720.0	0.0	720.0	720.0	0	2	EINGANG +
202614	FA-NO Braiseret oksekød i urtesauce (FE0413)	688.0	0.0	688.0	688.0	0	2	EINGANG +
202614	Ink Bag 1500ml for monojet, ink G3 Black	680.0	20.0	660.0	660.0	0	6	EINGANG +
202614	FA-DE Liner L2	650.0	0.0	650.0	650.0	0	12	EINGANG +
202614	FA-NO Chicken Biryani (FE1403)	560.0	0.0	560.0	560.0	0	2	EINGANG +
202614	FA-NO Grillet svinemørbrad og tomatsmør (FE4010)	560.0	0.0	560.0	560.0	0	2	EINGANG +
202614	FA-DE Hähnchen Biryani (FE1403)	496.0	0.0	496.0	496.0	0	2	EINGANG +
202614	FA-DE Gegrilltes Schweinefilet mit Tomatenbutter (FE4010)	480.0	0.0	480.0	480.0	0	2	EINGANG +
202614	FA-DE Schweinefilet mit Aprikosen-Glasur (FE0962)	400.0	0.0	400.0	400.0	0	1	EINGANG +
202614	FA-NO Medium Box (F) - NORDICS	400.0	0.0	400.0	400.0	0	4	EINGANG +
202614	FA-DE Mexikanische Mais-Bowl (FE0121)	320.0	0.0	320.0	320.0	0	1	EINGANG +
202614	FA-NO Abrikosglaseret svinemørbrad (FE0962)	304.0	0.0	304.0	304.0	0	1	EINGANG +
202614	FA-DE Zucchini-Paprika-Ratatouille (FE0090)	288.0	0.0	288.0	288.0	0	2	EINGANG +
202614	FA-NO Mexicansk majskage (FE0121)	256.0	0.0	256.0	256.0	0	1	EINGANG +
202614	Rindfleisch, Pulled, Sous Vide	252.0	0.0	252.0	252.0	0	5	EINGANG +
202614	FA-NO Large Box (G) - NORDICS	240.0	0.0	240.0	240.0	0	2	EINGANG +
202614	FA-DE Beef, Ground, 80/20 /Rindfleisch, gemahlen, 80/20	460.0	230.0	230.0	230.0	0	7	EINGANG +
202614	FA-DE Spirulina Ginger Lime Ginger Shot	224.0	0.0	224.0	224.0	0	2	EINGANG +
202614	FA-NO Squash- og peberfrugtsratatouille (FE0090)	176.0	0.0	176.0	176.0	0	1	EINGANG +
202614	FA-DE Ginger Lemon Apple Ginger Shot	734.0	586.0	148.0	148.0	0	4	EINGANG +
202614	SICURA Jet G3 Flush, 1 Liter	102.0	0.0	102.0	102.0	0	3	EINGANG +
202614	Tücherolle, 500 Blatt, 38 x 32 cm	114.0	36.0	78.0	78.0	0	8	EINGANG +
202614	Schweinefleisch, Pulled, Sous Vide	72.0	0.0	72.0	72.0	0	6	EINGANG +
202614	FA-DE Gegrilltes Hähnchen mit Knoblauch-Kräutern (FEA006)	48.0	0.0	48.0	48.0	0	1	EINGANG +
202614	FA-NO Grillet kylling med hvidlød og urter (FEA006)	48.0	0.0	48.0	48.0	0	1	EINGANG +
202614	Tinte, Spülmittel G3, 1500-ml-Beutel für Monojet	27.0	0.0	27.0	27.0	0	4	EINGANG +
202614	Reinigungstuch (228 x 228)	48.0	24.0	24.0	24.0	0	3	EINGANG +
202614	Zwiebel, grün, in Scheiben geschnitten, 5 mm	3.44	0.0	3.44	3.44	0	9	EINGANG +
202615	Factor_ 2 Compartment Tray	588000.0	0.0	588000.0	588000.0	0	138	EINGANG +
202615	Factor_ 3 Compartment Tray	490000.0	0.0	490000.0	490000.0	0	89	EINGANG +
202615	Factor_ 1 Compartment Tray	369600.0	0.0	369600.0	369600.0	0	80	EINGANG +
202615	FA-NO Kylling à la Florentine (FE0224)	21312.0	0.0	21312.0	21312.0	0	70	EINGANG +
202615	FA-NO Oksekød med BBQ sauce (FE4027)	17428.0	28.0	17400.0	17400.0	0	58	EINGANG +
202615	FA-DE Hähnchen à la Florentine (FE0224)	14976.0	32.0	14944.0	14944.0	0	51	EINGANG +
202615	FA-DE Rindfleisch mit BBQ-Sauce (FE4027)	12480.0	0.0	12480.0	12480.0	0	42	EINGANG +
202615	FA-NO Cremet basilikumrisotto med kylling (FE4014)	12354.0	54.0	12300.0	12300.0	0	47	EINGANG +
202615	FA-NO Squash-spaghetti bolognese (FE0849)	12096.0	0.0	12096.0	12096.0	0	42	EINGANG +
202615	FA-NO Laks Piccata  (FE0972)	11844.0	12.0	11832.0	11832.0	0	44	EINGANG +
202615	FA-DE Lachs Piccata (FE0972)	11424.0	0.0	11424.0	11424.0	0	39	EINGANG +
202615	FA-NO Kylling i svampesauce (FE4088)	11040.0	32.0	11008.0	11008.0	0	38	EINGANG +
202615	FA-DE Socks Branded White	11856.0	856.0	11000.0	11000.0	0	8	EINGANG +
202615	Stammkonzentrat, klassisches, reduziertes Braun	9044.0	0.0	9044.0	9044.0	0	32	EINGANG +
202615	Brühe, Huhn, Reduziert	9030.0	0.0	9030.0	9030.0	0	30	EINGANG +
202615	FA-NO Gochugaru-kylling (FE4053)	8880.0	48.0	8832.0	8832.0	0	31	EINGANG +
202615	FA-NO Kylling med cremefraiche og purløg (FE0322)	8274.0	38.0	8236.0	8236.0	0	33	EINGANG +
202615	FA-DE Gochugaru-Hähnchen (FE4053)	8012.0	68.0	7944.0	7944.0	0	38	EINGANG +
202615	FA-DE Cremiges Basilikum-Risotto (FE4014)	7755.0	57.0	7698.0	7698.0	0	34	EINGANG +
202615	FA-DE Hähnchen & Pilzrahmsoße (FE4088)	7840.0	160.0	7680.0	7680.0	0	31	EINGANG +
202615	FA-NO Svinemørbrad i soltørret tomatsauce (FE4006)	7365.0	23.0	7342.0	7342.0	0	28	EINGANG +
202615	FA-DE Zucchini-Spaghetti Bolognese (FE0849)	6912.0	0.0	6912.0	6912.0	0	22	EINGANG +
202615	FA-DE Hähnchen mit Sauerrahm und Schnittlauch (FE0322)	6870.0	18.0	6852.0	6852.0	0	28	EINGANG +
202615	FA-NO Ovnbagt laks med dild-yoghurt (FE1145)	6240.0	0.0	6240.0	6240.0	0	24	EINGANG +
202615	FA-DE Schweinefilet in Sauce aus sonnengetrockneten Tomaten	5445.0	23.0	5422.0	5422.0	0	25	EINGANG +
202615	FA-DE Ofengerösteter Lachs & Dill-Joghurt (FE1145)	5214.0	42.0	5172.0	5172.0	0	27	EINGANG +
202615	FA-NO Kylling i cremet spinat (FE0207)	5076.0	28.0	5048.0	5048.0	0	21	EINGANG +
202615	FA-NO Grilled kylling med tomat-eecabeche (FE1787)	4592.0	192.0	4400.0	4400.0	0	27	EINGANG +
202615	FA-DE Hähnchen in Spinat-Creme (FE0207)	4224.0	0.0	4224.0	4224.0	0	17	EINGANG +
202615	FA-DE Retention Flyer-2	4000.0	0.0	4000.0	4000.0	0	6	EINGANG +
202615	Sauerrahm	3410.0	0.0	3410.0	3410.0	0	20	EINGANG +
202615	FA-DE Scharfes Rinderhack mit Jalapeños (FE0746)	3379.0	17.0	3362.0	3362.0	0	20	EINGANG +
202615	FA-NO Krydret hakkebøf med jalapenos (FE0746)	3328.0	0.0	3328.0	3328.0	0	12	EINGANG +
202615	FA-NO Svinemørbrad med æble-sennepssauce (FE0890)	3057.0	27.0	3030.0	3030.0	0	18	EINGANG +
202615	FA-NO Pulled pork i rød chilisauce (FE4049)	2944.0	0.0	2944.0	2944.0	0	10	EINGANG +
202615	FA-DE Puma Duffel Bag Black	3256.0	352.0	2904.0	2904.0	0	14	EINGANG +
202615	FA-NO Grillet kylling med ingefær og hvidløg (FE4064)	2898.0	6.0	2892.0	2892.0	0	18	EINGANG +
202615	FA_DE Gegrilltes Hähnchen mit Tomaten-Escabeche (FE1787)	2688.0	0.0	2688.0	2688.0	0	14	EINGANG +
202615	FA-DE Gegrilltes Hähnchen in Ingwer-Knoblauch-Marinade (FE40	2724.0	44.0	2680.0	2680.0	0	22	EINGANG +
202615	FA-DE Schweinefilet mit Apfel-Senf-Soße (FE0890)	2436.0	12.0	2424.0	2424.0	0	11	EINGANG +
202615	FA-DE Pulled Pork-Chilli-Bow (FE4049)	2093.0	15.0	2078.0	2078.0	0	23	EINGANG +
202615	Quinoa, weiß	2000.0	0.0	2000.0	2000.0	0	7	EINGANG +
202615	FA-DE Cremiges Tomaten-Risotto (FE0031)	1760.0	32.0	1728.0	1728.0	0	13	EINGANG +
202615	FA-NO Cremet tomatrisotto (FE0031)	1632.0	0.0	1632.0	1632.0	0	7	EINGANG +
202615	FA-NO Mexicansk majskage (FE0121)	1590.0	18.0	1572.0	1572.0	0	11	EINGANG +
202615	FA-DE Turmeric Cayenne Pineapple Ginger Shot	1508.0	0.0	1508.0	1508.0	0	11	EINGANG +
202615	SuperEcoPaper55 Braunes Supertape, 75 mm x 800 m	1440.0	0.0	1440.0	1440.0	0	17	EINGANG +
202615	FA-DE Ginger Lemon Apple Ginger Shot	1365.0	0.0	1365.0	1365.0	0	5	EINGANG +
202615	FA-DE Retention Flyer-4	1050.0	0.0	1050.0	1050.0	0	8	EINGANG +
202615	FA-DE Mexikanische Mais-Bowl (FE0121)	984.0	8.0	976.0	976.0	0	9	EINGANG +
202615	FA-DE Retention Flyer-3	1120.0	280.0	840.0	840.0	0	6	EINGANG +
202615	Kartoffeln, gewürfelt, 10 mm	1000.0	200.0	800.0	800.0	0	9	EINGANG +
202615	FA-DE Gegrilltes Hähnchen mit Knoblauch-Kräutern (FEA006)	234.0	14.0	220.0	220.0	0	9	EINGANG +
202615	FA-NO Grillet kylling med hvidlød og urter (FEA006)	231.0	13.0	218.0	218.0	0	9	EINGANG +
202615	Handstretchfolie  transparent 17my, 500mm x 280m	180.0	0.0	180.0	180.0	0	4	EINGANG +
202615	FA-DE Spirulina Ginger Lime Ginger Shot	25.0	0.0	25.0	25.0	0	5	EINGANG +
202615	FA-NO Large Box (G) - NORDICS	8.0	0.0	8.0	8.0	0	12	EINGANG +
202615	FA-NO Pulled beef & pasta i ostesauce (FE1345)	6.0	0.0	6.0	6.0	0	7	EINGANG +
202615	Gewürz, Kurkuma	0.0	0.0	0.0	0.0	0	1	NEUTRAL
202616	FA-DE Liner S	51714.0	0.0	51714.0	51714.0	0	345	EINGANG +
202616	Tomaten, konzentriert, zerkleinert	38839.5	0.0	38839.5	38839.5	0	55	EINGANG +
202616	Wasser	13128.57	0.0	13128.57	13128.57	0	6	EINGANG +
202616	Koriander, gehackt	18947.5	6299.79	12647.71	12647.71	0	22	EINGANG +
202616	Sahne 20%	7140.0	0.0	7140.0	7140.0	0	25	EINGANG +
202616	Zwiebel, Spanisch, gewürfelt 5 mm	13270.0	6305.0	6965.0	6965.0	0	19	EINGANG +
202616	Milch, voll	4850.0	0.0	4850.0	4850.0	0	18	EINGANG +
202616	Butter, ungesalzen	4420.63	520.0	3900.63	3900.63	0	33	EINGANG +
202616	Kartoffeln mit Schale, Keile	3260.0	35.0	3225.0	3225.0	0	20	EINGANG +
202616	FA-DE Rindfleisch mit BBQ-Sauce (FE4027)	2880.0	0.0	2880.0	2880.0	0	14	EINGANG +
202616	Brokkoli, Röschen	2800.0	5.0	2795.0	2795.0	0	28	EINGANG +
202616	FA-DE Chicken, Breast, B/S - 160g/Hähnchen, Brust, B/S – 160	3400.0	800.0	2600.0	2600.0	0	10	EINGANG +
202616	FA-DE Lachs in cremiger Gochugaru-Sauce (FE4039)	2559.0	21.0	2538.0	2538.0	0	11	EINGANG +
202616	Rindfleisch, Pulled, Sous Vide	2524.5	0.0	2524.5	2524.5	0	12	EINGANG +
202616	FA-DE Small Box	2500.0	0.0	2500.0	2500.0	0	10	EINGANG +
202616	Hähnchenbrust, in Stücken, ohne Knochen und ohne Haut	2571.0	183.0	2388.0	2388.0	0	22	EINGANG +
202616	FA-DE Cajun-Hähnchen mit Tomatensauce & Kartoffelpüree (FE40	1932.0	36.0	1896.0	1896.0	0	11	EINGANG +
202616	Grüne Bohnen, frisch und geschnitten	1600.0	10.0	1590.0	1590.0	0	8	EINGANG +
202616	FA-DE Spirulina Ginger Lime Ginger Shot	1580.0	0.0	1580.0	1580.0	0	12	EINGANG +
202616	FA-DE Schweinefilet in scharfer Ancho-Chili-Sauce (FE1072)	1572.0	44.0	1528.0	1528.0	0	11	EINGANG +
202616	FA-DE Schweinefilet mit Artischocken und Spinat (FE4060)	1237.0	7.0	1230.0	1230.0	0	9	EINGANG +
202616	FA-DE Liner L1	1168.0	0.0	1168.0	1168.0	0	13	EINGANG +
202616	Paprika, rot, in Scheiben geschnitten, 10 mm	1160.0	15.0	1145.0	1145.0	0	8	EINGANG +
202616	FA-DE Grillhähnchen und Ratatouille (FE4015)	1080.0	8.0	1072.0	1072.0	0	11	EINGANG +
202616	FA-DE Liner M2	1060.0	0.0	1060.0	1060.0	0	10	EINGANG +
202616	FA-NO Small Half Box (B) - NORDICS	1000.0	0.0	1000.0	1000.0	0	5	EINGANG +
202616	FA-DE Turmeric Cayenne Pineapple Ginger Shot	1026.0	50.0	976.0	976.0	0	11	EINGANG +
202616	FA-DE Liner M1	940.0	0.0	940.0	940.0	0	10	EINGANG +
202616	FA-DE Ginger Lemon Apple Ginger Shot	855.0	0.0	855.0	855.0	0	12	EINGANG +
202616	FA-DE Liner L2	810.0	0.0	810.0	810.0	0	10	EINGANG +
202616	FA-NO Medium Box (F) - NORDICS	800.0	0.0	800.0	800.0	0	5	EINGANG +
202616	FA-DE Schweinefilet in cremiger Knoblauch-Senf-Sauce (FE0169	786.0	2.0	784.0	784.0	0	11	EINGANG +
202616	FA-DE Large Box	700.0	0.0	700.0	700.0	0	5	EINGANG +
202616	FA-NO Large Box (G) - NORDICS	500.0	0.0	500.0	500.0	0	5	EINGANG +
202616	FA-NO Nordics Box Size XS	500.0	0.0	500.0	500.0	0	5	EINGANG +
202616	Zwiebel, spanisch, in Scheiben geschnitten, 5 mm	512.0	24.0	488.0	488.0	0	13	EINGANG +
202616	Zwiebeln, rot, gewürfelt, 10 mm	400.0	90.0	310.0	310.0	0	8	EINGANG +
202616	FA-DE Gegrilltes Hähnchen mit Knoblauch-Kräutern (FEA006)	298.0	14.0	284.0	284.0	0	9	EINGANG +
202616	Zwiebel, grün, in Scheiben geschnitten, 5 mm	268.4	0.0	268.4	268.4	0	12	EINGANG +
202616	Cauliflower rice - Cilantro an	333.9	79.9	254.0	254.0	60000	21	EINGANG +
202616	FA-NO Grillet kylling og ratatouille (FE4015)	324.0	108.0	216.0	216.0	0	4	EINGANG +
202616	Spinat, frisch, ohne Stiel	212.0	12.0	200.0	200.0	0	14	EINGANG +
202616	Sauce - Butter Chicken sauce	188.08	0.0	188.08	188.08	0	4	EINGANG +
202616	FA-NO Cajun-krydret kylling med tomatsauce og kartoffelmos (	270.0	90.0	180.0	180.0	0	4	EINGANG +
202616	Diced chicken - Butter Chicken	174.0	0.0	174.0	174.0	0	4	EINGANG +
202616	Knoblauch, geschält, ganze Nelken [10kg]	160.0	10.0	150.0	150.0	0	10	EINGANG +
202616	FA-DE Kohl in Hackfleisch-Käsesauce (FE0713)	157.0	51.0	106.0	106.0	0	8	EINGANG +
202616	FA-DE Lachs Dijonnaise (FE1031)	153.0	51.0	102.0	102.0	0	4	EINGANG +
202616	FA-DE Medium Box	100.0	0.0	100.0	100.0	0	5	EINGANG +
202616	Basilikum, frisch	90.0	0.0	90.0	90.0	0	4	EINGANG +
202616	Joghurt, Griechisch, Natur	85.0	0.0	85.0	85.0	0	8	EINGANG +
202616	Gewürz, Bockshornkleepulver	80.0	0.0	80.0	80.0	0	8	EINGANG +
202616	Paprika, grün, gewürfelt 10 mm	80.0	0.0	80.0	80.0	0	6	EINGANG +
202616	FA-NO Laks i cremet gochugaru sauce (FE4039)	114.0	38.0	76.0	76.0	0	4	EINGANG +
202616	FA-NO Savoykål i ostesauce med hakket oksekød (FE0713)	108.0	36.0	72.0	72.0	0	4	EINGANG +
202616	Gewürz, Sesamsamen, geröstet	65.38	0.0	65.38	65.38	0	3	EINGANG +
202616	FA-DE Gegrilltes Hähnchenfilet mit Kartoffel-Lauch-Püree (FE	96.0	32.0	64.0	64.0	0	4	EINGANG +
202616	FA-NO Grillet kyllingefilet og kartoffel-porremos (FE0426)	96.0	32.0	64.0	64.0	0	4	EINGANG +
202616	Gewürze, gemahlene Nelken	60.0	0.0	60.0	60.0	0	6	EINGANG +
202616	Paprika, rot, gewürfelt 10 mm	60.0	0.0	60.0	60.0	0	6	EINGANG +
202616	Gewürz, Thymian trocken	57.5	0.0	57.5	57.5	0	15	EINGANG +
202616	FA-NO Laks med dijonnaise (FE1031)	84.0	28.0	56.0	56.0	0	4	EINGANG +
202616	FA-NO Indisk-inspireret butter chicken (FE0472)	72.0	24.0	48.0	48.0	0	4	EINGANG +
202616	FA-NO Kylling i purløg-flødesauce (FE4023)	72.0	24.0	48.0	48.0	0	4	EINGANG +
202616	FA-DE Indisches Butterhuhn (FE0472)	69.0	23.0	46.0	46.0	0	4	EINGANG +
202616	FA-NO Svinemørbrad i spicy ancho chili sauce (FE1072)	66.0	22.0	44.0	44.0	0	4	EINGANG +
202616	FA-NO Braiseret oksekød i urtesauce (FE0413)	60.0	20.0	40.0	40.0	0	4	EINGANG +
202616	Gewürz, Kurkuma	40.0	0.0	40.0	40.0	0	4	EINGANG +
202616	FA-NO Svinemørbrad i cremet hvidløg-sennepssauce (FE0169)	57.0	19.0	38.0	38.0	0	4	EINGANG +
202616	Öl, Gerösteter Knoblauch	36.4	0.13	36.27	36.27	0	8	EINGANG +
202616	FA-DE Hähnchen in Schnittlauchcreme (FE4023)	54.0	18.0	36.0	36.0	0	4	EINGANG +
202616	FA-DE Geschmortes Rindfleisch in Kräuterjus (FE0413)	51.0	17.0	34.0	34.0	0	4	EINGANG +
202616	FA-NO Cremet tomatrisotto (FE0031)	45.0	15.0	30.0	30.0	0	4	EINGANG +
202616	Gewürz, gemahlener Koriander	30.0	0.0	30.0	30.0	0	3	EINGANG +
202616	Roasted Green Onions	31.15	2.65	28.5	28.5	2610	11	EINGANG +
202616	FA-NO Grillet kylling med hvidlød og urter (FEA006)	42.0	14.0	28.0	28.0	0	4	EINGANG +
202616	FA-NO Grillet svinemørbrad med butternutmos (FE1487)	42.0	14.0	28.0	28.0	0	4	EINGANG +
202616	FA-NO Miso-kyllingebowl (FE1790)	42.0	14.0	28.0	28.0	0	4	EINGANG +
202616	FA-NO Squash- og peberfrugtsratatouille (FE0090)	39.0	13.0	26.0	26.0	0	4	EINGANG +
202616	Rosmarin getrocknet	25.2	0.0	25.2	25.2	0	6	EINGANG +
202616	FA-DE Zucchini-Paprika-Ratatouille (FE0090)	33.0	11.0	22.0	22.0	0	4	EINGANG +
202616	FA-DE Würzige Miso-Hähnchen-Bowl (FE1790)	30.0	10.0	20.0	20.0	0	4	EINGANG +
202616	Gewürz, Rosmarin, Pulver	20.0	0.0	20.0	20.0	0	2	EINGANG +
202616	FA-DE Gegrilltes Schweinefilet mit Butternusskürbispüree (FE	18.0	6.0	12.0	12.0	0	4	EINGANG +
202616	FA-NO Chilensk inspireret kylling med salsa-quinoa (FE1636)	9.0	3.0	6.0	6.0	0	4	EINGANG +
202616	Gewürz, gemahlene Muskatnuss	6.0	0.0	6.0	6.0	0	6	EINGANG +
202616	Saft, Limette	6.0	0.01	5.99	5.99	0	8	EINGANG +
202616	Gewürz, Fenchel gemahlen	3.0	0.0	3.0	3.0	0	3	EINGANG +
202616	Blumenkohl, Reis, IQF	0.0	1.58	-1.58	-1.58	0	4	AUSGANG -
202616	Gewürze, Meersalz	0.0	0.01	-0.01	-0.01	0	4	AUSGANG -
202616	Gewürz, schwarzer Pfeffer, gemahlen	0.0	0.0	-0.0	-0.0	0	4	AUSGANG -
202617	IQF Broccoli - Alliums and no	1190508.57	186478.33	1004030.25	1004030.25	296867700	134	EINGANG +
202617	Grilled Chicken Breast Marinade #6 - Asian (EACH)	505205.0	11286.0	493919.0	493919.0	72950000	22	EINGANG +
202617	Zwiebel, grün, in Scheiben geschnitten, 5 mm	410.0	205757.72	-205347.72	-205347.72	0	39	AUSGANG -
202617	Kartoffeln mit Schale, Keile	0.0	203386.88	-203386.88	-203386.88	0	8	AUSGANG -
202617	FA-DE Chain Ice Pack (3 x 500 ml)	62244.0	0.0	62244.0	62244.0	0	199	EINGANG +
202617	FA-DE Small Box	34600.0	0.0	34600.0	34600.0	0	111	EINGANG +
202617	FA-DE Pulled Beef in Parmesan-Knoblauch-Creme (FE1346)	25344.0	0.0	25344.0	25344.0	0	78	EINGANG +
202617	FA-NO Pulled beef med cremet parmesan og hvidløg (FE1346)	18432.0	0.0	18432.0	18432.0	0	54	EINGANG +
202617	FA-DE Cremiges Basilikum-Risotto (FE4014)	17472.0	0.0	17472.0	17472.0	0	54	EINGANG +
202617	FA-DE Large Box	16090.0	180.0	15910.0	15910.0	0	79	EINGANG +
202617	FA-DE Lachs mit grünem Pesto (FE0035)	12288.0	0.0	12288.0	12288.0	0	39	EINGANG +
202617	FA-DE Gochugaru-Hähnchen (FE4053)	11168.0	32.0	11136.0	11136.0	0	40	EINGANG +
202617	FA-DE Hähnchen mit Sauerrahm und Schnittlauch (FE0322)	10080.0	0.0	10080.0	10080.0	0	35	EINGANG +
202617	FA-DE Hähnchen à la Florentine (FE0224)	10048.0	16.0	10032.0	10032.0	0	41	EINGANG +
202617	FA-NO Gochugaru-kylling (FE4053)	9984.0	0.0	9984.0	9984.0	0	29	EINGANG +
202617	FA-DE Zucchini-Spaghetti Bolognese (FE0849)	9920.0	16.0	9904.0	9904.0	0	41	EINGANG +
202617	FA-DE Ginger Lemon Apple Ginger Shot	9979.0	526.0	9453.0	9453.0	0	30	EINGANG +
202617	FA-DE Hühnchen alla Puttanesca (FE1777)	9120.0	0.0	9120.0	9120.0	0	31	EINGANG +
202617	FA-DE Pulled Chicken mit Bacon (FE0794)	8928.0	0.0	8928.0	8928.0	0	28	EINGANG +
202617	Sahne 35%	8730.0	0.0	8730.0	8730.0	0	27	EINGANG +
202617	FA-NO Kylling à la Florentine (FE0224)	7680.0	0.0	7680.0	7680.0	0	23	EINGANG +
202617	FA-NO Kylling med cremefraiche og purløg (FE0322)	6912.0	0.0	6912.0	6912.0	0	21	EINGANG +
202617	FA-NO Pulled chicken med bacon (FE0794)	6912.0	0.0	6912.0	6912.0	0	21	EINGANG +
202617	FA-DE Ofengerösteter Lachs & Dill-Joghurt (FE1145)	6528.0	32.0	6496.0	6496.0	0	28	EINGANG +
202617	FA-DE Turmeric Cayenne Pineapple Ginger Shot	6266.0	0.0	6266.0	6266.0	0	29	EINGANG +
202617	FA-DE Gegrilltes Schweinefilet mit Tomatenbutter (FE4010)	6048.0	0.0	6048.0	6048.0	0	19	EINGANG +
202617	FA-DE Beef, Ground, 80/20 /Rindfleisch, gemahlen, 80/20	5460.0	0.0	5460.0	5460.0	0	23	EINGANG +
202617	FA-DE Indisches Butterhuhn (FE0472)	4704.0	0.0	4704.0	4704.0	0	14	EINGANG +
202617	Kartoffeln, gewürfelt, 10 mm	4660.0	405.0	4255.0	4255.0	0	25	EINGANG +
202617	FA-DE Gegrilltes Hähnchen in Ingwer-Knoblauch-Marinade (FE40	4224.0	0.0	4224.0	4224.0	0	14	EINGANG +
202617	FA-DE Spirulina Ginger Lime Ginger Shot	4032.0	0.0	4032.0	4032.0	0	19	EINGANG +
202617	FA-DE Kohl in Hackfleisch-Käsesauce (FE0713)	3264.0	0.0	3264.0	3264.0	0	12	EINGANG +
202617	FA-DE Schweinefilet auf mediterranem Püree (FE4042)	3264.0	0.0	3264.0	3264.0	0	14	EINGANG +
202617	Rindfleisch, Pulled, Sous Vide	1949.2	5015.91	-3066.71	-3066.71	0	18	AUSGANG -
202617	Öl, Olivenöl	5950.06	3088.21	2861.85	2861.85	0	74	EINGANG +
202617	Zucchini, Spiralnudeln	3240.0	705.0	2535.0	2535.0	0	19	EINGANG +
202617	FA-DE Schweinefilet mit Apfel-Senf-Soße (FE0890)	2400.0	0.0	2400.0	2400.0	0	7	EINGANG +
202617	FA-NO Small Half Box (B) - NORDICS	2400.0	0.0	2400.0	2400.0	0	7	EINGANG +
202617	Salmon - garlic seasoning	13288.01	11050.0	2238.01	2238.01	490000	80	EINGANG +
202617	S&P Roasted Green Beans 1	8289.01	6071.0	2218.01	2218.01	300000	93	EINGANG +
202617	Sauerrahm	2080.0	0.0	2080.0	2080.0	0	15	EINGANG +
202617	FA-DE Mexikanische Mais-Bowl (FE0121)	2048.0	32.0	2016.0	2016.0	0	13	EINGANG +
202617	Mixed veg - Roasted Peppers &	2254.64	246.39	2008.25	2008.25	458950	66	EINGANG +
202617	Jalapeno-Paprikaschoten, Nacho in Scheiben geschnitten	2665.6	666.4	1999.2	1999.2	0	10	EINGANG +
202617	Spinach - Creamed Spinach	15640.0	13753.0	1887.0	1887.0	391000	39	EINGANG +
202617	Toasted garlic cream	2256.0	450.0	1806.0	1806.0	416000	38	EINGANG +
202617	Milch, Kokosnuss	1800.0	0.0	1800.0	1800.0	0	4	EINGANG +
202617	Rosemary and Thyme Roasted Pot	333420.0	331632.0	1788.0	1788.0	403000	62	EINGANG +
202617	Pilz, Knopf, geschnitten, gewaschen	1740.0	25.0	1715.0	1715.0	0	7	EINGANG +
202617	Karotten, Münzschnitt 5 mm	1720.0	20.0	1700.0	1700.0	0	7	EINGANG +
202617	FA-DE Zucchini-Paprika-Ratatouille (FE0090)	1536.0	0.0	1536.0	1536.0	0	7	EINGANG +
202617	FA-NO Large Box (G) - NORDICS	1400.0	0.0	1400.0	1400.0	0	10	EINGANG +
202617	Diced Chicken - Garlic & Herb	1292.41	175.1	1117.31	1117.31	165100	32	EINGANG +
202617	FV4064A - Ginger Garlic Grilled Chicken [DE]	960.0	0.0	960.0	960.0	0	6	EINGANG +
202617	Lachs, ohne Haut, ohne Knochen, Filet - IQF	0.0	903.56	-903.56	-903.56	0	2	AUSGANG -
202617	Blumenkohl, Röschen	1060.0	182.84	877.16	877.16	0	20	EINGANG +
202617	Sauce - Creamy Gochugaru Sauce	872.65	0.0	872.65	872.65	349860	23	EINGANG +
202617	Blumenkohl, Reis, IQF	0.0	791.06	-791.06	-791.06	0	2	AUSGANG -
202617	Zucchini, gewürfelt 10 mm	980.0	210.0	770.0	770.0	0	11	EINGANG +
202617	Brown Basmati Rice with GGS	1080.77	344.76	736.01	736.0	176500	24	EINGANG +
202617	FA-NO Medium Box (F) - NORDICS	700.0	0.0	700.0	700.0	0	5	EINGANG +
202617	Käse, Sahne, 13% Fett	0.0	648.34	-648.34	-648.34	0	5	AUSGANG -
202617	Gewürz, schwarzer Pfeffer, gemahlen	0.0	634.44	-634.44	-634.44	0	43	AUSGANG -
202617	Milch, voll	0.0	631.36	-631.36	-631.36	0	4	AUSGANG -
202617	Sauce - Pesto	23876.0	23245.0	631.0	631.0	100000	19	EINGANG +
202617	FV1346A - Parmesan & Garlic Cream Shredded Beef [DKSE]	560.0	0.0	560.0	560.0	0	3	EINGANG +
202617	Diced chicken - Butter Chicken	1288.0	730.0	558.0	558.0	114000	26	EINGANG +
202617	Cauliflower - Chile-Garlic Cau	843.98	288.37	555.61	555.61	277800	31	EINGANG +
202617	Sauce - Butter Chicken sauce	880.0	325.0	555.0	555.0	105000	19	EINGANG +
202617	FA-DE Liner S	540.0	0.0	540.0	540.0	0	3	EINGANG +
202617	Gewürz, Knoblauch granuliert	240.0	759.78	-519.78	-519.78	0	22	AUSGANG -
202617	FA-NO Nordics Box Size XS	500.0	0.0	500.0	500.0	0	5	EINGANG +
202617	Automatenstretchfolie XCP, 2100m	495.0	0.0	495.0	495.0	0	15	EINGANG +
202617	Zwiebel, Spanisch, gewürfelt 5 mm	600.0	140.06	459.94	459.94	0	28	EINGANG +
202617	Grüne Bohnen, frisch und geschnitten	0.0	422.43	-422.43	-422.43	0	1	AUSGANG -
202617	Cauliflower rice - Cilantro an	5295.0	4875.0	420.0	420.0	82000	44	EINGANG +
202617	Brokkoli, Röschen	3840.0	4255.14	-415.14	-415.14	0	45	AUSGANG -
202617	FA-DE Medium Box	400.0	0.0	400.0	400.0	0	5	EINGANG +
202617	Gewürz, gemahlener Kreuzkümmel	400.0	2.22	397.78	397.78	0	13	EINGANG +
202617	Tomaten, gewürfelt, 10 mm	496.0	104.0	392.0	392.0	0	11	EINGANG +
202617	Käse, Parmesan, gerieben	0.08	379.62	-379.54	-379.54	0	17	AUSGANG -
202617	Tomaten, Kirsche	472.0	104.0	368.0	368.0	0	11	EINGANG +
202617	Butter, ungesalzen	0.0	362.55	-362.55	-362.55	0	1	AUSGANG -
202617	FV0970A - Caramelized Onion & Emmental Fondue Chicken [DKSE]	350.0	0.0	350.0	350.0	0	1	EINGANG +
202617	Edamame Succotash	343.46	4.0	339.46	339.46	165700	17	EINGANG +
202617	Broccoli - Sesame Broccoli	638.74	307.32	331.42	331.41	129120	25	EINGANG +
202617	Schnittlauch, getrocknet	344.0	14.97	329.03	329.03	0	18	EINGANG +
202617	Paprika, grün, in Scheiben geschnitten, 10 mm	360.0	40.0	320.0	320.0	0	12	EINGANG +
202617	Gewürze, Zwiebelpulver, geröstet	480.0	792.08	-312.08	-312.08	0	36	AUSGANG -
202617	Gewürz, Ancho-Chili-Pulver	300.0	0.0	300.0	300.0	0	4	EINGANG +
202617	FA-DE Gegrilltes Hähnchen mit Knoblauch-Kräutern (FEA006)	288.0	0.0	288.0	288.0	0	7	EINGANG +
202617	Gewürz, Knoblauchpulver, geröstet	300.0	22.23	277.77	277.77	0	8	EINGANG +
202617	Gewürze, italienische Gewürze	275.5	0.0	275.5	275.5	0	9	EINGANG +
202617	FA-DE Capers, Preserved/Kapern, konserviert	339.2	84.8	254.4	254.4	0	6	EINGANG +
202617	Rosmarin, IQF	0.0	252.2	-252.2	-252.2	0	8	AUSGANG -
202617	Thymian, IQF	0.0	252.2	-252.2	-252.2	0	8	AUSGANG -
202617	FA-DE Liner M2	250.0	0.0	250.0	250.0	0	5	EINGANG +
202617	Compound butter - Sun-Dried To	2447.0	2202.0	245.0	245.0	43000	13	EINGANG +
202617	Saft, Zitrone	231.0	0.0	231.0	231.0	0	6	EINGANG +
202617	Sahne 20%	0.0	224.58	-224.58	-224.58	0	10	AUSGANG -
202617	Knoblauch, geschält, ganze Nelken [10kg]	201.5	0.0	201.5	201.5	0	15	EINGANG +
202617	FA-DE Liner L1	200.0	0.0	200.0	200.0	0	5	EINGANG +
202617	Paprika, rot, in Scheiben geschnitten, 10 mm	240.0	43.85	196.15	196.15	0	23	EINGANG +
202617	Zwiebeln, rot, geschnitten 5 mm	200.0	30.0	170.0	170.0	0	11	EINGANG +
202617	FA-DE Liner M1	150.0	0.0	150.0	150.0	0	5	EINGANG +
202617	Gewürze, getrocknete Zwiebelflocken	150.0	0.0	150.0	150.0	0	4	EINGANG +
202617	Öl, Sesamsamen, geröstet	165.25	35.19	130.05	130.05	0	25	EINGANG +
202617	Gewürz, Lorbeerblattpulver	126.0	0.0	126.0	126.0	0	6	EINGANG +
202617	Factor, Beef, Sous Vide, Shred	152.0	30.0	122.0	122.0	20000	25	EINGANG +
202617	Käse, Mozzarella, gerieben	154.27	33.57	120.7	120.7	33567	12	EINGANG +
202617	Gewürz, Dill getrocknet	120.0	0.0	120.0	120.0	0	4	EINGANG +
202617	Roasted Green Onions	5249.0	5130.0	119.0	119.0	22000	25	EINGANG +
202617	Herb-Parmesan Butter (best)	6813.0	6696.0	117.0	117.0	29000	9	EINGANG +
202617	Saft, Limette	123.0	6.38	116.62	116.62	0	9	EINGANG +
202617	Teriyaki Sauce	115.66	10.0	105.66	105.66	37330	11	EINGANG +
202617	Petersilie, gehackt	128.0	27.0	101.0	101.0	0	19	EINGANG +
202617	Zwiebel, Spanisch, gewürfelt 10 mm	120.0	20.0	100.0	100.0	0	11	EINGANG +
202617	Reinigungstuch (228 x 228)	91.0	0.0	91.0	91.0	0	8	EINGANG +
202617	Gewürze, gemahlene Nelken	90.0	0.0	90.0	90.0	0	12	EINGANG +
202617	Spinat, frisch, ohne Stiel	104.0	20.21	83.79	83.79	0	18	EINGANG +
202617	Saft, Orange	77.0	0.1	76.9	76.9	0	12	EINGANG +
202617	FA-DE Liner L2	75.0	0.0	75.0	75.0	0	5	EINGANG +
202617	Paprika, rot, gewürfelt 10 mm	80.0	15.12	64.88	64.88	0	13	EINGANG +
202617	Gewürz, grüne Zwiebel granuliert	63.0	0.0	63.0	63.0	0	3	EINGANG +
202617	Gewürz, Basilikum, getrocknet	60.0	0.0	60.0	60.0	0	4	EINGANG +
202617	Schalotten, gewürfelt, 5 mm	60.0	0.0	60.0	60.0	0	5	EINGANG +
202617	Zucker, Kokosnuss	60.0	0.05	59.95	59.95	0	4	EINGANG +
202617	Brühe, Huhn, Reduziert	0.0	59.45	-59.45	-59.45	0	10	AUSGANG -
202617	Tamari, natriumreduzierte Sojasauce	48.0	0.07	47.93	47.93	0	12	EINGANG +
202617	Koriander, gehackt	0.0	42.53	-42.53	-42.53	0	4	AUSGANG -
202617	Gewürz, Chilipulver	40.03	1.11	38.92	38.92	0	10	EINGANG +
202617	Gewürz, Harissa-Pulver	36.0	0.0	36.0	36.0	0	3	EINGANG +
202617	Gewürz, Jalapeno-Pulver	30.0	0.0	30.0	30.0	0	5	EINGANG +
202617	Gewürz, Senfkörner gemahlen, Trockenmasse	30.0	0.0	30.0	30.0	0	4	EINGANG +
202617	Edamame, Soja	30.0	0.56	29.44	29.44	0	5	EINGANG +
202617	Öl, Gerösteter Knoblauch	34.4	63.78	-29.38	-29.38	0	6	AUSGANG -
202617	Gewürze, Meersalz	352.1	380.89	-28.79	-28.79	0	78	AUSGANG -
202617	Essig, Reis	28.5	0.02	28.48	28.48	0	7	EINGANG +
202617	Basilikum, frisch	30.0	3.0	27.0	27.0	0	6	EINGANG +
202617	Knoblauch, IQF, gewürfelt 4 mm	40.0	16.1	23.9	23.9	0	31	EINGANG +
202617	Gewürz, gehackter Knoblauch, geröstet, trocken	0.0	22.23	-22.23	-22.23	0	4	AUSGANG -
202617	Joghurt, Griechisch, Natur	28.0	44.41	-16.41	-16.41	0	6	AUSGANG -
202617	Dill, frisch	16.0	0.0	16.0	16.0	0	5	EINGANG +
202617	Roasted Garlic and Parsley Roasted Potato - SH	16.0	0.0	16.0	16.0	0	1	EINGANG +
202617	Essig, Rotwein	15.0	0.0	15.0	15.0	0	7	EINGANG +
202617	Ingwer, IQF, gewürfelt 4 mm	0.0	14.87	-14.87	-14.87	0	8	AUSGANG -
202617	Paprika, grün, gewürfelt 10 mm	20.0	5.14	14.86	14.86	0	7	EINGANG +
202617	Rosmarin getrocknet	12.6	0.0	12.6	12.6	0	3	EINGANG +
202617	Tomatenmark	12.62	0.06	12.56	12.56	0	12	EINGANG +
202617	FV0035A - Salmon with pesto [DE]	10.0	0.0	10.0	10.0	0	2	EINGANG +
202617	Gewürz, Kurkuma	0.0	2.37	-2.37	-2.37	0	3	AUSGANG -
202617	Gewürz, Majoran getrocknet	1.54	0.0	1.54	1.54	0	4	EINGANG +
202617	Zwiebel, spanisch, in Scheiben geschnitten, 5 mm	0.0	1.37	-1.37	-1.37	0	12	AUSGANG -
202617	Wasser	0.0	1.06	-1.06	-1.06	0	11	AUSGANG -
202617	Gewürz, Sesamsamen, geröstet	1.0	0.03	0.97	0.97	0	6	EINGANG +
202617	Reis, Basmati, braun	0.0	0.66	-0.66	-0.66	0	4	AUSGANG -
202617	Spinat, gefrorener Blattspinat	0.1	0.0	0.1	0.1	0	7	EINGANG +
202617	Honig – Masse	0.0	0.05	-0.05	-0.05	0	1	AUSGANG -
202617	Zwiebeln, rot, gewürfelt, 10 mm	0.0	0.05	-0.05	-0.05	0	2	AUSGANG -
202617	Gewürz, Gochugaru-Chili-Pfefferflocken	0.0	0.04	-0.04	-0.04	0	13	AUSGANG -
202617	Gewürze, Zwiebeln granuliert	0.0	0.0	-0.0	-0.0	0	1	AUSGANG -
202617	Gewürze, gemahlener Ingwer	0.0	0.0	-0.0	-0.0	0	1	AUSGANG -
202617	Gewürz, Fenchel gemahlen	0.0	0.0	0.0	0.0	0	2	NEUTRAL
202617	Gewürz, gemahlene Muskatnuss	0.0	0.0	0.0	0.0	0	2	NEUTRAL
202617	Gewürz, gemahlener Koriander	0.0	0.0	0.0	0.0	0	2	NEUTRAL
202617	Gewürz, gemahlener Zimt	0.0	0.0	0.0	0.0	0	2	NEUTRAL
202617	Gewürze, getrocknete Petersilie	0.0	0.0	0.0	0.0	0	5	NEUTRAL
202617	Gummi, Xanthan	0.0	0.0	0.0	0.0	0	1	NEUTRAL
202617	Hähnchenbrust, in Stücken, ohne Knochen und ohne Haut	0.0	0.0	0.0	0.0	0	6	NEUTRAL
202617	Mandeln, geschnitten, blanchiert	0.0	0.0	0.0	0.0	0	1	NEUTRAL
202617	Stärke, Tapioka	0.0	0.0	0.0	0.0	0	1	NEUTRAL
202618	FA-DE Small Box	20003600.0	0.0	20003600.0	20003600.0	0	11	EINGANG +
202618	FA-NO Nordics Box Size XS	20001600.0	0.0	20001600.0	20001600.0	0	6	EINGANG +
202618	FA-NO Nordics Box Size S	20001520.0	0.0	20001520.0	20001520.0	0	6	EINGANG +
202618	FA-NO Nordics Box Size L	20000720.0	0.0	20000720.0	20000720.0	0	6	EINGANG +
202618	FA-NO Nordics Box Size M	20000720.0	0.0	20000720.0	20000720.0	0	6	EINGANG +
202618	FA-NO Ice Pack (500 ml)	10148512.0	0.0	10148512.0	10148512.0	0	153	EINGANG +
202618	FA-DE Chain Ice Pack (3 x 500 ml)	10056628.0	0.0	10056628.0	10056628.0	0	153	EINGANG +
202618	FA-DE Liner S	10003720.0	186.0	10003534.0	10003534.0	0	15	EINGANG +
202618	FA-DE Liner M2	10002112.0	0.0	10002112.0	10002112.0	0	18	EINGANG +
202618	FA-DE Liner M1	10001848.0	0.0	10001848.0	10001848.0	0	12	EINGANG +
202618	FA-DE Large Box	10001260.0	0.0	10001260.0	10001260.0	0	8	EINGANG +
202618	FA-DE Medium Box	10001000.0	0.0	10001000.0	10001000.0	0	6	EINGANG +
202618	FA-DE Liner L2	10000264.0	0.0	10000264.0	10000264.0	0	3	EINGANG +
202618	FA-DE Liner L1	10000192.0	0.0	10000192.0	10000192.0	0	3	EINGANG +
202618	FA-DE Blank Sleeve - All Black	10000000.0	0.0	10000000.0	10000000.0	0	1	EINGANG +
202618	Poultry	1207500.0	16100.0	1191400.0	1191400.0	0	100	EINGANG +
202618	Seafood	627900.0	0.0	627900.0	627900.0	0	53	EINGANG +
202618	Rindfleisch, Pulled, Sous Vide	5889.0	617237.19	-611348.19	-611348.19	0	21	AUSGANG -
202618	Beef	549700.0	0.0	549700.0	549700.0	0	46	EINGANG +
202618	FA-DE Beef, Ground, 80/20 /Rindfleisch, gemahlen, 80/20	360.0	331136.09	-330776.09	-330776.09	0	8	AUSGANG -
202618	Pork	299000.0	0.0	299000.0	299000.0	0	29	EINGANG +
202618	Zwiebel, grün, in Scheiben geschnitten, 5 mm	0.0	205741.76	-205741.76	-205741.76	0	1	AUSGANG -
202618	Tomaten, Kirsche	0.0	203643.14	-203643.14	-203643.14	0	1	AUSGANG -
202618	Apfel, Gewürfelt 10 mm	150000.0	0.0	150000.0	150000.0	0	3	EINGANG +
202618	Vegetarian	115920.0	0.0	115920.0	115920.0	0	9	EINGANG +
202618	Paprika, grün, in Scheiben geschnitten, 10 mm	0.0	71548.54	-71548.54	-71548.54	0	1	AUSGANG -
202618	Paprika, rot, in Scheiben geschnitten, 10 mm	0.0	71548.54	-71548.54	-71548.54	0	1	AUSGANG -
202618	Zwiebeln, rot, geschnitten 5 mm	0.0	51117.06	-51117.06	-51117.06	0	1	AUSGANG -
202618	Hähnchenunterschenkel in Kräutermarinade, 1000g, 8 Stück - Q	50000.0	0.0	50000.0	50000.0	0	1	EINGANG +
202618	Wasser	0.0	36940.57	-36940.57	-36940.57	0	2	AUSGANG -
202618	FA-DE Prawns 21/25 /Garnelen 21/25 - IQF	18370.0	0.0	18370.0	18370.0	0	45	EINGANG +
202618	Öl, Olivenöl	270.0	16906.76	-16636.76	-16636.76	0	6	AUSGANG -
202618	Zwiebel, Spanisch, gewürfelt 5 mm	0.0	13841.08	-13841.08	-13841.08	0	2	AUSGANG -
202618	FA-NO Grillet kyllingefilet og kartoffel-porremos (FE0426)	13650.0	38.0	13612.0	13612.0	0	54	EINGANG +
202618	FA-DE Rindfleisch mit BBQ-Sauce (FE4027)	12816.0	176.0	12640.0	12640.0	0	44	EINGANG +
202618	FA-NO Oksekød med BBQ sauce (FE4027)	12560.0	48.0	12512.0	12512.0	0	48	EINGANG +
202618	FA-DE Hähnchen mit Champignons und Reis (FE0628)	10798.0	90.0	10708.0	10708.0	0	39	EINGANG +
202618	FA-DE Gegrilltes Hähnchenfilet mit Kartoffel-Lauch-Püree (FE	10812.0	132.0	10680.0	10680.0	0	46	EINGANG +
202618	FA-NO Kylling med svampe og ris (FE0628)	10656.0	0.0	10656.0	10656.0	0	36	EINGANG +
202618	FA-DE Tzatziki-Lachs & Zitronenreis (FE1439)	10629.0	55.0	10574.0	10574.0	0	37	EINGANG +
202618	FA-NO Tetrazzini med kylling og svampe (FE0386)	8352.0	0.0	8352.0	8352.0	0	30	EINGANG +
202618	FA-DE Lachs in cremiger Gochugaru-Sauce (FE4039)	8217.0	99.0	8118.0	8118.0	0	34	EINGANG +
202618	Gewürze, Zwiebeln granuliert	0.0	7909.19	-7909.19	-7909.19	0	2	AUSGANG -
202618	Knoblauch, IQF, gewürfelt 4 mm	0.0	7909.19	-7909.19	-7909.19	0	2	AUSGANG -
202618	FA-DE Pulled Chicken mit Bacon (FE0794)	7782.0	82.0	7700.0	7700.0	0	30	EINGANG +
202618	FA-DE Grillhähnchen und Ratatouille (FE4015)	7296.0	80.0	7216.0	7216.0	0	33	EINGANG +
202618	FA-DE Retention Flyer-1	7000.0	0.0	7000.0	7000.0	0	8	EINGANG +
202618	FA-NO Grillet kylling og ratatouille (FE4015)	6780.0	4.0	6776.0	6776.0	0	29	EINGANG +
202618	FA-NO Laks med tzatziki og citronris (FE1439)	6650.0	30.0	6620.0	6620.0	0	27	EINGANG +
202618	FA-NO Pulled chicken med bacon (FE0794)	6384.0	0.0	6384.0	6384.0	0	24	EINGANG +
202618	FA-DE Cheddar Pulled Beef (FE4063)	6384.0	96.0	6288.0	6288.0	0	34	EINGANG +
202618	FA-DE Hähnchen-Pilz-Tetrazzini (FE0386)	6309.0	39.0	6270.0	6270.0	0	31	EINGANG +
202618	FA-NO Pulled beef med cheddar (FE4063)	6069.0	39.0	6030.0	6030.0	0	33	EINGANG +
202618	FA-DE Retention Flyer-2	5000.0	0.0	5000.0	5000.0	0	6	EINGANG +
202618	FA-NO Kylling i cremet spinat (FE0207)	4317.0	15.0	4302.0	4302.0	0	19	EINGANG +
202618	FA-DE Schweinefilet in Sauce aus sonnengetrockneten Tomaten	4290.0	22.0	4268.0	4268.0	0	18	EINGANG +
202618	FA-NO Laks i cremet gochugaru sauce (FE4039)	4224.0	0.0	4224.0	4224.0	0	14	EINGANG +
202618	Gewürz, Knoblauch granuliert	40.0	3954.6	-3914.6	-3914.6	0	7	AUSGANG -
202618	FA-DE Hähnchen in Spinat-Creme (FE0207)	3891.0	33.0	3858.0	3858.0	0	24	EINGANG +
202618	FA-NO Svinemørbrad i soltørret tomatsauce (FE4006)	3852.0	20.0	3832.0	3832.0	0	19	EINGANG +
202618	Grüne Bohnen, frisch und geschnitten	3301.65	5.0	3296.65	3296.65	0	29	EINGANG +
202618	FA-DE Zucchini-Spaghetti Bolognese (FE0849)	3156.0	12.0	3144.0	3144.0	0	16	EINGANG +
202618	FA-NO Squash-spaghetti bolognese (FE0849)	2816.0	0.0	2816.0	2816.0	0	10	EINGANG +
202618	FA-NO Svinemørbrad i rød peberfrugtsauce (FE0430)	2664.0	8.0	2656.0	2656.0	0	14	EINGANG +
202618	Brühe, Huhn, Reduziert	0.0	2628.64	-2628.64	-2628.64	0	2	AUSGANG -
202618	FA-DE Retention Flyer-3	2500.0	0.0	2500.0	2500.0	0	6	EINGANG +
202618	FA-DE Chicken, Breast, B/S - 160g/Hähnchen, Brust, B/S – 160	2440.0	30.0	2410.0	2410.0	0	13	EINGANG +
202618	Gewürze, Meersalz	60.01	2353.99	-2293.99	-2293.99	0	16	AUSGANG -
202618	FA-DE Rindhackfleisch mit Käsesauce (FE0612)	2208.0	0.0	2208.0	2208.0	0	10	EINGANG +
202618	FA-NO Hakket oksekødsret med ostesauce (FE0612)	2160.0	0.0	2160.0	2160.0	0	10	EINGANG +
202618	FA-DE Ginger Lemon Apple Ginger Shot	2141.0	0.0	2141.0	2141.0	0	9	EINGANG +
202618	FA-NO Svinemørbrad med cremet porre (FE4048)	2052.0	12.0	2040.0	2040.0	0	14	EINGANG +
202618	FA-DE Spirulina Ginger Lime Ginger Shot	1629.0	0.0	1629.0	1629.0	0	9	EINGANG +
202618	FA-DE Schweinefilet in Paprika-Sauce (FE0430)	1584.0	0.0	1584.0	1584.0	0	10	EINGANG +
202618	FA-DE Retention Flyer-4	1500.0	0.0	1500.0	1500.0	0	6	EINGANG +
202618	FA-DE Turmeric Cayenne Pineapple Ginger Shot	1461.0	0.0	1461.0	1461.0	0	10	EINGANG +
202618	FA-DE Schweinefilet in Lauchcreme (FE4048)	1344.0	0.0	1344.0	1344.0	0	10	EINGANG +
202618	Zwiebel, spanisch, in Scheiben geschnitten, 5 mm	1467.0	224.0	1243.0	1243.0	0	14	EINGANG +
202618	FA-NO Mexicansk majskage (FE0121)	1077.0	39.0	1038.0	1038.0	0	9	EINGANG +
202618	FA-DE Mexikanische Mais-Bowl (FE0121)	1035.0	25.0	1010.0	1010.0	0	9	EINGANG +
202618	FA-NO Cremet tomatrisotto (FE0031)	828.0	20.0	808.0	808.0	0	9	EINGANG +
202618	Gewürz, Knoblauchpulver, geröstet	0.0	778.24	-778.24	-778.24	0	1	AUSGANG -
202618	Gewürze, italienische Gewürze	0.0	542.57	-542.57	-542.57	0	2	AUSGANG -
202618	Courgette - Sesame Zucchini No	1505.0	990.0	515.0	515.0	103000	23	EINGANG +
202618	Pilz, Knopf, geschnitten, gewaschen	400.0	0.0	400.0	400.0	0	6	EINGANG +
202618	Beef burger - Beef Burger Mast	513.09	120.02	393.06	393.06	120000	29	EINGANG +
202618	FA-DE Cremiges Tomaten-Risotto (FE0031)	576.0	192.0	384.0	384.0	0	4	EINGANG +
202618	Sauce - Creamy Gochugaru Sauce	360.0	0.0	360.0	360.0	72000	7	EINGANG +
202618	Smoky Cauliflower Florets	335.14	0.04	335.11	335.11	67000	19	EINGANG +
202618	Shredded Sous Vide Beef Chuck	507.0	189.0	318.0	318.0	63000	10	EINGANG +
202618	Gewürz, schwarzer Pfeffer, gemahlen	0.0	309.65	-309.65	-309.65	0	1	AUSGANG -
202618	Mac n Cheese Sauce - chili che	285.0	0.0	285.0	285.0	57000	7	EINGANG +
202618	FA-NO Grillet kylling med hvidlød og urter (FEA006)	292.0	12.0	280.0	280.0	0	9	EINGANG +
202618	Mixed veg - Summer Zucchini Ro	250.07	0.02	250.05	250.05	50000	14	EINGANG +
202618	Salmon - garlic seasoning	300.06	75.02	225.04	225.04	75000	17	EINGANG +
202618	Mixed veg - Italian Peppers &	323.07	102.02	221.05	221.05	44000	13	EINGANG +
202618	Karotten, Münzschnitt 5 mm	200.0	0.0	200.0	200.0	0	5	EINGANG +
202618	Roasted Garlic and Parsley Roasted Potato - SH	818.0	628.0	190.0	190.0	54000	21	EINGANG +
202618	Tomatoes - Roasted grape tomat	181.04	0.01	181.03	181.03	36000	12	EINGANG +
202618	FA-DE Gegrilltes Hähnchen mit Knoblauch-Kräutern (FEA006)	144.0	0.0	144.0	144.0	0	5	EINGANG +
202618	Knoblauch, geschält, ganze Nelken [10kg]	124.02	5.59	118.43	118.43	0	11	EINGANG +
202618	Mozzarella + Parsley Mix	77.01	0.0	77.01	77.01	11000	14	EINGANG +
202618	Käse, weißer Cheddar, gerieben	60.0	0.0	60.0	60.0	36000	6	EINGANG +
202618	Gewürz, Senfkörner gemahlen, Trockenmasse	40.0	0.0	40.0	40.0	0	6	EINGANG +
202618	Gewürz, Ancho-Chili-Pulver	40.0	0.0	40.0	40.0	0	5	EINGANG +
202618	Gewürz, Buttermilchpulver	40.0	0.0	40.0	40.0	0	5	EINGANG +
202618	Tomaten, gewürfelt, 10 mm	37.35	0.0	37.35	37.35	0	3	EINGANG +
202618	Gewürz, Thymian trocken	30.0	0.0	30.0	30.0	0	5	EINGANG +
202618	Roasted Green Onions	121.0	95.0	26.0	26.0	5000	8	EINGANG +
202618	Gewürz, Chilipulver	10.0	0.0	10.0	10.0	0	2	EINGANG +
202618	Factor, Spice, Mustard Seed Ground, Dry - Bulk	0.01	0.0	0.01	0.01	0	5	EINGANG +
202618	Käse, Sahne, 13% Fett	0.0	0.0	0.0	0.0	0	2	EINGANG +
202619	Karotten, Münzschnitt 5 mm	0.0	717467.08	-717467.08	-717467.08	0	4	AUSGANG -
202619	Grüne Bohnen, frisch und geschnitten	8082.79	579544.52	-571461.73	-571461.73	0	68	AUSGANG -
202619	Brokkoli, Röschen	0.0	376636.94	-376636.94	-376636.94	0	2	AUSGANG -
202619	Sahne 20%	0.0	237621.75	-237621.75	-237621.75	0	2	AUSGANG -
202619	Zwiebel, grün, in Scheiben geschnitten, 5 mm	0.0	205803.49	-205803.49	-205803.49	0	3	AUSGANG -
202619	FA-DE Freebies (TZ)	200000.0	0.0	200000.0	200000.0	0	6	EINGANG +
202619	Pilz, Knopf, geschnitten, gewaschen	0.0	190979.73	-190979.73	-190979.73	0	1	AUSGANG -
202619	Blumenkohl, Reis, IQF	0.0	145889.21	-145889.21	-145889.21	0	1	AUSGANG -
202619	Öl, Olivenöl	1316.19	128070.03	-126753.84	-126753.84	0	54	AUSGANG -
202619	FA-NO Freebies (TK)	120000.0	0.0	120000.0	120000.0	0	5	EINGANG +
202619	FA-NO Freebies (TV)	120000.0	0.0	120000.0	120000.0	0	5	EINGANG +
202619	Thyme Roasted Mushrooms (less	222174.0	110319.0	111855.0	111855.0	357000	114	EINGANG +
202619	Swiss Cheese Sauce - More Salt	101230.0	50178.0	51052.0	51052.0	216000	36	EINGANG +
202619	FA-NO Nordics Box Size XS	45600.0	400.0	45200.0	45200.0	0	139	EINGANG +
202619	Honig – Masse	0.0	44793.88	-44793.88	-44793.88	0	4	AUSGANG -
202619	Garlic Herb Butter	80287.0	40000.0	40287.0	40287.0	50000	21	EINGANG +
202619	Käse, Sahne, 13% Fett	0.0	37608.12	-37608.12	-37608.12	0	1	AUSGANG -
202619	Butter, ungesalzen	36.0	31192.26	-31156.26	-31156.26	0	10	AUSGANG -
202619	FA-DE Liner S	29574.0	186.0	29388.0	29388.0	0	186	EINGANG +
202619	Senf, Dijon	0.0	25353.91	-25353.91	-25353.91	0	1	AUSGANG -
202619	Milch, voll	0.0	20598.84	-20598.84	-20598.84	0	4	AUSGANG -
202619	Zwiebel, Spanisch, gewürfelt 5 mm	0.0	20483.28	-20483.28	-20483.28	0	2	AUSGANG -
202619	Saft, Zitrone	0.0	13526.18	-13526.18	-13526.18	0	3	AUSGANG -
202619	FA-DE Liner L1	13056.0	0.0	13056.0	13056.0	0	160	EINGANG +
202619	FA-DE Grillhähnchen und Ratatouille (FE4015)	12096.0	0.0	12096.0	12096.0	0	40	EINGANG +
202619	FA-NO Grillet kylling og ratatouille (FE4015)	11845.0	39.0	11806.0	11806.0	0	46	EINGANG +
202619	FV0970A - Caramelized Onion & Emmental Fondue Chicken [DE]	11537.0	0.0	11537.0	11537.0	0	32	EINGANG +
202619	Käse, Parmesan, gerieben	120.0	11592.76	-11472.76	-11472.76	0	7	AUSGANG -
202619	FA-NO Nordics Box Size M	10620.0	180.0	10440.0	10440.0	0	94	EINGANG +
202619	Knoblauch, IQF, gewürfelt 4 mm	0.0	9656.7	-9656.7	-9656.7	0	7	AUSGANG -
202619	Schalotten, gewürfelt, 5 mm	0.0	9445.73	-9445.73	-9445.73	0	1	AUSGANG -
202619	Roasted Green Onions	18269.0	9009.0	9260.0	9260.0	26000	23	EINGANG +
202619	Gewürze, Meersalz	120.0	8949.76	-8829.75	-8829.75	0	35	AUSGANG -
202619	FA-DE Grünes Chili-Hähnchen mit Quinoa-Salsa (FE1636)	8640.0	0.0	8640.0	8640.0	0	28	EINGANG +
202619	FA-DE Geschmortes Rindfleisch in Kräuterjus (FE0413)	8352.0	0.0	8352.0	8352.0	0	30	EINGANG +
202619	FA-NO Braiseret oksekød i urtesauce (FE0413)	7712.0	64.0	7648.0	7648.0	0	30	EINGANG +
202619	FA-DE Westafrikanisches Hähnchen-Erdnuss-Curry (FE1451)	7584.0	0.0	7584.0	7584.0	0	28	EINGANG +
202619	FA-DE Liner L2	7392.0	0.0	7392.0	7392.0	0	72	EINGANG +
202619	FA-DE Rinderragù mit sonnengetrockneten Tomaten und Pasta (F	6960.0	0.0	6960.0	6960.0	0	22	EINGANG +
202619	FA-NO Vestfrikansk-inspireret peanut-kyllingecurry (FE1451)	6804.0	28.0	6776.0	6776.0	0	28	EINGANG +
202619	FA-NO Chilensk inspireret kylling med salsa-quinoa (FE1636)	6304.0	0.0	6304.0	6304.0	0	24	EINGANG +
202619	FA-NO Pulled pork i rød chilisauce (FE4049)	5658.0	30.0	5628.0	5628.0	0	24	EINGANG +
202619	FA-DE Pulled Pork-Chilli-Bow (FE4049)	5136.0	0.0	5136.0	5136.0	0	16	EINGANG +
202619	FA-DE Ají Verde Lachs (FE1320)	5088.0	0.0	5088.0	5088.0	0	16	EINGANG +
202619	FA-NO Pasta med oksekødsragù og soltørrede tomater (FE4075)	5088.0	0.0	5088.0	5088.0	0	20	EINGANG +
202619	FA-DE Scharfes Hähnchen mit Jalapeño, Limette und Cheddar (F	4992.0	0.0	4992.0	4992.0	0	16	EINGANG +
202619	Brühe, Huhn, Reduziert	0.0	4934.44	-4934.44	-4934.44	0	1	AUSGANG -
202619	FV0970A - Caramelized Onion & Emmental Fondue Chicken [DKSE]	4919.0	9.0	4910.0	4910.0	0	16	EINGANG +
202619	Salmon - garlic seasoning	5907.0	1035.0	4872.0	4872.0	865000	121	EINGANG +
202619	Gewürz, schwarzer Pfeffer, gemahlen	40.0	4095.37	-4055.37	-4055.37	0	20	AUSGANG -
202619	FA-NO Laks med aji verde (FE1320)	4075.0	153.0	3922.0	3922.0	0	18	EINGANG +
202619	Gewürz, Senfkörner gemahlen, Trockenmasse	0.0	3830.68	-3830.68	-3830.68	0	1	AUSGANG -
202619	Garlic Spinach Stamppot	4420.0	849.0	3571.0	3571.0	791000	61	EINGANG +
202619	Chicken breast - Herb Grilled Chicken Breast	3868.0	502.0	3366.0	3366.0	583000	65	EINGANG +
202619	FV4009A - Salmon with a mustar	3290.0	0.0	3290.0	3290.0	0	7	EINGANG +
202619	FV0972A - Salmon Piccata [DKSE	2983.0	0.0	2983.0	2983.0	0	6	EINGANG +
202619	Gewürz, Knoblauch granuliert	40.0	2843.6	-2803.6	-2803.6	0	13	AUSGANG -
202619	FV4009A - Salmon with a mustard dill sauce [DE]	2763.0	0.0	2763.0	2763.0	0	7	EINGANG +
202619	Garlic Herb Marinated Salmon	2989.01	249.0	2740.01	2740.01	506000	78	EINGANG +
202619	FA-NO Spicy kylling med jalapeño, lime og cheddar (FE0198)	2736.0	0.0	2736.0	2736.0	0	12	EINGANG +
202619	Broccoli - S&P IQF Broccoli FL	2863.01	189.0	2674.01	2674.01	421000	122	EINGANG +
202619	FA-DE Gegrilltes Hähnchen in Ingwer-Knoblauch-Marinade (FE40	2432.0	0.0	2432.0	2432.0	0	10	EINGANG +
202619	Rindfleisch, Pulled, Sous Vide	2415.0	0.0	2415.0	2415.0	0	8	EINGANG +
202619	Green Beans CUT 1-1/2 - Fresh	2972.0	566.0	2406.0	2406.0	465000	89	EINGANG +
202619	Parmesan Cauliflower Mash - Ri	2269.01	29.0	2240.01	2240.01	525000	44	EINGANG +
202619	FV0972A - Salmon Piccata [DE]	2213.0	0.0	2213.0	2213.0	0	6	EINGANG +
202619	Dill, frisch	0.0	2207.51	-2207.51	-2207.51	0	1	AUSGANG -
202619	FA-DE Lachs-Bowl mit Zitrus-Miso (FE1731)	2112.0	0.0	2112.0	2112.0	0	8	EINGANG +
202619	FA-NO Grillet kylling med ingefær og hvidløg (FE4064)	1968.0	0.0	1968.0	1968.0	0	8	EINGANG +
202619	Hähnchenbrust, in Stücken, ohne Knochen und ohne Haut	1950.0	0.0	1950.0	1950.0	0	4	EINGANG +
202619	FA-NO Svinemørbrad i spicy ancho chili sauce (FE1072)	1920.0	0.0	1920.0	1920.0	0	8	EINGANG +
202619	FA-DE Schweinefilet in cremiger Knoblauch-Senf-Sauce (FE0169	1872.0	0.0	1872.0	1872.0	0	10	EINGANG +
202619	FA-NO Laksebowl med citrus-miso (FE1731)	1824.0	0.0	1824.0	1824.0	0	8	EINGANG +
202619	FA-NO Krydret hakkebøf med jalapenos (FE0746)	1776.0	0.0	1776.0	1776.0	0	8	EINGANG +
202619	FA-DE Scharfes Rinderhack mit Jalapeños (FE0746)	1728.0	0.0	1728.0	1728.0	0	8	EINGANG +
202619	Spinat, gefrorener Blattspinat	0.0	1604.88	-1604.88	-1604.88	0	3	AUSGANG -
202619	FA-NO Cremet tomatrisotto (FE0031)	1600.0	0.0	1600.0	1600.0	0	6	EINGANG +
202619	FA-DE Schweinefilet in scharfer Ancho-Chili-Sauce (FE1072)	1552.0	0.0	1552.0	1552.0	0	10	EINGANG +
202619	Reis, Basmati, braun	1500.0	0.0	1500.0	1500.0	0	4	EINGANG +
202619	Sauce - Creamy Dijon and Dill	1785.0	368.0	1417.0	1417.0	310000	40	EINGANG +
202619	S&P Roasted Green Beans 1	1588.0	173.0	1415.0	1415.0	368000	71	EINGANG +
202619	Honey-Garlic Roasted Carrot Co	1869.0	477.0	1392.0	1392.0	347000	89	EINGANG +
202619	FA-DE Beef, Ground, 80/20 /Rindfleisch, gemahlen, 80/20	1320.0	0.0	1320.0	1320.0	0	6	EINGANG +
202619	Essig, Weißwein	0.0	1236.9	-1236.9	-1236.9	0	1	AUSGANG -
202619	Knoblauch, geschält, ganze Nelken [10kg]	680.0	1910.67	-1230.67	-1230.67	0	11	AUSGANG -
202619	Kartoffeln, gewürfelt, 10 mm	0.0	1148.81	-1148.81	-1148.81	0	3	AUSGANG -
202619	FA-DE Cremiges Tomaten-Risotto (FE0031)	1104.0	0.0	1104.0	1104.0	0	4	EINGANG +
202619	Gewürz, Knoblauchpulver, geröstet	40.0	1102.27	-1062.27	-1062.27	0	7	AUSGANG -
202619	FA-NO Svinemørbrad i cremet hvidløg-sennepssauce (FE0169)	1056.0	0.0	1056.0	1056.0	0	6	EINGANG +
202619	Gewürze, getrocknete Petersilie	10.0	942.74	-932.74	-932.74	0	11	AUSGANG -
202619	FA-DE Zucchini-Paprika-Ratatouille (FE0090)	912.0	0.0	912.0	912.0	0	4	EINGANG +
202619	Petersilie, gehackt	0.0	709.24	-709.24	-709.24	0	1	AUSGANG -
202619	FA-NO Kylling i emmental-fondue med karamelliseret løg (FE09	1008.0	336.0	672.0	672.0	0	4	EINGANG +
202619	FA-NO Squash- og peberfrugtsratatouille (FE0090)	624.0	0.0	624.0	624.0	0	4	EINGANG +
202619	Keto French Onion Burger Onion	685.0	68.0	617.0	617.0	137000	15	EINGANG +
202619	FA-NO Nordics Box Size L	540.0	0.0	540.0	540.0	0	4	EINGANG +
202619	Schnittlauch, getrocknet	0.0	477.01	-477.01	-477.01	0	6	AUSGANG -
202619	Sauce - Piccata Sauce - Lower	418.0	14.0	404.0	404.0	75000	13	EINGANG +
202619	FA-NO Grillet kylling med hvidlød og urter (FEA006)	339.0	33.0	306.0	306.0	0	10	EINGANG +
202619	Essig, Reis	270.0	0.0	270.0	270.0	0	4	EINGANG +
202619	Gewürz, Thymian trocken	0.0	259.6	-259.6	-259.6	0	1	AUSGANG -
202619	FA-DE Hähnchen mit karamellisierten Zwiebeln & Emmentaler-Fo	192.0	0.0	192.0	192.0	0	4	EINGANG +
202619	Gewürz, Zitronenpulver	36.0	204.18	-168.17	-168.17	0	6	AUSGANG -
202619	FA-NO Laks Piccata  (FE0972)	225.0	75.0	150.0	150.0	0	4	EINGANG +
202619	FA-DE Gegrilltes Hähnchen mit Knoblauch-Kräutern (FEA006)	144.0	0.0	144.0	144.0	0	4	EINGANG +
202619	Joghurt, Griechisch, Natur	144.0	0.0	144.0	144.0	0	4	EINGANG +
202619	Käse, Feta	144.0	0.0	144.0	144.0	0	4	EINGANG +
202619	FA-NO Laks i dild- og sennepssauce (FE4009)	153.0	51.0	102.0	102.0	0	4	EINGANG +
202619	Gewürz, Gochugaru-Chili-Pfefferflocken	90.0	0.0	90.0	90.0	0	4	EINGANG +
202619	Gewürz, gemahlener Kreuzkümmel	80.0	0.0	80.0	80.0	0	10	EINGANG +
202619	Jalapeno-Paprikaschoten, gewürfelt, 5 mm	80.0	0.0	80.0	80.0	0	5	EINGANG +
202619	Gewürze, Zwiebeln granuliert	80.0	1.44	78.56	78.56	0	15	EINGANG +
202619	Basilikum, frisch	60.0	0.0	60.0	60.0	0	2	EINGANG +
202619	FA-DE Lachs Piccata (FE0972)	50.0	0.0	50.0	50.0	0	6	EINGANG +
202619	FA-DE Lachs in Senf-Dill-Sauce (FE4009)	50.0	0.0	50.0	50.0	0	6	EINGANG +
202619	Gewürz, geräucherter Paprika	40.0	0.0	40.0	40.0	0	5	EINGANG +
202619	Gewürze, Guajillo-Paprikaschoten, gemahlen	40.0	0.0	40.0	40.0	0	5	EINGANG +
202619	FA-DE Capers, Preserved/Kapern, konserviert	112.0	92.24	19.76	19.76	28000	9	EINGANG +
202619	Lachs, ohne Haut, ohne Knochen, Filet - IQF	0.0	0.0	0.0	0.0	0	4	NEUTRAL
202620	Grüne Bohnen, frisch und geschnitten	0.0	775874.01	-775874.01	-775874.01	0	1	AUSGANG -
202620	Butter, ungesalzen	0.0	182535.88	-182535.88	-182535.88	0	1	AUSGANG -
202620	Öl, Olivenöl	480.0	39596.33	-39116.33	-39116.33	0	4	AUSGANG -
202620	Käse, Parmesan, gerieben	0.0	18268.44	-18268.44	-18268.44	0	1	AUSGANG -
202620	Joghurt, Griechisch, Natur	0.0	10070.45	-10070.45	-10070.45	0	1	AUSGANG -
202620	Brokkoli, Röschen	3780.0	0.0	3780.0	3780.0	0	24	EINGANG +
202620	Gewürze, Meersalz	0.0	3550.48	-3550.48	-3550.48	0	2	AUSGANG -
202620	Ingwer, IQF, gewürfelt 4 mm	0.0	3358.4	-3358.4	-3358.4	0	1	AUSGANG -
202620	Gewürz, Knoblauch granuliert	40.0	3210.51	-3170.51	-3170.51	0	6	AUSGANG -
202620	Sauce - Butter Chicken sauce	2810.0	0.0	2810.0	2810.0	426000	40	EINGANG +
202620	Gewürz, schwarzer Pfeffer, gemahlen	80.0	2852.75	-2772.74	-2772.74	0	21	AUSGANG -
202620	Zwiebel, Spanisch, gewürfelt 5 mm	2250.0	0.0	2250.0	2250.0	0	18	EINGANG +
202620	Pilz, Knopf, geschnitten, gewaschen	2240.0	0.0	2240.0	2240.0	0	20	EINGANG +
202620	Cauliflower rice - Cilantro an	2076.01	0.0	2076.01	2076.01	381000	107	EINGANG +
202620	Gewürz, weißer Pfeffer	0.0	1782.29	-1782.29	-1782.29	0	1	AUSGANG -
202620	Gewürze, getrocknete Petersilie	0.0	1485.24	-1485.24	-1485.24	0	1	AUSGANG -
202620	Knoblauch, IQF, gewürfelt 4 mm	0.0	1342.89	-1342.89	-1342.89	0	1	AUSGANG -
202620	Diced chicken - Butter Chicken	1318.0	0.0	1318.0	1318.0	218000	26	EINGANG +
202620	Beef Burger Master EU	1229.0	0.0	1229.0	1229.0	320000	21	EINGANG +
202620	Loaded Roasted Sliced Mushroom	1083.0	0.0	1083.0	1083.0	265000	30	EINGANG +
202620	Green Beans CUT 1-1/2 - Fresh	1031.0	0.0	1031.0	1031.0	217000	29	EINGANG +
202620	Zwiebel, grün, in Scheiben geschnitten, 5 mm	915.0	0.0	915.0	915.0	0	10	EINGANG +
202620	Sauce for Beef Stroganoff - 1/	819.0	0.0	819.0	819.0	205000	13	EINGANG +
202620	Paprika, rot, gewürfelt 10 mm	655.0	0.0	655.0	655.0	0	6	EINGANG +
202620	Gewürz, Kurkuma	0.0	537.72	-537.72	-537.72	0	1	AUSGANG -
202620	Zwiebeln, rot, gewürfelt 5 mm	530.0	0.0	530.0	530.0	0	5	EINGANG +
202620	Koriander, gehackt	526.0	0.0	526.0	526.0	0	14	EINGANG +
202620	Gewürz, gemahlener Kreuzkümmel	0.0	505.65	-505.65	-505.65	0	1	AUSGANG -
202620	Roasted Green Onions	479.0	0.0	479.0	479.0	127000	15	EINGANG +
202620	Hähnchenbrust, in Stücken, ohne Knochen und ohne Haut	0.0	414.47	-414.47	-414.47	0	1	AUSGANG -
202620	Wasser	0.0	414.47	-414.47	-414.47	0	1	AUSGANG -
202620	Herb-Parmesan Butter	306.0	0.0	306.0	306.0	61000	8	EINGANG +
202620	Paprika, grün, gewürfelt 10 mm	265.0	0.0	265.0	265.0	0	5	EINGANG +
202620	Gewürz, Chilipulver	0.0	251.05	-251.05	-251.05	0	1	AUSGANG -
202620	Spinat, frisch, ohne Stiel	146.0	0.0	146.0	146.0	0	6	EINGANG +
202620	Gewürze, Zwiebeln granuliert	40.0	0.0	40.0	40.0	0	6	EINGANG +
202620	Gewürz, Gochugaru-Chili-Pfefferflocken	40.0	0.0	40.0	40.0	0	5	EINGANG +
202620	Gewürze, Paprika	40.0	0.0	40.0	40.0	0	5	EINGANG +
202620	Gewürz, Steinpilzpulver	32.0	0.0	32.0	32.0	0	5	EINGANG +
202620	Gewürz, Dill getrocknet	10.0	0.0	10.0	10.0	0	5	EINGANG +
202620	Petersilie, gehackt	9.0	0.0	9.0	9.0	0	4	EINGANG +
202620	Gewürz, Basilikum, getrocknet	6.0	0.0	6.0	6.0	0	5	EINGANG +
202620	Gewürz, gemahlener Koriander	0.0	0.59	-0.59	-0.59	0	1	AUSGANG -
202620	Gewürz, gemahlener Zimt	0.0	0.39	-0.39	-0.39	0	1	AUSGANG -
202620	Gewürz, gemahlene Muskatnuss	0.0	0.19	-0.19	-0.19	0	1	AUSGANG -
202620	Gewürze, gemahlene Nelken	0.0	0.19	-0.19	-0.19	0	1	AUSGANG -
202620	Gewürz, Fenchel gemahlen	0.0	0.1	-0.1	-0.1	0	1	AUSGANG -
202620	Gewürz, Rosmarin, Pulver	0.0	0.0	0.0	0.0	0	2	EINGANG +
202626	Gewürz, gemahlener Zimt	0.02	0.0	0.02	0.02	0	2	EINGANG +
